subject,relation,relation_category,object,article_number,confidence,concepts,created_at
법,지원함,ACTION,"신용카드업, 시설대여업, 할부금융업 및 신기술사업금융업",제1조,0.96,목적|신용카드업|시설대여업|할부금융업|신기술사업금융업,2026-04-16
목적,정의함,LOGICAL,신용카드업 등 사업의 건전하고 창의적인 발전을 지원하여 국민의 금융편의를 도모하고 국민경제의 발전에 이바지함,제1조,0.94,목적|신용카드업|시설대여업|할부금융업|신기술사업금융업,2026-04-16
정의,정의함,LOGICAL,여신전문금융업,제2조,0.99,여신전문금융업,2026-04-16
정의,정의함,LOGICAL,신용카드업,제2조,0.99,신용카드업,2026-04-16
정의,정의함,LOGICAL,신용카드업자,제2조,0.99,신용카드업자,2026-04-16
신용카드업 허가·등록자,정의함,LOGICAL,신용카드업의 허가를 받거나 등록을 한 자,제3조제1항,0.99,신용카드업|허가|등록,2026-04-16
요건에 해당하는 자,정의함,LOGICAL,제3조제3항 제1호,제3조제3항 제1호,0.96,요건|해당,2026-04-16
신용카드,정의함,LOGICAL,증표,제13조제1항제2호 및 제3호,0.98,발행|신용카드업자|증표,2026-04-16
제13조제1항제2호 및 제3호의 업무를 하는 자,간주함,LOGICAL,신용카드업자,제13조제1항제2호 및 제3호,0.95,업무|신용카드업자,2026-04-16
금융상품,정의함,LOGICAL,금융투자상품 등 대통령령으로 정하는 금융상품,제3조제1항,1.0,금융상품|금융투자상품|대통령령,2026-04-16
금융상품,참조함,STRUCTURE,게임산업진흥에 관한 법률,제3조제1항,0.95,금융상품|게임산업진흥에 관한 법률,2026-04-16
이용 대가,정의함,LOGICAL,금전의 지급,제2조제1호의2,0.93,이용 대가|금전,2026-04-16
이용 대가,요구함,ACTION,금전 지급,제2조제1호의2,0.88,이용 대가|금전,2026-04-16
신용카드회원,정의함,LOGICAL,신용카드업자와의 계약에 따라 신용카드를 발급받은 자,제2조,0.99,신용카드회원|신용카드업자|계약,2026-04-16
신용카드가맹점,정의함,LOGICAL,"신용카드업자와의 계약에 따라 신용카드회원·직불카드회원·선불카드소지자(이하 “신용카드회원등”)에게 신용카드·직불·선불카드 사용 거래에 의한 물품의 판매 또는 용역의 제공 등을 하는 자와, 그 거래를 대행하는 자(결제대행업체)",제2조,0.98,신용카드가맹점|신용카드회원등|거래대행|결제대행업체,2026-04-16
수납대행가맹점,정의함,LOGICAL,신용카드업자와 별도의 계약에 따라 다른 신용카드가맹점을 위하여 대통령령이 정하는 사항을 대행하는 신용카드가맹점,제2조,0.97,수납대행가맹점|대행|대통령령,2026-04-16
가맹점모집인,정의함,LOGICAL,"신용카드업자를 위하여 가맹점계약의 체결을 중개·대리하고, 부가통신업자를 위하여 신용카드 단말기를 설치하는 자",제2조,0.96,가맹점모집인|중개|단말기 설치|부가통신업자,2026-04-16
해외이주자 포함 외국 카지노 신용카드 결제,예외로함,LOGICAL,제2조에 따라 정의된 신용카드 관련 용어 적용에서 제외,제2조,0.95,해외이주자|카지노|신용카드 결제|예외,2026-04-16
신용카드포인트,정의함,LOGICAL,신용카드업자가 신용카드의 이용금액 등에 따라 신용카드회원에게 적립하여 재화를 구매하거나 서비스를 이용할 수 있도록 하는 경제상의 이익,제16조의3,0.99,신용카드포인트|경제상의 이익,2026-04-16
직불카드,정의함,LOGICAL,직불카드회원과 신용카드가맹점 간에 전자적 또는 자기적 방법으로 금융거래계좌에 이체하는 등의 방법으로 결제가 이루어질 수 있도록 신용카드업자가 발행한 증표(자금을 융통받을 수 있는 증표는 제외),제16조의3,0.99,직불카드|증표,2026-04-16
직불카드회원,정의함,LOGICAL,신용카드업자와의 계약에 따라 직불카드를 발급받은 자,제16조의3,0.99,직불카드회원|신용카드업자,2026-04-16
선불카드,정의함,LOGICAL,"신용카드업자가 대금을 미리 받고 이에 해당하는 금액을 전자적 또는 자기적 방법에 따라 기록한 증표로서, 선불카드소지자가 신용카드가맹점에 제시하여 그 카드에 기록된 금액 범위에서 결제할 수 있게 한 증표",제16조의3,0.99,선불카드|증표,2026-04-16
신용카드등부가통신업,정의함,LOGICAL,"신용카드업자 및 신용카드가맹점과의 계약에 따라 단말기 설치, 신용카드 등의 조회·승인 및 매출전표 매입·자금정산 등 신용카드 등의 대금결제를 승인·중계하기 위한 전기통신서비스 제공을 업으로 하는 것",제16조의3,0.99,신용카드등부가통신업|전기통신서비스,2026-04-16
부가통신업자,정의함,LOGICAL,신용카드등부가통신업에 대하여 전기통신서비스를 제공하는 자,제16조의3,0.99,부가통신업자|신용카드등부가통신업,2026-04-16
시설대여업,정의함,LOGICAL,시설대여를 업으로 하는 것,제27조의2,0.99,정의|시설대여업|업,2026-04-16
시설대여,정의함,LOGICAL,"대통령령으로 정하는 물건(특정물건)을 새로 취득하거나 대여받아 거래상대방에 대통령령으로 정하는 일정 기간 이상 사용하게 하고, 그 사용 기간 동안 일정한 대가를 정기적으로 나누어 지급받으며, 사용 기간이 끝난 후의 물건의 처분에 관하여는 당사자 간의 약정으로 정하는 방식의 금융",제27조의2,0.98,정의|시설대여|금융,2026-04-16
시설대여업자,정의함,LOGICAL,제27조의2에 따라 금융위원회에 등록을 한 자,제27조의2,0.97,정의|시설대여업자|등록,2026-04-16
시설대여업자,정의함,LOGICAL,시설대여업에 대하여,제27조의2,0.96,정의|시설대여업자|시설대여업,2026-04-16
시설대여업,참조함,STRUCTURE,제27조의2,제27조의2,0.95,참조|제27조의2,2026-04-16
시설대여,참조함,STRUCTURE,제27조의2,제27조의2,0.95,참조|제27조의2,2026-04-16
시설대여업자,참조함,STRUCTURE,제27조의2,제27조의2,0.95,참조|제27조의2,2026-04-16
제3조제2항에 따라 금융위원회에 등록한 자,정의함,LOGICAL,금융위원회에 등록한 자,제3조제2항,0.96,금융위원회|등록,2026-04-16
연불판매,정의함,LOGICAL,"특정물건을 새로 취득하여 거래상대방에게 넘겨주고, 그 물건의 대금·이자 등을 대통령으로 정하는 일정한 기간 이상 동안 정기적으로 나누어 지급받으며, 그 물건의 소유권 이전 시기와 그 밖의 조건에 관하여는 당사자 간의 약정으로 정하는 방식의 금융",제3조제2항,0.95,특정물건|대통령|금융,2026-04-16
할부금융업,정의함,LOGICAL,할부금융을 업으로 하는 것,제3조제2항,0.95,할부금융|업,2026-04-16
할부금융,정의함,LOGICAL,재화와 용역의 매매계약에 대하여 매도인 및 매수인과 각각 약정을 체결하여 매수인에게 융자한 재화와 용역의 구매자금을 매도인에게 지급하고 매수인으로부터 그 원리금을 나누어 상환받는 방식의 금융,제3조제2항,0.95,재화|용역|매매계약|융자|원리금|상환,2026-04-16
할부금융업자,정의함,LOGICAL,할부금융업에 대하여,제3조제2항,0.94,할부금융업,2026-04-16
신기술사업금융업,정의함,LOGICAL,금융위원회에 등록한 자,제3조제2항,0.98,제3조제2항에 따라|금융위원회 등록,2026-04-16
신기술사업금융업,참조함,STRUCTURE,제3조제2항,제3조제2항,0.95,제3조제2항,2026-04-16
신기술사업자,정의함,LOGICAL,각 호에 따른 업무를 종합적으로 업으로서 하는 것,제41조제1항,0.96,업|각 호에 따른 업무,2026-04-16
신기술사업자,참조함,STRUCTURE,기술보증기금법,제41조제1항,0.92,법령,2026-04-16
신기술사업,정의함,LOGICAL,기술 및 저작권·지적재산권 등과 관련된 연구·개발·개량·제품화 또는 이를 응용하여 사업화하는 사업,제2조제1호,0.96,신기술사업|연구·개발|지적재산권,2026-04-16
중소기업,참조함,STRUCTURE,제2조,제2조,0.96,중소기업|제2조,2026-04-16
중소기업,정의함,LOGICAL,제2조,제2조,0.9,중소기업|제2조,2026-04-16
중견기업,정의함,LOGICAL,제2조제1호,제2조제1호,0.96,정의,2026-04-16
중견기업,참조함,STRUCTURE,외국환거래법,제2조제1호,0.91,법령참조,2026-04-16
비거주자,정의함,LOGICAL,제3조제15호,제3조제15호,0.99,비거주자|제3조제15호,2026-04-16
비거주자,예외로함,LOGICAL,통계법에 해당하는 업종을 영위하는 자,제3조제15호,0.95,통계법|업종,2026-04-16
금융 및 보험업,정의함,LOGICAL,한국표준산업분류에 따른 금융 및 보험업(국가데이터처장이 고시함),제22조제1항,0.99,한국표준산업분류|국가데이터처장,2026-04-16
금융 및 보험업,예외로함,LOGICAL,대통령령으로 정하는 금융 및 보험관련 서비스업,제22조제1항,0.98,대통령령,2026-04-16
신기술사업금융업자,정의함,LOGICAL,신기술사업금융업,제22조제1항,0.96,신기술사업금융업|정의,2026-04-16
신기술사업금융업자,예외로함,LOGICAL,대통령령으로 정하는 업종 14의3,제22조제1항,0.85,예외|대통령령,2026-04-16
신기술사업금융전문회사,정의함,LOGICAL,신기술사업금융업자로서 신용카드업·시설대여업·할부금융업 및 그 밖에 대통령으로 정하는 금융업을 함께 하지 아니하는 자,제3조제2항,0.99,신기술사업금융전문회사|신기술사업금융업자|신용카드업|시설대여업|할부금융업|대통령,2026-04-16
신기술사업투자조합,정의함,LOGICAL,신기술사업자에게 투자하기 위하여 설립된 조합으로서 (가) 신기술사업금융업자가 신기술사업금융업자 외의 자와 공동으로 출자하여 설립한 조합 또는 (나) 신기술사업금융업자가 조합자금을 관리·운용하는 조합,제3조제2항,0.99,신기술사업투자조합|신기술사업자|조합|신기술사업금융업자|출자|조합자금|관리|운용,2026-04-16
여신전문금융회사,정의함,LOGICAL,여신전문금융업에 관하여 영위하는 회사,제3조제2항,0.95,여신전문금융회사|여신전문금융업,2026-04-16
자,정의함,LOGICAL,금융위원회의 허가를 받거나 금융위원회에 등록한 자,제3조제1항·제2항,0.99,금융위원회 허가|금융위원회 등록,2026-04-16
겸영여신업자,정의함,LOGICAL,제46조제1항 각 호에 따른 업무를 전업(專業)으로 하는 자,제46조제1항,0.96,정의|전업|업무,2026-04-16
겸영여신업자,정의함,LOGICAL,여신전문금융업에 대하여,제46조제1항,0.94,정의|여신전문금융업,2026-04-16
여신전문금융회사 아닌 자,정의함,LOGICAL,금융위원회의 허가를 받거나 금융위원회에 등록을 한 자,제3조제3항,0.99,허가|등록,2026-04-16
여신전문금융회사 아닌 자,참조함,STRUCTURE,제3조제3항 단서,제3조제3항,0.9,단서,2026-04-16
주주,정의함,LOGICAL,제2조제6호에 따른 주주,제2조,0.99,주주|제2조제6호,2026-04-16
신용공여,정의함,LOGICAL,"대출, 지급보증 또는 자금 지원적 성격의 유가증권의 매입, 그 밖에 금융거래상의 신용위험이 따르는 여신전문금융회사의 직접적ㆍ간접적 거래로서 대통령령으로 정하는 것",제2조,0.98,신용공여|대출|지급보증|자금 지원|유가증권 매입|금융거래|대통령령,2026-04-16
자기자본,정의함,LOGICAL,"납입자본금, 자본잉여금 및 이익잉여금 등의 합계액으로서 대통령령으로 정하는 것",제2조,0.98,자기자본|납입자본금|자본잉여금|이익잉여금|대통령령,2026-04-16
총자산,정의함,LOGICAL,유동자산 및 비유동자산 등의 합계액으로서 대통령령으로 정하는 것,제2조,0.98,총자산|유동자산|비유동자산|대통령령,2026-04-16
신용카드업을 하려는 자,요구함,ACTION,금융위원회의 허가,제3조,0.99,허가|신용카드업,2026-04-16
제3항제2호에 해당하는 자,허용함,ACTION,금융위원회에 등록,제3조,0.95,등록|제3항제2호,2026-04-16
시설대여업·할부금융업·신기술사업금융업을 하고 있거나 하려는 자,요구함,ACTION,금융위원회에 등록,제3조,0.96,등록|시설대여업|할부금융업|신기술사업금융업,2026-04-16
제1항이나 제2항에 따라 허가를 받거나 등록을 할 수 있는 자,간주함,LOGICAL,여신전문금융회사 또는 여신전문금융회사가 되려는 자,제3조,0.94,여신전문금융회사|허가|등록,2026-04-16
금융위원회,권한을가짐,ACTION,제1항에 따른 허가에 조건을 붙일 수 있음,제3조,0.93,조건부 허가|제1항,2026-04-16
허가ㆍ등록 신청,정의함,LOGICAL,신용카드업 허가·등록을 위한 신청 절차,제4조,0.92,허가|등록|신청,2026-04-16
신청자,제출함,ACTION,금융위원회,제3조제1항,0.99,허가신청서|등록신청서|제출,2026-04-16
제3조제1항,참조함,STRUCTURE,제3조제2항,제3조제1항,0.95,제3조제1항 또는 제2항에 따라,2026-04-16
허가신청서·등록신청서,정의함,LOGICAL,제출서류,제3조제1항,0.9,상호 및 주된 사무소의 소재지|자본금 및 출자자 성명·명칭·지분율|임원의 성명|경영하려는 여신전문금융업|여신전문금융회사가 되려는 자는 그 취지|겸영여신업자가 되려는 자는 경영하고 있는 사업의 내용,2026-04-16
여신전문금융회사(신용카드업을 하려는 경우로서 시설대여업·할부금융업 또는 신기술사업금융업을 함께 하지 아니하거나 그 중 하나의 업을 함께 하려는 경우),요구함,ACTION,자본금 200억원 이상,제5조,0.96,자본금|신용카드업|시설대여업|할부금융업|신기술사업금융업,2026-04-16
여신전문금융회사(신용카드업을 하려는 경우로서 시설대여업·할부금융업 또는 신기술사업금융업 중 둘 이상의 업을 함께 하려는 경우),요구함,ACTION,자본금 400억원 이상,제5조,0.95,자본금|신용카드업|시설대여업|할부금융업|신기술사업금융업,2026-04-16
여신전문금융회사(시설대여업·할부금융업 또는 신기술사업금융업 중 어느 하나 또는 둘 이상의 업을 하려는 경우로서 신용카드업을 하지 아니하는 경우),요구함,ACTION,자본금 200억원 이상,제5조,0.95,자본금|시설대여업|할부금융업|신기술사업금융업,2026-04-16
여신전문금융회사(신기술사업금융업을 하려는 경우로서 신기술사업금융전문회사가 되려는 경우),요구함,ACTION,자본금 100억원 이상,제5조,0.94,자본금|신기술사업금융업,2026-04-16
신용카드업을 하려는 경우,참조함,STRUCTURE,제3조제1항,제5조,0.92,신용카드업,2026-04-16
주식회사,요구함,ACTION,자본금과 자기 자본이 20억원 이상인 자,제3조제3항제2호,0.97,신용카드업 등록 자격|자본금 20억원 이상,2026-04-16
신용카드업 등록 자격,정의함,LOGICAL,주식회사로서 자본금과 자기 자본이 20억원 이상인 자,제3조제3항제2호,0.95,신용카드업 등록 자격|자본금 20억원 이상,2026-04-16
허가ㆍ등록 요건,정의함,LOGICAL,다음 각 호의 어느 하나에 해당하는 자,제6조,0.95,허가|등록|요건,2026-04-16
허가 및 등록 금지,금지함,ACTION,허가를 받다·등록하다,제3조,0.99,허가|등록,2026-04-16
제10조,정의함,LOGICAL,제10조,제10조,0.4,조항,2026-04-16
출자자 자격 제한,정의함,LOGICAL,제57조제2항ㆍ제3항에 따라 등록·허가가 말소(抹消)되거나 취소된 날부터 3년이 지나지 아니한 법인 및 그 말소·취소 당시 대통령령으로 정하는 출자자였던 자,제57조제2항ㆍ제3항,0.99,출자자 자격 제한|말소·취소|3년 제한,2026-04-16
출자자 자격 제한,정의함,LOGICAL,채무자 회생 및 파산에 관한 법률에 따른 회생절차 중에 있는 회사 및 그 회사의 대통령령으로 정하는 출자자,제57조제2항ㆍ제3항,0.99,회생절차|출자자,2026-04-16
출자자 자격 제한,정의함,LOGICAL,금융거래 등 상거래에서 약정한 날까지 채무(債務)를 변제(辨濟)하지 아니한 자로서 대통령령으로 정하는 자,제57조제2항ㆍ제3항,0.99,채무 변제|금융거래,2026-04-16
출자자 자격 제한,정의함,LOGICAL,허가신청일 및 등록신청일을 기준으로 최근 3년 동안 대통령령으로 정하는 금융관계법령을 위반하여 벌금형 이상의 처벌을 받은 사실이 있는 자,제57조제2항ㆍ제3항,0.99,금융관계법령|벌금형|3년,2026-04-16
출자자 자격 제한,정의함,LOGICAL,대통령령으로 정하는 재무건전성기준에 미치지 못하는 자(허가의 경우만 해당),제57조제2항ㆍ제3항,0.99,재무건전성기준,2026-04-16
출자자 자격 제한,정의함,LOGICAL,제1호부터 제5호까지의 어느 하나에 해당하는 자가 출자자인 법인으로서 대통령령으로 정하는 법인,제57조제2항ㆍ제3항,0.99,법인|출자자,2026-04-16
출자자 자격 제한,정의함,LOGICAL,"신기술사업금융업자와 투자자 간, 특정 투자자와 다른 투자자 간의 이해관계의 충돌을 방지하기 위한 체계를 갖추지 아니한 자",제57조제2항ㆍ제3항,0.99,이해관계 충돌 방지|신기술사업금융업자,2026-04-16
신기술사업금융업자,간주함,LOGICAL,제44조의2,제44조의2,0.96,공모신기술투자조합|신기술사업금융업자,2026-04-16
신용카드업의 허가를 받으려는 자,요구함,ACTION,요건,제3조제1항,0.99,요건|신용카드업 허가,2026-04-16
요건,정의함,LOGICAL,자본금을 보유할 것,제5조,0.96,자본금,2026-04-16
요건,정의함,LOGICAL,거래자를 보호하고 취급하려는 업무를 하기에 충분한 전문인력과 전산설비 등 물적 시설을 갖추고 있을 것,제5조,0.95,전문인력|전산설비|물적 시설,2026-04-16
요건,정의함,LOGICAL,사업계획이 타당하고 건전할 것,제5조,0.95,사업계획|타당성|건전성,2026-04-16
요건,정의함,LOGICAL,"대주주가 충분한 출자능력, 건전한 재무상태 및 사회적 신용을 갖추고 있을 것",제5조,0.94,대주주|출자능력|재무상태|사회적 신용,2026-04-16
요건,참조함,STRUCTURE,제2항,제5조,0.93,제2항,2026-04-16
요건,근거함,STRUCTURE,대통령령,제5조,0.92,대통령령,2026-04-16
허가요건,정의함,LOGICAL,제6조의2,제6조의2,0.92,허가요건|유지,2026-04-16
신용카드업,정의함,LOGICAL,허가를 받아 신용카드업을 하고 있는 자,제3조제1항,0.96,허가|신용카드업,2026-04-16
회사,요구함,ACTION,제6조제2항제2호에서 정한 요건을 계속 유지,제6조제2항제2호,0.96,요건 유지|신용카드업 허가,2026-04-16
대통령령으로 정하는 경우,예외로함,LOGICAL,회사에 대한 요건 유지 의무,제6조제2항제2호,0.88,경영건전성 확보|거래자 이익 보호|금융위원회 승인,2026-04-16
요건,정의함,LOGICAL,제6조제2항제2호,제6조제2항제2호,0.9,요건|정의,2026-04-16
요건,허용함,ACTION,유지하지 않음,제6조제2항제2호,0.95,요건|유지,2026-04-16
금융위원회,권한을가짐,ACTION,허가·등록,제7조,0.92,허가·등록|실시,2026-04-16
금융위원회,결정함,ACTION,허가 여부,제4조,0.98,허가신청서 제출일로부터 3개월 이내|허가 여부,2026-04-16
금융위원회,통보함,ACTION,신청인,제4조,0.97,허가 여부|3개월 이내,2026-04-16
등록신청서 제출자,제출함,ACTION,등록신청서,제4조,0.96,제출,2026-04-16
등록신청서 제출자,참조함,STRUCTURE,제4조,제4조,0.92,제4조에 따른,2026-04-16
본 조항,참조함,STRUCTURE,제5조,Unknown,0.85,참조,2026-04-16
등록,요구함,ACTION,신청인에게 통보,제6조,0.96,지체 없이|신청인,2026-04-16
보완 요청,허용함,ACTION,보완,제4조,0.96,보완 요청|제4조,2026-04-16
보완 요청,참조함,STRUCTURE,제1항,제4조,0.92,제1항|제4조,2026-04-16
예비허가,정의함,LOGICAL,제8조,제8조,0.95,예비허가,2026-04-16
예비허가,신청가능함,ACTION,금융위원회,제3조제1항,0.94,예비허가|신청,2026-04-16
금융위원회,확인요구함,ACTION,본허가 요건 충족 여부,제3조제1항,0.96,본허가 요건|예비허가,2026-04-16
금융위원회,조건부여가능함,ACTION,예비허가,제3조제1항,0.95,조건|예비허가,2026-04-16
금융위원회,확인요구함,ACTION,예비허가 조건 이행 여부 및 본허가 요건 충족 여부,제3조제1항,0.95,예비허가 조건|본허가 요건,2026-04-16
제4조,참조함,STRUCTURE,제4조,제4조,0.3,,2026-04-16
준용,준용함,STRUCTURE,제6조제1항ㆍ제2항ㆍ제6항,,0.99,준용,2026-04-16
삭제,예외로함,LOGICAL,제9조,제9조,0.99,삭제,2026-04-16
등록 말소,정의함,LOGICAL,신청에 의한 등록 말소,제10조,0.92,신청|등록 말소,2026-04-16
금융위원회,권한을가짐,ACTION,등록 말소,제3조,0.96,등록 말소|금융위원회,2026-04-16
등록을 한 자,허용함,ACTION,등록 말소 신청,제3조,0.93,등록 말소 신청|등록을 한 자,2026-04-16
금융위원회,요구함,ACTION,관보 및 인터넷 홈페이지 등을 통해 내용 공고,제11조,0.99,공고|관보|인터넷 홈페이지,2026-04-16
허가·등록,참조함,STRUCTURE,제3조제1항,제3조제2항,0.96,허가|등록,2026-04-16
허가·등록,참조함,STRUCTURE,제3조제2항,제3조제2항,0.96,허가|등록,2026-04-16
등록 말소,참조함,STRUCTURE,제10조제2항,제10조제2항,0.95,등록|말소,2026-04-16
업무정지,정의함,LOGICAL,업무정지를 명하거나 허가·등록을 취소하는 행위,제57조제1항~제3항,0.95,업무정지|허가·등록 취소,2026-04-16
업무정지,참조함,STRUCTURE,제57조제1항~제3항,제57조제1항~제3항,0.9,제57조,2026-04-16
신용카드업,정의함,LOGICAL,신용카드업자가 하는 신용카드업,제12조,0.96,적용 범위|신용카드업,2026-04-16
제13조,적용함,ACTION,부대업무,제13조,0.95,부대업무|적용,2026-04-16
신용카드업자,허용함,ACTION,부대업무를 할 수 있다,제13조,0.99,부대업무|대통령령 기준,2026-04-16
부대업무,정의함,LOGICAL,신용카드회원에 대한 자금의 융통,제13조,0.98,자금 융통,2026-04-16
부대업무,정의함,LOGICAL,직불카드의 발행 및 대금의 결제,제13조,0.98,직불카드 발행|결제,2026-04-16
부대업무,정의함,LOGICAL,선불카드의 발행ㆍ판매 및 대금의 결제,제13조,0.98,선불카드 발행|판매|결제,2026-04-16
신용카드업자,허용함,ACTION,제3자가 대행하도록 할 수 있다,제13조,0.97,대행|제3자,2026-04-16
부대업무,준용함,STRUCTURE,대통령령으로 정하는 기준,제13조,0.95,대통령령 기준,2026-04-16
신용카드업자,요구함,ACTION,발급신청을 받아야 함,제14조,0.98,신용카드·직불카드 발급|발급신청,2026-04-16
신용카드업자,예외로함,LOGICAL,이미 발급한 신용카드·직불카드를 갱신·대체 발급할 경우 대통령령이 정하는 바에 따라 회원의 동의를 받은 경우,제14조,0.95,갱신|대체 발급|동의|대통령령,2026-04-16
신용카드업자,요구함,ACTION,발급신청이 요건을 충족하는지 확인함,제14조,0.96,신용카드 한도액|소득·재산|타인에 대한 지급보증|신용카드 이용대금 결제능력|신용공여액|대통령령,2026-04-16
신용카드업자,허용함,ACTION,요건을 갖춘 자에게 신용카드를 발급함,제14조,0.94,연령|대통령령이 정하는 요건,2026-04-16
신용카드업자,금지함,ACTION,방문판매 등으로 신용카드·직불카드 회원을 모집함,제14조,0.97,방문판매 등에 관한 법률,2026-04-16
신용카드·직불카드 발급,정의함,LOGICAL,신용카드업자가 발급신청을 받아야만 발급할 수 있는 행위,제14조,0.93,,2026-04-16
신용카드업자,제공함,ACTION,신청자,제2조제5호,0.99,신용카드업자 정보 제공|대통령령으로 정하는 사항|신용카드·직불카드 약관,2026-04-16
신용카드업자,참조함,STRUCTURE,대통령령,제2조제5호,0.95,대통령령으로 정하는 모집 방법|대통령령으로 정하는 제공 방법,2026-04-16
전자문서,정의함,LOGICAL,제2조제1호에 따른 전자문서,제2조제1호,0.99,전자문서|제2조제1호,2026-04-16
전자문서,참조함,STRUCTURE,제2조제1호,제2조제1호,0.95,전자문서|제2조제1호,2026-04-16
신용카드회원을 모집할 수 있는 자,정의함,LOGICAL,해당 신용카드업자의 임직원,제14조의2,1.0,신용카드회원 모집|신용카드업자,2026-04-16
신용카드회원을 모집할 수 있는 자,정의함,LOGICAL,신용카드업자를 위하여 신용카드 발급계약의 체결을 중개하는 자(모집인),제14조의2,1.0,신용카드회원 모집|모집인,2026-04-16
신용카드회원을 모집할 수 있는 자,정의함,LOGICAL,신용카드업자와 신용카드회원의 모집에 관하여 업무 제휴 계약을 체결한 자 및 그 임직원(신용카드회원의 모집을 주된 업으로 하는 자는 제외),제14조의2,1.0,신용카드회원 모집|업무 제휴 계약,2026-04-16
신용카드회원을 모집하는 자가 모집할 때 지켜야 할 사항과 모집방법에 관하여 필요한 사항,근거함,STRUCTURE,대통령령,제14조의2,1.0,신용카드회원 모집|대통령령,2026-04-16
신용카드회원을 모집할 수 있는 자,허용함,ACTION,신용카드회원 모집,제14조의2,1.0,신용카드회원 모집,2026-04-16
신용카드업자,요구함,ACTION,모집인 등록,제14조의3,0.99,모집인 등록|의무,2026-04-16
피성년후견인 또는 피한정후견인,예외로함,LOGICAL,모집인,제14조의3,0.95,예외|모집인 자격,2026-04-16
파산선고를 받고 복권(復權)되지 아니한 자,예외로함,LOGICAL,모집인,제14조의3,0.95,예외|모집인 자격,2026-04-16
이 법 또는 「금융소비자 보호에 관한 법률」에 따라 벌금 이상의 실형을 선고받고 그 집행이 끝나거나 집행이 면제된 날부터 2년이 지나지 아니한 자,예외로함,LOGICAL,모집인,제14조의3,0.94,예외|모집인 자격,2026-04-16
그 외의 자,가능함,ACTION,모집인 등록,제14조의3,0.9,등록 가능|모집인,2026-04-16
모집인,금지함,ACTION,등록 취소 후 2년이 경과하지 않은 기간 동안 영업,제14조의4,0.94,등록 취소 후 2년 제한|PROHIBITIVE,2026-04-16
모집인 등록 취소,예외로함,LOGICAL,제14조의4 제1호 또는 제2호에 해당하는 경우,제14조의4,0.9,예외|제1호|제2호,2026-04-16
여신전문금융업협회,권한을가짐,ACTION,여신전문금융업협회의 장,제62조제1항,1.0,위탁,2026-04-16
여신전문금융업협회,허용함,ACTION,모집인운영협의회,제62조제1항,1.0,설치|운영협의회,2026-04-16
금융위원회,권한을가짐,ACTION,모집인에 대한 업무 정지 및 등록 취소,제14조의4,0.96,정지 명령|등록 취소|모집인,2026-04-16
모집인,간주함,LOGICAL,이 법에 따른 명령이나 처분을 위반한 경우,제14조의4,0.85,위반|명령|처분,2026-04-16
제51조제1항제3호부터 제5호,준용함,STRUCTURE,금융소비자 보호에 관한 법률,제51조제1항제3호부터 제5호,0.96,해당하는 경우|법 적용,2026-04-16
금융위원회,요구함,ACTION,등록,제51조제2항,0.99,취소,2026-04-16
각 호의 어느 하나에 해당하게 된 경우,정의함,LOGICAL,등록 당시,제14조의3제2항,0.92,각 호|등록 당시,2026-04-16
자,금지함,ACTION,거짓이나 그 밖의 부정한 방법 사용,제14조의3제2항,1.0,거짓|부정한 방법,2026-04-16
등록,참조함,STRUCTURE,제14조의3제2항,제14조의3제1항,0.92,등록|제14조의3제2항,2026-04-16
정당한 사유,예외로함,LOGICAL,제14조의5제2항제4호 또는 제5호 위반,제14조의5제2항,0.95,정당한 사유|위반,2026-04-16
금융위원회,기회를 주다,ACTION,모집인,제14조의5제4항,1.0,조사 거부 시 의견제출 기회 제공|의견제출,2026-04-16
금융위원회,알려야 함,ACTION,모집인,제14조의5제4항,1.0,이유를 적은 문서|업무 정지·등록 취소 사유 통보,2026-04-16
신용카드업자,요구함,ACTION,모집질서 유지,제14조의5,0.85,모집질서 유지|신용카드업자,2026-04-16
모집인,금지함,ACTION,신용카드 회원을 모집하게 함,제14조의2제1항,0.99,신용카드 회원 모집|대가 지급 금지,2026-04-16
모집인,금지함,ACTION,신용카드 회원 모집에 관한 수수료·보수·그 밖의 대가 지급,제14조의2제1항,0.99,수수료·보수 지급 금지,2026-04-16
모집인,금지함,ACTION,자신이 소속된 신용카드업자 외의 자를 위하여 신용카드 회원을 모집하는 행위,제14조의2제1항,0.99,타업자 모집 금지,2026-04-16
정보,정의함,LOGICAL,제34조에 따른 정보,제34조,0.96,정의|제34조에 따른 정보,2026-04-16
정보,정의함,LOGICAL,신용정보,제34조,0.92,정의|신용정보,2026-04-16
개인정보 이용 제한,금지함,ACTION,업무 목적 외의 목적으로 개인정보를 누설하거나 이용하는 행위,제2조제1호,0.96,개인정보|업무 목적 외|누설|이용,2026-04-16
행위,정의함,LOGICAL,각 호,제14조제4항,0.7,행위|각 호,2026-04-16
신용카드회원 모집행위,금지함,ACTION,신용카드회원 모집행위와 관련된 행위,제24조의2,0.96,신용카드회원 모집행위|금지,2026-04-16
금융위원회,조사함,ACTION,신용카드회원을 모집하는 자,제24조의2,0.94,조사|필요성,2026-04-16
신용카드업자,신고하도록 요구함,ACTION,모집인의 행위가 법 등에 위반된 사실,제24조의2,0.93,신고|위반,2026-04-16
신용카드업자,교육하도록 요구함,ACTION,모집인에게 신용카드회원 모집 시 지켜야 하는 사항,제24조의2,0.93,교육|지침,2026-04-16
금융위원회,고시함,ACTION,제6항에 따른 교육 내용 및 방법에 관한 필요한 사항,제24조의2,0.92,고시|교육 내용,2026-04-16
신용카드,금지함,ACTION,양도,제15조,0.99,양도 금지|신용카드,2026-04-16
신용카드,금지함,ACTION,양수,제15조,0.99,양도 금지|신용카드,2026-04-16
신용카드,금지함,ACTION,질권 설정,제15조,0.99,양도 금지|신용카드,2026-04-16
신용카드업자,요구함,ACTION,통지를 받은 때부터 카드 사용에 대한 책임을 진다,제16조,0.96,책임|통지|카드 사용,2026-04-16
신용카드업자,요구함,ACTION,통지 전 사용에 대해 대통령령이 정하는 기간 범위 내에서 책임을 진다,제16조,0.94,대통령령|기간|책임,2026-04-16
신용카드업자,허용함,ACTION,회원에게 책임을 전가하는 계약을 체결할 수 있다,제16조,0.92,계약|책임 전가|고의·과실,2026-04-16
신용카드업자,금지함,ACTION,회원이 고의·과실이 없을 경우 책임을 전가할 수 없다,제16조,0.93,고의|과실|책임 전가 금지,2026-04-16
신용카드업자,요구함,ACTION,"통지인에게 접수자, 접수번호 및 기타 확인 사항을 알려야 한다",제16조,0.95,통지|접수자|알림,2026-04-16
신용카드업자,요구함,ACTION,"위조·변조된 카드, 해킹·전산장애·내부자유출 정보 이용, 타인 명의 도용 등에 대한 사용 책임을 진다",제16조,0.94,위조|변조|해킹|전산장애|내부자유출|명의 도용|책임,2026-04-16
신용카드업자,허용함,ACTION,회원의 고의·중대한 과실을 증명하면 책임의 전부 또는 일부를 회원에게 전가할 수 있다,제16조,0.92,고의|중대한 과실|증명|책임 전가,2026-04-16
신용카드업자,요구함,ACTION,계약은 서면 또는 전자문서로만 효력이 있다,제16조,0.93,서면|전자문서|계약 효력,2026-04-16
책임,정의함,LOGICAL,신용카드 사용에 따른 법적 의무,제16조,0.9,책임|신용카드 사용,2026-04-16
책임 이행,요구함,ACTION,보험·공제 가입·준비금 적립 등 필요한 조치,제17조,0.96,보험|공제|준비금 적립,2026-04-16
신용카드회원등의 고의 또는 중대한 과실의 범위,정의함,LOGICAL,대통령령,제17조,0.92,고의|중대한 과실|범위,2026-04-16
신용카드업자,금지함,ACTION,신용카드회원으로부터 이용금액 수령,제17조,0.95,이용금액|이의 제기,2026-04-16
제17조,참조함,STRUCTURE,"제5항제3호, 제6항, 제7항",제17조,0.88,,2026-04-16
신용카드가맹점 모집자,요구함,ACTION,해당 신용카드업자의 임직원,제16조의2,0.99,가맹점 모집 자격|임직원,2026-04-16
신용카드가맹점 모집자,요구함,ACTION,가맹점모집인,제16조의2,0.99,가맹점 모집 자격|가맹점모집인,2026-04-16
신용카드가맹점 모집자,요구함,ACTION,대통령령으로 정하는 모집 시 지켜야 할 사항 및 모집방법,제16조의2,0.98,모집 시 지켜야 할 사항|모집방법|대통령령,2026-04-16
금융위원회,허용함,ACTION,대통령령으로 정하는 바에 따라 신용카드가맹점 모집자에 대한 조사,제16조의2,0.97,조사|대통령령,2026-04-16
제16조의2,참조함,STRUCTURE,제16조,제16조의2,0.95,구조,2026-04-16
부가통신업자,요구함,ACTION,가맹점모집인(금융위원회에 등록),제16조의3,0.96,가맹점모집인 등록|금융위원회,2026-04-16
제1호~제6호에 해당하는 자,금지함,ACTION,가맹점모집인,제16조의3,0.94,피한정후견인|피성년후견인|파산선고|실형|등록취소|미성년자|법인,2026-04-16
가맹점모집인의 등록요건 및 영업기준 등에 필요한 사항,준용함,STRUCTURE,대통령령,제16조의3,0.93,등록요건|영업기준,2026-04-16
금융위원회,위임함,STRUCTURE,여신전문금융업협회장,제16조의3,0.95,가맹점모집인 등록 업무,2026-04-16
제16조의3,상위조항,STRUCTURE,제16조,제16조의3,0.95,조문구조,2026-04-16
본 조항,참조함,STRUCTURE,제16조의5,제16조의5,0.92,이동|참조,2026-04-16
금융위원회,허용함,ACTION,가맹점모집인,제16조의4,0.99,등록 취소|가맹점모집인|금융위원회,2026-04-16
금융위원회,요구함,ACTION,가맹점모집인,제16조의4,0.99,등록 취소|가맹점모집인|금융위원회,2026-04-16
조사 거부,금지함,ACTION,조사,제16조의2제3항,0.96,조사 거부|조사|금지,2026-04-16
등록,참조함,STRUCTURE,제16조의3제1항,제16조의3제1항,0.95,등록|제16조의3제1항,2026-04-16
등록 당시,참조함,STRUCTURE,제16조의3제2항,제16조의3제2항,0.9,등록 당시,2026-04-16
제16조의3제2항에 해당하는 자,참조함,STRUCTURE,등록취소의 절차,제16조의3제2항,0.95,등록취소|절차,2026-04-16
제14조의4,준용함,STRUCTURE,제14조의4제3항 및 제4항,제14조의4,1.0,준용,2026-04-16
신용카드업자,요구함,ACTION,연회비 반환,제16조의5,0.98,연회비 반환|계약 해지,2026-04-16
연회비 반환에 관한 사항,위임함,STRUCTURE,대통령령,제16조의5,0.95,연회비 반환사유|반환금액|필요한 사항,2026-04-16
제16조의3,참조함,STRUCTURE,2015. 1. 20.,제16조의3,0.95,이동|개정일,2026-04-16
신용카드업자,금지함,ACTION,신용카드가맹점이 손실을 부담하도록 함,제17조,0.99,가맹점에 대한 책임|손실|거래,2026-04-16
신용카드업자,허용함,ACTION,손실의 전부 또는 일부를 신용카드가맹점이 부담하도록 함,제17조,0.98,고의 또는 중대한 과실|예외,2026-04-16
제1항 각 호 외의 부분 단서에 따른 계약,요구함,ACTION,서면 또는 전자문서에 의한 체결,제17조,0.95,계약 효력|서면|전자문서,2026-04-16
신용카드업자,요구함,ACTION,신용카드회원 및 신용카드가맹점에게 거래조건(이자율·할인율·연체료율·가맹점수수료율·결제방법)을 알려야 함,제18조,0.99,거래조건의 주지의무|알리다|신용카드업자|신용카드회원|신용카드가맹점,2026-04-16
거래조건의 주지의무,정의함,LOGICAL,신용카드업자가 신용카드회원 및 신용카드가맹점에 거래조건을 알리는 의무,제18조,0.98,거래조건의 주지의무|정의|알리다,2026-04-16
신용카드회원등,요구함,ACTION,책임,제16조제4항,0.96,책임,2026-04-16
제16조제4항,참조함,STRUCTURE,제16조,제16조제4항,0.92,제16조에 따른,2026-04-16
제17조,정의함,LOGICAL,가맹점에 대한 책임,제17조,0.95,가맹점에 대한 책임,2026-04-16
신용카드업자,요구함,ACTION,가맹점에 대한 책임,제17조,0.9,가맹점에 대한 책임,2026-04-16
금융위원회,요구함,ACTION,신용카드업자에게 필요한 자료의 제출,제18조의2,1.0,거래조건|필요한 자료,2026-04-16
금융위원회,요청함,ACTION,국가기관·지방자치단체에 필요한 자료의 제공,제18조의2,1.0,가맹점 매출규모 조사|업무상 필요,2026-04-16
국가기관·지방자치단체,거부함 금지,ACTION,자료 제공 요청에 대한 거부,제18조의2,1.0,정당한 사유 없이,2026-04-16
신용카드가맹점,설립함 허용,ACTION,가맹점 단체,제18조의2,1.0,연간 매출규모|거래조건,2026-04-16
신용카드업자,요구함,ACTION,가맹점수수료율을 공정하고 합리적으로 정함,제18조의3,0.96,공정하고 합리적인 가맹점수수료율,2026-04-16
신용카드업자,금지함,ACTION,부당하게 가맹점수수료율을 차별함,제18조의3,0.97,가맹점수수료율 차별금지,2026-04-16
금융위원회,요구함,ACTION,신용카드업자가 가맹점수수료율을 정함에 있어서 준수해야 할 사항을 정함,제18조의3,0.92,가맹점수수료율 준수사항,2026-04-16
신용카드업자,요구함,ACTION,대통령령이 정하는 규모 이하의 영세한 중소신용카드가맹점에 우대수수료율을 적용함,제18조의3,0.91,우대수수료율 적용,2026-04-16
대형신용카드가맹점,금지함,ACTION,신용카드업자에게 부당하게 낮은 가맹점수수료율을 정할 것을 요구하는 행위,제18조의3,0.94,가맹점수수료율 요구 금지,2026-04-16
대형신용카드가맹점,금지함,ACTION,부당하게 보상금·사례금 등을 요구하거나 받는 행위,제18조의3,0.94,보상금·사례금 요구·수령 금지,2026-04-16
금융위원회,요구함,ACTION,신용카드업자와 신용카드가맹점,제18조의4,0.93,가맹점수수료율 조정요구,2026-04-16
조정 요구,요구함,ACTION,조정,제18조의3,0.94,조정 요구|조정,2026-04-16
조정 요구,허용함,ACTION,관계 기관 통보 등 필요한 조치,제18조의3,0.92,조정 요구|관계 기관 통보|필요한 조치,2026-04-16
조정 요구,참조함,STRUCTURE,제18조의3제1항ㆍ제3항 또는 제4항,제18조의3,0.96,조정 요구|위반,2026-04-16
신용카드가맹점,금지함,ACTION,신용카드 결제를 거절함,제19조,0.98,가맹점|결제 거절 금지,2026-04-16
신용카드가맹점,금지함,ACTION,신용카드 회원을 불리하게 대우함,제19조,0.98,가맹점|불리한 대우 금지,2026-04-16
신용카드가맹점,요구함,ACTION,신용카드 사용 여부 확인,제19조,0.97,가맹점|사용 여부 확인,2026-04-16
신용카드가맹점,요구함,ACTION,금융위원회에 등록된 신용카드 단말기 설치·이용,제19조,0.97,가맹점|단말기 설치,2026-04-16
신용카드가맹점,금지함,ACTION,가맹점수수료를 신용카드회원이 부담하게 함,제19조,0.96,가맹점|수수료 부담 금지,2026-04-16
신용카드가맹점,금지함,ACTION,각 호에 해당하는 행위,제19조,0.95,가맹점|행위 금지,2026-04-16
결제대행업체,예외로함,LOGICAL,제1호·제4호·제5호 적용 안 함,제19조,0.94,결제대행업체|예외,2026-04-16
수납대행가맹점,예외로함,LOGICAL,제3호·제5호 적용 안 함,제19조,0.94,수납대행가맹점|예외,2026-04-16
신용카드 거래 대행 행위,정의함,LOGICAL,물품의 판매 또는 용역의 제공 등이 없이 신용카드로 거래한 것처럼 꾸미는 행위,제2조제5호의2,0.98,신용카드 거래 대행 행위|부정거래,2026-04-16
신용카드 거래 대행 행위,정의함,LOGICAL,신용카드로 실제 매출금액 이상의 거래를 하는 행위,제2조제5호의2,0.98,신용카드 거래 대행 행위|과다청구,2026-04-16
신용카드 거래 대행 행위,정의함,LOGICAL,다른 신용카드가맹점의 명의를 사용하여 신용카드로 거래하는 행위,제2조제5호의2,0.98,신용카드 거래 대행 행위|명의도용,2026-04-16
신용카드 거래 대행 행위,정의함,LOGICAL,신용카드가맹점의 명의를 타인에게 빌려주는 행위,제2조제5호의2,0.98,신용카드 거래 대행 행위|명의대여,2026-04-16
신용카드 거래 대행 행위,정의함,LOGICAL,신용카드에 의한 거래를 대행하는 행위,제2조제5호의2,0.98,신용카드 거래 대행 행위|대행,2026-04-16
대형신용카드가맹점 및 대통령령으로 정하는 특수한 관계에 있는 자,금지함,ACTION,신용카드부가통신서비스 이용을 이유로 부가통신업자에게 부당하게 보상금 등을 요구하거나 받는 행위,제2조제5호의2,0.95,특수관계인|부당보상금 요구 금지,2026-04-16
결제대행업체,요구함,ACTION,물품의 판매 또는 용역의 제공 등을 하는 자의 신용정보 및 신용카드 등에 따른 거래를 대행한 내용을 신용카드업자에게 제공할 것,제2조제5호의2,0.94,결제대행업체|정보제공 의무,2026-04-16
결제대행업체,요구함,ACTION,물품의 판매 또는 용역의 제공 등을 하는 자의 상호 및 주소를 신용카드회원 등이 알 수 있도록 할 것,제2조제5호의2,0.94,결제대행업체|투명성 의무,2026-04-16
결제대행업체,요구함,ACTION,신용카드회원 등이 거래 취소 또는 환불 등을 요구하는 경우 이에 따를 것,제2조제5호의2,0.94,결제대행업체|소비자 보호,2026-04-16
결제대행업체,요구함,ACTION,그 밖에 신용카드회원 등의 신용정보보호 및 건전한 신용카드거래를 위하여 대통령령으로 정하는 사항을 이행할 것,제2조제5호의2,0.94,결제대행업체|신용정보보호,2026-04-16
수납대행가맹점,준수함,ACTION,각 호의 사항,제19조의2,1.0,수납대행가맹점|각 호의 사항,2026-04-16
신용카드가맹점,금지함,ACTION,신용카드업자등 외의 자에게 매출채권을 양도,제20조,0.99,매출채권 양도 금지,2026-04-16
신용카드업자등 외의 자,금지함,ACTION,신용카드가맹점이 양도하는 매출채권을 양수,제20조,0.99,매출채권 양도 금지,2026-04-16
신용카드업자등 외의 자,정의함,LOGICAL,신용카드업자와 은행 외의 자,제20조,0.96,정의,2026-04-16
신용카드가맹점,허용함,ACTION,신용카드에 따른 거래로 생긴 채권을 신용카드업자등 외의 자에게 양도,제2조제1호,0.96,신용카드채권 양도·양수,2026-04-16
신용카드업자등 외의 자,허용함,ACTION,채권을 양수,제2조제1호,0.95,신용카드채권 양도·양수,2026-04-16
신용카드가맹점이 아닌 자,금지함,ACTION,신용카드가맹점의 명의로 신용카드등에 의한 거래를 함,제2조제1호,0.94,신용카드채권 양도·양수,2026-04-16
신용카드업자,요구함,ACTION,신용카드가맹점,제21조,0.94,해지의무,2026-04-16
제19조,정의함,LOGICAL,제19조,제19조,0.4,,2026-04-16
가맹점계약 해지,요구함,ACTION,특별한 사유가 없을 경우 지체 없이 해지,제20조제1항,0.96,가맹점계약|해지|특별한 사유,2026-04-16
삭제,예외로함,LOGICAL,제22조,제22조,0.95,삭제,2026-04-16
가맹점 모집·이용방식 제한,정의함,LOGICAL,제23조,제23조,0.9,가맹점 모집·이용방식 제한,2026-04-16
금융위원회,권한을가짐,ACTION,신용카드 가맹점,제3조제1항,0.96,신용카드 가맹점 공동 이용|명령,2026-04-16
금융위원회,허용함,ACTION,신용카드업자에 대한 이용한도 제한,제24조,0.99,이용한도 제한,2026-04-16
신용카드업자,요구함,ACTION,신용한도 산정 기준,제14조제2항제2호,0.96,지키다|신용한도 산정 기준,2026-04-16
신용한도 산정 기준,정의함,LOGICAL,신용카드업자가 정하는 신용한도 산정 기준에 관한 사항,제14조제2항제2호,0.92,정의함|신용한도 산정 기준,2026-04-16
제14조제2항제2호,참조함,STRUCTURE,신용한도 산정 기준,제14조제2항제2호,0.88,전문개정|신용한도 산정 기준,2026-04-16
금지행위,정의함,LOGICAL,다음 각 호의 행위,제24조의2,0.96,금지행위|행위 정의,2026-04-16
신용카드업자,금지함,ACTION,다음 각 호의 행위,제24조의2,0.95,소비자 보호|건전한 영업질서,2026-04-16
부가통신업자,금지함,ACTION,대형신용카드가맹점 및 특수관계인에게 부당하게 보상금 등을 제공하는 행위,제24조의2,0.93,보상금 제공|부당 행위,2026-04-16
금지행위,근거함,STRUCTURE,대통령령,제24조의2,0.9,세부 유형|기준,2026-04-16
금융위원회,허용함,ACTION,신용카드업자에 대한 공탁 명령,제25조,0.95,공탁|명령|허용,2026-04-16
신용카드업자,요구함,ACTION,공탁을 본점 또는 주된 사무소의 소재지에서 함,제25조,0.9,공탁|장소|의무,2026-04-16
신용카드업자,요구함,ACTION,공탁 이행 사실을 금융위원회에 신고,제25조,0.9,신고|공탁|의무,2026-04-16
신용카드업자,허용함,ACTION,공탁물 반환을 금융위원회의 승인 후 받을 수 있음,제25조,0.9,공탁물 반환|승인|허용,2026-04-16
총리령,정함,ACTION,공탁물의 종류·시기·필요사항,제25조,0.85,공탁물|정함|총리령,2026-04-16
공탁물 배당,정의함,LOGICAL,제26조,제26조,0.92,공탁물 배당,2026-04-16
신용카드업자,요구함,ACTION,권리실행자 지정 및 공고,제25조,0.99,권리실행자 지정|공고,2026-04-16
권리실행자,정의함,LOGICAL,대통령령으로 정하는 자,제25조,0.98,권리실행자|대통령령,2026-04-16
미상환채권자,허용함,ACTION,권리실행자에게 배당받음,제25조,0.97,배당|신고,2026-04-16
권리실행자,요구함,ACTION,총리령에 따라 공고,제25조,0.96,총리령|공고,2026-04-16
권리실행자,허용함,ACTION,금융위원회 승인 후 공탁물 출급,제25조,0.96,금융위원회 승인|공탁물 출급,2026-04-16
권리실행자,요구함,ACTION,금융위원회가 정하는 방법·절차에 따라 미상환채권자에게 배당,제25조,0.95,금융위원회 방법|배당|미상환채권자,2026-04-16
제25조 제4항,참조함,STRUCTURE,제25조 제3항,제25조,0.94,제3항|제4항,2026-04-16
신용카드업자,금지함,ACTION,공탁물 반환받다,제25조,0.99,공탁물 반환|배당절차,2026-04-16
신용카드업자,참조함,STRUCTURE,제1항부터 제6항까지의 규정에 따른 배당절차,제25조,0.95,배당절차,2026-04-16
신용카드업자가 아닌 자,사용을 금지함,ACTION,신용카드 명칭 및 이와 비슷한 명칭,제27조,0.99,유사명칭|사용금지,2026-04-16
신용카드등부통신업을 하려는 자,요구함,ACTION,금융위원회에 등록,제27조의2,0.97,등록|금융위원회|시설·장비|기술능력,2026-04-16
신용카드등부통신업을 하려는 자,요구함,ACTION,시설·장비 및 기술능력을 갖출 것,제27조의2,0.94,시설·장비|기술능력|대통령령,2026-04-16
신용카드등부통신업의 등록을 할 수 있는 자,정의함,LOGICAL,자본금이 20억원 이상인 법인,제27조의2,0.96,자본금|법인|20억원,2026-04-16
신용카드등부통신업의 등록을 할 수 있는 자,예외로함,LOGICAL,자본금이 10억원 이상인 법인(소규모 가맹점 대상),제27조의2,0.93,자본금|법인|10억원|소규모 가맹점|대통령령,2026-04-16
제5항에 따라 등록이 말소된 자,금지함,ACTION,제1항에 따른 등록,제27조의2,0.92,등록 말소|제5항|제1항,2026-04-16
등록 제한,정의함,LOGICAL,제1호부터 제5호까지에 해당하는 법인 및 출자자,제27조의3,0.96,등록 제한|제1호|제5호|법인|출자자,2026-04-16
등록 제한,예외로함,LOGICAL,제1호에 해당하는 등록이 취소된 날부터 3년이 지나지 않은 법인 및 그 출자자,제27조의3,0.92,제1호|법인|출자자|3년|등록 취소,2026-04-16
등록 제한,예외로함,LOGICAL,제2호에 해당하는 회생절차 중인 회사 및 대통령령이 정하는 출자자,제27조의3,0.91,제2호|회생절차|회사|출자자,2026-04-16
등록 제한,예외로함,LOGICAL,제3호에 해당하는 채무를 변제하지 않은 자(대통령령이 정하는 자),제27조의3,0.9,제3호|채무불이행|대통령령,2026-04-16
등록 제한,예외로함,LOGICAL,제4호에 해당하는 최근 3년 동안 금융관계법령 위반으로 벌금형 이상 처벌받은 자,제27조의3,0.9,제4호|벌금형|금융관계법령|3년,2026-04-16
등록 제한,예외로함,LOGICAL,제5호에 해당하는 출자자인 법인(대통령령이 정하는 법인),제27조의3,0.89,제5호|출자자|법인|대통령령,2026-04-16
제1항에 따라 등록한 자,요구함,ACTION,변경등록,제27조의3,0.93,변경등록|제1항,2026-04-16
제1항에 따라 등록한 자,허용함,ACTION,등록 말소 신청,제27조의3,0.92,등록 말소|제1항,2026-04-16
제27조의3,준용함,STRUCTURE,금융회사의 지배구조에 관한 법률,제27조의3,0.88,금융회사의 지배구조에 관한 법률,2026-04-16
사람,금지함,ACTION,부가통신업자의 임원,제5조제1항,0.98,임원 금지|부가통신업자,2026-04-16
제5조제1항제7호,정의함,LOGICAL,직 상실 및 보고 의무,제5조제1항제7호,0.96,직 상실|보고 의무,2026-04-16
부가통신업자,요구함,ACTION,금융위원회에 보고,제5조제1항제7호,0.97,임원 선임|임원 해임|대통령령,2026-04-16
부가통신업자,준용함,STRUCTURE,대통령령,제5조제1항제7호,0.94,대통령령으로 정하는 바,2026-04-16
제5조제1항제7호에 해당하는 사람,예외로함,LOGICAL,대통령령으로 정하는 경우,제5조제1항제7호,0.93,예외|대통령령,2026-04-16
금융위원회,권한을가짐,ACTION,부가통신업자 등록 취소,제27조의3,0.99,등록 취소,2026-04-16
등록 취소,허용함,ACTION,등록,제27조의2,0.96,취소|등록,2026-04-16
등록 취소,참조함,STRUCTURE,제27조의2,제27조의2,0.92,제27조의2,2026-04-16
등록,참조함,STRUCTURE,제27조의2,제27조의2 제2항,0.95,등록|제27조의2,2026-04-16
제27조의2제3항에 해당하는 경우,정의함,LOGICAL,3,제27조의2제3항,0.94,해당 경우|제27조의2제3항,2026-04-16
금융위원회,요구함,ACTION,청문,제53조제4항,0.99,등록 취소|청문,2026-04-16
부가통신업자,요구함,ACTION,신용카드 단말기(금융위원회에 등록),제27조의4,0.97,신용카드 단말기 등록|의무|금융위원회,2026-04-16
신용카드가맹점,예외로함,LOGICAL,신용카드 단말기(금융위원회에 등록),제27조의4,0.95,예외|전기통신서비스 미제공|등록,2026-04-16
신용카드 단말기,정의함,LOGICAL,금융위원회가 정하는 기술기준에 적합,제27조의4,0.94,기술기준|정보보호|적합,2026-04-16
제27조의4,근거함,STRUCTURE,대통령령,제27조의4,0.93,등록요건|등록절차|대통령령,2026-04-16
금융위원회,위임함,STRUCTURE,여신전문금융업협회 장,제27조의4,0.96,업무 위탁|제1항|제2항,2026-04-16
금융위원회,참조함,STRUCTURE,제27조의4 제1항 및 제2항,제27조의4,0.92,등록|기술기준,2026-04-16
부가통신업자,허용함,ACTION,대통령령으로 정한 업무(자문·교육 등),제32조,0.99,대통령령으로 정한 업무|신용카드등부가통신업과 관련된 영세한 중소신용카드가맹점,2026-04-16
금융위원회,허용함,ACTION,부가통신업자에게 자료 제출 및 의견 진술 요청,제32조,0.98,자료의 제출|의견의 진술|신용카드등부가통신업 건전한 거래질서 확립,2026-04-16
부가통신업자,요구함,ACTION,요청에 따라 자료를 제출하고 의견을 진술,제32조,0.97,특별한 사유가 없으면|요청에 따라야 함,2026-04-16
금융위원회,위임함,STRUCTURE,여신전문금융업협회장에게 제1항부터 제4항까지와 관련된 업무,제32조,0.96,업무 위탁|제1항~제4항 관련 업무,2026-04-16
제28조(적용 범위),적용함,ACTION,시설대여업 및 연불판매업무,제28조,0.99,적용 범위,2026-04-16
제28조(적용 범위),정의함,LOGICAL,시설대여업 및 연불판매업무,제28조,0.95,적용 범위,2026-04-16
대여시설이용자,정의함,LOGICAL,시설대여업자와 시설대여 또는 연불판매 계약을 체결한 자,제29조,0.96,대여시설이용자 정의,2026-04-16
시설대여업자,허용함,ACTION,자금을 융자받아 특정물건을 취득하거나 대여받아 시설대여등,제29조,0.93,자금 이용|융자,2026-04-16
외화획득용 시설기재,정의함,LOGICAL,특정물건,제30조,0.96,외화획득용 시설기재|특정물건,2026-04-16
대여시설이용자,준용함,STRUCTURE,대외무역법,제30조,0.92,대여시설이용자|대외무역법,2026-04-16
외화획득,요구함,ACTION,외화,제16조제3항,0.96,외화획득|MANDATORY,2026-04-16
시설대여업자,허용함,ACTION,시험검사,제31조,0.94,특례|의료기기,2026-04-16
제31조,참조함,STRUCTURE,의료기기법,제31조,0.96,특례,2026-04-16
특례,예외로함,LOGICAL,의료기기법,제31조,0.93,특례|의료기기,2026-04-16
의료기기,허용함,ACTION,수입,제15조제4항,0.96,의료기기|수입,2026-04-16
시설대여업자,수입함,ACTION,의료기기,제15조제4항,0.92,시설대여업자|의료기기,2026-04-16
시설대여업자,참조함,STRUCTURE,제1항,제15조제4항,0.9,제1항,2026-04-16
양도,허용함,ACTION,신고하지 않음,제17조제1항,0.96,양도|신고,2026-04-16
양도,예외로함,LOGICAL,제17조제1항,제17조제1항,0.94,양도|제17조제1항,2026-04-16
행정처분상의 특례,정의함,LOGICAL,시설대여업자가 시설대여등의 목적으로 특정물건을 취득·수입·대여받는 경우,제32조,0.95,행정처분|특례|시설대여업자|특정물건,2026-04-16
제30조,참조함,STRUCTURE,제30조,제30조,0.6,조항,2026-04-16
시설대여업자,권한을가짐,ACTION,요건을 갖춘 것으로 본다,제31조,0.96,요건 충족 판단|대여시설이용자,2026-04-16
요건 충족 판단,정의함,LOGICAL,대여시설이용자가 요건을 갖춘 경우 시설대여업자는 해당 요건을 갖춘 것으로 본다,제31조,0.94,시설대여업자|대여시설이용자|요건,2026-04-16
시설대여업자,허용함,ACTION,대여시설 이용자 명의로 등록,제33조,0.98,등기ㆍ등록상의 특례|건설기계관리법|자동차관리법,2026-04-16
등기ㆍ등록상의 특례,예외로함,LOGICAL,건설기계관리법 및 자동차관리법,제33조,0.95,건설기계관리법|자동차관리법,2026-04-16
등기ㆍ등록상의 특례,참조함,STRUCTURE,선박법,제33조,0.94,선박법,2026-04-16
등기ㆍ등록상의 특례,정의함,LOGICAL,시설대여업자에 대한 등록 특례,제33조,0.96,등기ㆍ등록상의 특례,2026-04-16
제2조,참조함,STRUCTURE,항공안전법,제2조,0.96,조항|법령,2026-04-16
시설대여업자,간주함,LOGICAL,요건,제10조,0.99,등기ㆍ등록에 필요한 요건|이용 기간,2026-04-16
대여시설이용자,요구함,ACTION,각종 의무(검사·유지·관리 등),제34조,0.96,특정물건|시설대여|유지·관리 의무,2026-04-16
시설대여업자,요구함,ACTION,대여시설이용자에게 의무내용을 지체 없이 통보,제34조,0.94,의무통보|지체 없이,2026-04-16
의무이행상의 특례,정의함,LOGICAL,대여시설이용자가 특정물건의 시설대여 등에 관한 유지·관리 의무를 당사자로서 이행하도록 하는 규정,제34조,0.92,특정물건|시설대여|의무이행,2026-04-16
대여시설이용자,요구함,ACTION,손해배상책임,제35조,0.96,손해배상책임|위법행위,2026-04-16
대여시설이용자,준용함,STRUCTURE,자동차손해배상 보장법,제35조,0.94,자동차손해배상 보장법|위법행위,2026-04-16
시설대여업자,예외로함,LOGICAL,자동차 운행자,제3조,1.0,보지 않다|자동차 운행자,2026-04-16
시설대여업자,요구함,ACTION,표지,제36조,0.97,시설대여등 표시|총리령으로 정하는 바,2026-04-16
시설대여업자 외의 자,금지함,ACTION,표지 손괴·제거·내용·위치 변경,제36조,0.96,시설대여등 표시,2026-04-16
금융위원회,권한을가짐,ACTION,중소기업에 대한 지원,제37조,0.95,중소기업지원|대통령령에 의한,2026-04-16
제37조,참조함,STRUCTURE,대통령령,제37조,0.9,대통령령,2026-04-16
중소기업,정의함,LOGICAL,제2조에 따른 중소기업,제2조,0.92,중소기업|제2조,2026-04-16
적용 범위,정의함,LOGICAL,할부금융업,제38조,0.99,적용|범위,2026-04-16
할부금융업자,제공함,ACTION,각 호의 사항,제39조,0.99,주지 의무|거래조건,2026-04-16
할부금융업자,제공함,ACTION,"이자율, 연체이자율 및 각종 요율",제39조,0.98,주지 의무,2026-04-16
할부금융업자,제공함,ACTION,대출액 변제방법,R제39조,0.98,주지 의무,2026-04-16
할부금융업자,제공함,ACTION,총리령으로 정하는 사항,제39조,0.97,주지 의무,2026-04-16
할부금융업자,제공함,ACTION,서면,제39조,0.96,제공방법,2026-04-16
할부금융업자,제공함,ACTION,팩스,제39조,0.96,제공방법,2026-04-16
할부금융업자,제공함,ACTION,전자문서,제39조,0.96,제공방법,2026-04-16
할부금융이용자,요청함,ACTION,서면,제39조,0.95,제공방법 요청,2026-04-16
할부금융이용자,요청함,ACTION,팩스,제39조,0.95,제공방법 요청,2026-04-16
할부금융이용자,요청함,ACTION,전자문서,제39조,0.95,제공방법 요청,2026-04-16
할부금융업자,금지함,ACTION,할부금융자금을 할부금융이용자에게 구매액(부대비용 포함) 이상으로 대출함,제40조,0.99,구매액|부대비용 포함|대출,2026-04-16
할부금융업자,요구함,ACTION,할부금융자금을 재화·용역 매도인에게 직접 지급함,제40조,0.99,직접 지급|매도인,2026-04-16
제41조(적용 범위),정의함,LOGICAL,신기술사업금융업자가 하는 업무,제41조,0.95,신기술사업금융업자|신기술사업자에 대한 투자|신기술사업자에 대한 융자|신기술사업자에 대한 경영 및 기술의 지도|신기술사업투자조합의 설립|신기술사업투자조합 자금의 관리·운용,2026-04-16
신기술사업금융업자,정의함,LOGICAL,자금 차입,제42조,0.85,자금 차입,2026-04-16
신기술사업자,허용함,ACTION,자금,제47조제1항,0.99,투자|융자|기금,2026-04-16
정부,허용함,ACTION,"신기술사업금융업자, 신기술사업금융업자에게 투자한 자, 신기술사업투자조합 및 그 조합원에 대한 세제상의 지원",제43조,0.99,세제상의 지원|조세특례제한법,2026-04-16
정부,근거함,STRUCTURE,조세특례제한법,제43조,0.98,조세특례제한법,2026-04-16
세제상의 지원,정의함,LOGICAL,조세특례제한법에 따라 제공되는 지원,제43조,0.95,세제상의 지원|조세특례제한법,2026-04-16
신기술사업투자조합 규약,요구함,ACTION,각 호의 내용,제44조,0.99,규약|포함|의무,2026-04-16
신기술사업금융업자,위탁할 수 있다,ACTION,조합자금 운용업무의 전부 또는 일부를 신기술사업금융업자 외의 자에게,제44조,0.97,위탁|운용업무,2026-04-16
조합,배분할 수 있다,ACTION,투자수익의 일부(100분의 20 이하),제44조,0.96,투자수익|배분|비율,2026-04-16
조합,정할 수 있다,ACTION,손실의 분배비율(신기술사업금융업자 외의 자에게 유리하도록),제44조,0.96,손실|분배비율|유리,2026-04-16
공모신기술투자조합,정의함,LOGICAL,공모신기술투자조합에 관한 특례,제44조의2,0.96,공모신기술투자조합|특례,2026-04-16
공모신기술투자조합,참조함,STRUCTURE,자본시장과 금융투자업에 관한 법률,제44조의2,0.93,법률,2026-04-16
제11조,근거함,STRUCTURE,법령,제11조,0.3,,2026-04-16
제16조까지,정의함,LOGICAL,범위,제16조,0.92,범위,2026-04-16
제32조까지,참조함,STRUCTURE,제32조,제32조,0.85,범위,2026-04-16
제34조,정의함,LOGICAL,내용미정,제34조,0.3,,2026-04-16
제36조까지,참조함,STRUCTURE,제36조,제36조까지,0.85,범위,2026-04-16
제40조,정의함,LOGICAL,제40조,제40조,0.2,조항,2026-04-16
제43조까지,정의함,LOGICAL,범위,제43조까지,0.85,범위|정의,2026-04-16
제50조,참조함,STRUCTURE,이후조항,제50조부터,0.7,시작|범위,2026-04-16
제53조까지,참조함,STRUCTURE,제53조,제53조까지,0.9,범위,2026-04-16
제56조,정의함,LOGICAL,없음,제56조,0.6,조문 내용 부재,2026-04-16
제58조,참조함,STRUCTURE,제58조,제58조,0.45,,2026-04-16
제61조,참조함,STRUCTURE,다음조항,제61조,0.92,연속|조문,2026-04-16
제65조까지,참조함,STRUCTURE,제1조부터 제65조까지의 조항,제65조,0.68,범위|참조,2026-04-16
제80조,정의함,LOGICAL,미정의,제80조,0.45,,2026-04-16
제83조까지,참조함,STRUCTURE,제83조,제83조까지,0.78,범위|조항,2026-04-16
제85조제2호ㆍ제3호 및 제6호부터 제8호까지,참조함,STRUCTURE,제85조,제85조,0.92,조문|항목,2026-04-16
제86조,정의함,LOGICAL,제86조,제86조,0.6,조문시작,2026-04-16
제88조,참조함,STRUCTURE,제83조~제87조,제88조,0.6,범위|연속,2026-04-16
제90조,정의함,LOGICAL,내용없음,제90조,0.3,조문내용,2026-04-16
제92조부터,참조함,STRUCTURE,제92조,Unknown,0.95,시작점,2026-04-16
제95조까지,참조함,STRUCTURE,제95조 이전 조항들,제95조까지,0.95,범위|참조,2026-04-16
제181조,정의함,LOGICAL,없음,제181조,0.2,,2026-04-16
제183조,정의함,LOGICAL,내용미상,제183조,0.35,조문,2026-04-16
제184조,참조함,STRUCTURE,제184조제1항~제184조제7항,제184조,0.96,조문범위,2026-04-16
제185조,구조,STRUCTURE,조문,제185조,0.55,조문,2026-04-16
제187조까지,정의함,LOGICAL,범위,제187조,0.6,범위,2026-04-16
제218조,정의함,LOGICAL,없음,제218조,0.6,주체 없음|행위 없음,2026-04-16
제223조까지,참조함,STRUCTURE,제223조,제223조,0.92,조문,2026-04-16
제229조,정의함,LOGICAL,법령 조문,제229조,0.55,조문,2026-04-16
제249조까지,참조함,STRUCTURE,제249조,제249조까지,0.9,범위,2026-04-16
제249조의2,참조함,STRUCTURE,이후조항,제249조의2,0.92,시작점|조문,2026-04-16
제249조의22까지,참조함,STRUCTURE,제249조,제249조의22,0.85,범위,2026-04-16
제250조,정의함,LOGICAL,미정의,제250조,0.5,조문,2026-04-16
제 251조까지,참조함,STRUCTURE,제251조,제251조까지,0.92,범위,2026-04-16
제415조,정의함,LOGICAL,없음,제415조,0.1,조문 내용 없음,2026-04-16
금융소비자 보호에 관한 법률,참조함,STRUCTURE,제425조까지,제425조까지,0.96,법령|조문,2026-04-16
금융소비자 보호에 관한 법률,준용함,STRUCTURE,제425조까지,제425조까지,0.94,법령|조문,2026-04-16
제11조,정의함,LOGICAL,제11조,제11조,0.55,,2026-04-16
제12조,정의함,LOGICAL,미정,제12조,0.2,,2026-04-16
제14조,정의함,LOGICAL,없음,제14조,0.85,,2026-04-16
제16조,정의함,LOGICAL,내용 없음,제16조,0.35,조문|비어있음,2026-04-16
제22조제 6항,정의함,LOGICAL,제22조제 6항,제22조제 6항,0.5,,2026-04-16
제28조까지,참조함,STRUCTURE,제28조,제28조,0.7,범위|참조,2026-04-16
제44조,정의함,LOGICAL,내용미상,제44조,0.3,정의,2026-04-16
제45조,정의함,LOGICAL,없음,제45조,0.2,,2026-04-16
제47조,정의함,LOGICAL,조항,제47조,0.6,조항,2026-04-16
제66조까지 및 「금융회사의 지배구조에 관한 법률」,참조함,STRUCTURE,제66조까지,제66조,0.95,범위,2026-04-16
제66조까지 및 「금융회사의 지배구조에 관한 법률」,참조함,STRUCTURE,금융회사의 지배구조에 관한 법률,제66조,0.95,법령,2026-04-16
제24조,정의함,LOGICAL,없음,제24조,0.3,,2026-04-16
공모신기술투자조합,예외로함,LOGICAL,제26조까지의 규정,,0.88,제26조까지의 규정은 제외한다,2026-04-16
공모신기술투자조합,정의함,LOGICAL,자본시장과 금융투자업에 관한 법률,,0.84,공모신기술투자조합|자본시장과 금융투자업에 관한 법률,2026-04-16
적용 제외,예외로함,LOGICAL,신기술투자조합 및 신기술사업금융업자,제9조제19항,0.99,적용 제외|신기술투자조합|신기술사업금융업자,2026-04-16
신기술사업금융업자,요구함,ACTION,준수사항,제45조,0.75,준수사항,2026-04-16
준수사항,정의함,LOGICAL,신기술사업금융업자,제45조,0.6,신기술사업금융업자,2026-04-16
융자업무,금지함,ACTION,융자한도,제41조제1항제2호,0.99,융자한도,2026-04-16
여신전문금융회사,제한함,ACTION,업무,제46조,0.98,업무|제한,2026-04-16
업무,정의함,LOGICAL,다음 각 호의 업무,제46조,0.95,업무|다음 각 호,2026-04-16
여신전문금융업,요구함,ACTION,허가 또는 등록,제3조,0.95,허가|등록,2026-04-16
업무,정의함,LOGICAL,매출채권 양수·관리·회수업무,제3조,0.9,매출채권|양수|관리|회수,2026-04-16
업무,정의함,LOGICAL,대출업무,제3조,0.9,대출|어음할인,2026-04-16
업무,정의함,LOGICAL,연불판매업무,제3조,0.85,시설대여업 등록,2026-04-16
신용카드업자의 부대업무,정의함,LOGICAL,신용카드업의 허가를 받은 경우에만 해당하는 부대업무,제13조제1항제2호 및 제3호,0.97,신용카드업자|허가|부대업무,2026-04-16
신용카드업자의 부대업무,준용함,STRUCTURE,대통령령으로 정하는 업무,제13조제1항제2호 및 제3호,0.9,대통령령,2026-04-16
신용카드업자의 부대업무,참조함,STRUCTURE,제1호부터 제4호까지의 규정과 관련된 업무,제13조제1항제2호 및 제3호,0.88,제1호|제4호,2026-04-16
신용카드업자의 부대업무,예외로함,LOGICAL,여신전문금융업에 부수하는 업무로서 소유하고 있는 인력ㆍ자산 또는 설비를 활용하는 업무,제13조제1항제2호 및 제3호,0.85,여신전문금융업,2026-04-16
부수업무 신고,정의함,LOGICAL,여신전문금융회사,제46조의2,0.88,부수업무|신고,2026-04-16
여신전문금융회사,요구함,ACTION,부수업무 신고,제46조의2,0.81,부수업무|신고,2026-04-16
신고,요구함,ACTION,금융위원회,제46조제1항제7호,1.0,신고|부수업무,2026-04-16
신고,예외로함,LOGICAL,다음 각 호,제46조제1항제7호,0.95,예외|신고,2026-04-16
금융위원회,권한을가짐,ACTION,부수업무,제46조제1항제7호,0.96,부수업무|제한|시정,2026-04-16
금융위원회,요구함,ACTION,부수업무 및 제한명령·시정명령을 인터넷 홈페이지 등에 공고,제46조제1항제7호,0.94,공고|인터넷 홈페이지,2026-04-16
제2항에 따른 제한명령·시정명령,요구함,ACTION,구체적인 내용 및 사유가 적힌 문서,제46조제1항제7호,0.93,문서|구체적 내용|사유,2026-04-16
제한명령·시정명령,준용함,STRUCTURE,제2항,제46조제1항제7호,0.9,,2026-04-16
회계처리,정의함,LOGICAL,신용카드업자,제46조의3,0.92,겸영업무|부수업무,2026-04-16
제46조의3,상위조항,STRUCTURE,제46조,제46조의3,0.85,,2026-04-16
금융기관,요구함,ACTION,업무에 대한 회계처리,제46조제1항제6호의2,1.0,회계처리|업무,2026-04-16
업무,구분함,LOGICAL,신용카드업,제46조제1항제6호의2,1.0,구분|회계처리,2026-04-16
제46조제1항제6호의2,참조함,STRUCTURE,제46조제1항제7호,제46조제1항제6호의2,1.0,,2026-04-16
여신전문금융회사,요구함,ACTION,자금,제47조,0.99,자금조달방법,2026-04-16
자금조달방법,정의함,LOGICAL,다음 각 호에서 정한 방법,제47조,0.95,다른 법률에 따라 설립·인가·허가·등록된 금융기관 차입|사채·어음 발행|보유 유가증권 매출|보유 대출채권 양도|대통령령으로 정하는 방법,2026-04-16
대통령령,허용함,ACTION,방법 및 대상 제한,제47조,0.9,제1항제2호 사채·어음 발행|제1항제3호 유가증권 매출,2026-04-16
여신전문금융회사,금지함,ACTION,자기자본 대비 총자산 한도 초과,제48조,0.99,총자산|자기자본|배수,2026-04-16
자기자본 대비 총자산 한도,정의함,LOGICAL,총자산이 자기자본의 10배 범위 내에서 금융위원회가 정하는 배수,제48조,0.98,총자산|자기자본|배수,2026-04-16
금융위원회,허용함,ACTION,자기자본 대비 총자산 한도에 대한 차등 적용,제48조,0.95,신용카드업 영위|여신전문금융업,2026-04-16
자기자본 대비 총자산 한도 시행에 관하여 필요한 사항,정함,STRUCTURE,대통령령,제48조,0.94,,2026-04-16
여신전문금융회사,제한함,ACTION,업무용 부동산 취득,제49조,0.99,부동산 취득제한,2026-04-16
업무용 부동산,정의함,LOGICAL,"본점·지점·그 밖의 사무소, 임직원용 사택·합숙소·직원 연수원, 총리령이 정하는 직접 필요한 부동산",제49조①,0.98,제49조①,2026-04-16
금융위원회,허용함,ACTION,업무용 부동산 총액을 자기자본의 100% 이상 일정 비율 이내로 제한,제49조②,0.97,제49조②,2026-04-16
업무용 부동산 총액,산출함,ACTION,장부가액을 기준,제49조③,0.96,제49조③,2026-04-16
여신전문금융회사,예외로함,LOGICAL,"업무용 부동산 외 부동산 취득(시설대여·연불판매 목적, 담보권 실행)",제49조④,0.95,제49조④,2026-04-16
여신전문금융회사,금지함,ACTION,신용공여의 합계액이 자기자본의 100분의 50을 초과하는 것,제49조의2,0.99,신용공여한도|자기자본|50%,2026-04-16
대주주,금지함,ACTION,한도를 초과한 신용공여를 받는 행위,제49조의2,0.98,신용공여한도|초과,2026-04-16
여신전문금융회사,요구함,ACTION,대주주에게 대통령령이 정하는 금액 이상의 신용공여를 하려면 이사회 결의를 거쳐야 함,제49조의2,0.97,이사회 결의|전부 찬성|신용공여 초과,2026-04-16
여신전문금융회사,보고함,ACTION,대주주에게 제2항에 따라 대통령령이 정하는 금액 이상의 신용공여를 한 사실을 금융위원회에 지체 없이 보고함,제49조의2,0.96,신용공여 초과|보고,2026-04-16
여신전문금융회사,공시함,ACTION,제2항에 따라 대통령령이 정하는 금액 이상의 신용공여 사실을 인터넷 홈페이지 등을 이용하여 공시함,제49조의2,0.96,신용공여 초과|공시,2026-04-16
여신전문금융회사,요구함,ACTION,한도 초과 시 대통령령이 정하는 기간 내에 한도에 적합하도록 조정함,제49조의2,0.95,한도 초과|조정|기간,2026-04-16
여신전문금융회사,허용함,ACTION,부득이한 사유가 있으면 금융위원회 승인을 받아 신용공여 기간을 연장할 수 있음,제49조의2,0.95,연장|승인|부득이한 사유,2026-04-16
여신전문금융회사,요구함,ACTION,제5항에 따른 기간이 만료되기 3개월 전까지 세부계획서를 금융위원회에 제출해야 함,제49조의2,0.96,세부계획서|제출|기간,2026-04-16
금융위원회,결정함,ACTION,제출받은 세부계획서에 대해 1개월 내에 승인 여부를 결정함,제49조의2,0.95,세부계획서|승인 여부|결정,2026-04-16
금융위원회,통보함,ACTION,승인 여부를 여신전문금융회사에 통보함,제49조의2,0.95,통보|승인 여부,2026-04-16
여신전문금융회사,금지함,ACTION,대주주의 다른 회사에 대한 출자를 지원하기 위한 목적으로 신용공여를 함,제49조의2,0.97,출자 지원|신용공여|금지,2026-04-16
여신전문금융회사,금지함,ACTION,대주주가 발행한 주식 소유,제50조,0.97,주식 소유한도|자기자본의 150% 범위,2026-04-16
여신전문금융회사,요구함,ACTION,이사회 결의,제50조,0.95,대주주가 발행한 주식|대통령령으로 정하는 금액 이상,2026-04-16
여신전문금융회사,보고함,ACTION,금융위원회에 보고 및 인터넷 홈페이지 공시,제50조,0.94,대주주가 발행한 주식|대통령령으로 정하는 금액 이상,2026-04-16
여신전문금융회사,처분함,ACTION,초과한 주식,제50조,0.93,대주주가 아닌 자가 새로 대주주가 됨|대통령령으로 정하는 기간,2026-04-16
여신전문금융회사,허용함,ACTION,기간 연장 (금융위원회 승인 시),제50조,0.92,부득이한 사유|금융위원회 승인,2026-04-16
여신전문금융회사,제출함,ACTION,세부계획서,제50조,0.91,제5항 기간 만료 3개월 전|금융위원회 1개월 내 승인,2026-04-16
제50조,참조함,STRUCTURE,제2항,제50조,0.9,,2026-04-16
여신전문금융회사,금지함,ACTION,자금지원 금지행위,제50조의2,0.92,자금지원 금지행위|다른 금융기관,2026-04-16
제50조의2,참조함,STRUCTURE,금융산업의 구조개선에 관한 법률,제50조의2,0.85,금융산업의 구조개선에 관한 법률,2026-04-16
제50조의2,정의함,LOGICAL,자금지원 금지행위,제50조의2,0.88,자금지원 금지행위,2026-04-16
금융기관,정의함,LOGICAL,제2조제1호에 따른 금융기관,제2조제1호,0.96,정의|금융기관,2026-04-16
금융기관,금지함,ACTION,다른 회사와 다음 각 호의 행위,제2조제1호,0.85,금지|행위,2026-04-16
신용공여한도 회피,정의함,LOGICAL,제49조의2제1항,제49조의2제1항,0.96,신용공여한도 회피|제49조의2제1항,2026-04-16
신용공여한도 회피,금지함,ACTION,의결권 있는 주식을 교차 보유하거나 신용공여하는 행위,제49조의2제1항,0.94,교차 보유|신용공여,2026-04-16
제341조,정의함,LOGICAL,자본시장과 금융투자업에 관한 법률,제341조,0.99,법률명|조항명,2026-04-16
주식,금지함,ACTION,의결권 행사,제165조의3,0.96,의결권 행사 제한|자기주식 취득 제한,2026-04-16
자금중개 등,금지함,ACTION,신용공여한도 제한을 회피하기 위한 행위,제49조의2제1항,0.96,자금중개|신용공여한도 제한 회피,2026-04-16
금융위원회,권한을가짐,ACTION,제1항·제3항 위반 여신전문금융회사에 대한 주식 처분·신용공여액 회수 등 필요한 조치,제49조의2제1항,0.93,금융위원회|조치|여신전문금융회사,2026-04-16
여신전문금융회사의 대주주(및 특수관계인),금지함,ACTION,회사 이익에 반하여 대주주 자신의 이익을 목적으로 부당한 영향력 행사 등,제49조의2제1항,0.92,대주주|부당한 영향력 행사|이익 충돌,2026-04-16
주주,금지함,ACTION,여신전문금융회사 인사 및 경영에 부당한 영향력 행사,제33조제6항,0.96,부당한 영향력 행사|여신전문금융회사 인사 및 경영|경제적 이익 등 반대급부|담합,2026-04-16
주주의 권리 행사,예외로함,LOGICAL,제33조제6항에 따른 부당한 영향력 행사 금지,제33조제6항,0.93,주주의 권리 행사|예외,2026-04-16
제33조제6항,참조함,STRUCTURE,제1호 및 제2호,제33조제6항,0.9,제1호|제2호|준하는 행위,2026-04-16
여신전문금융회사 임직원,금지함,ACTION,뇌물의 수수·요구·약속,제50조의3,0.99,수뢰 금지|뇌물,2026-04-16
제62조제1항,참조함,STRUCTURE,여신전문금융업협회의 임직원,제62조제1항,0.99,여신전문금융업협회|임직원,2026-04-16
기부금관리재단,권한을가짐,ACTION,관리 및 운영 등에 관한 업무,제64조제11호,0.98,관리|운영,2026-04-16
제64조제11호,참조함,STRUCTURE,보조금 관리에 관한 법률,제64조제11호,0.9,보조금 관리에 관한 법률,2026-04-16
보조사업자,수행함,ACTION,업무,제2조제3호,0.99,업무,2026-04-16
업무,정의함,LOGICAL,보조사업자가 수행하는 업무,제2조제3호,0.98,보조사업자|수행,2026-04-16
제50조의4,예외로함,LOGICAL,삭제,제50조의4,0.95,삭제,2026-04-16
제50조의5,삭제함,ACTION,제50조의5,제50조의5,0.99,삭제,2026-04-16
제50조의6,삭제함,ACTION,조문,제50조의6,0.99,삭제,2026-04-16
삭제,예외로함,LOGICAL,제50조의7,제50조의7,1.0,삭제,2026-04-16
금융위원회,요구함,ACTION,여신전문금융회사 및 대주주,제50조의8,0.99,자료제출 요구,2026-04-16
제49조의2제1항부터 제5항까지,참조함,STRUCTURE,제49조의2,제49조의2,0.85,조문 범위|참조,2026-04-16
제50조제1항~제5항,상위조항,STRUCTURE,제50조,제50조제1항~제5항,0.95,조문구조,2026-04-16
금융위원회,요구함,ACTION,필요한 자료,제50조의2,0.99,자료 제출 요구|대주주,2026-04-16
금융위원회,권한을가짐,ACTION,그 대주주에 대한 신규 신용공여의 금지,제50조의2,0.98,대주주|신용공여 금지,2026-04-16
금융위원회,권한을가짐,ACTION,그 대주주가 발행한 유가증권의 신규 취득 금지,제50조의2,0.98,대주주|유가증권 취득 금지,2026-04-16
금융위원회,권한을가짐,ACTION,그 대주주에 대한 자금지원 성격의 거래제한 등,제50조의2,0.97,대주주|거래제한,2026-04-16
삭제,예외로함,LOGICAL,제50조의9,제50조의9,0.99,삭제,2026-04-16
여신전문금융회사등,정의함,LOGICAL,여신전문금융회사와 겸영여신업자,제50조의10,1.0,광고의 자율심의|여신전문금융회사등|여신전문금융회사와 겸영여신업자,2026-04-16
제13조제1항제1호,상위조항,STRUCTURE,제13조,제13조제1항제1호,1.0,계층구조,2026-04-16
광고 심의 절차,요구함,ACTION,광고계획신고서와 광고안을 협회에 제출,제46조제1항제1호ㆍ제3호,0.98,광고|심의|제출,2026-04-16
협회,권한을가짐,ACTION,광고 심의,제46조제1항제1호ㆍ제3호,0.95,협회|심의,2026-04-16
협회,요구함,ACTION,광고의 시정 및 사용중단,제22조,0.96,광고 시정|광고 사용중단,2026-04-16
해당 여신전문금융회사등,응하여야 함,ACTION,협회의 요구,제22조,0.94,정당한 사유가 없을 경우,2026-04-16
협회,보고함,ACTION,금융위원회,제22조,0.95,매분기별 광고 심의 결과|1개월 이내,2026-04-16
제50조의11,예외로함,LOGICAL,제50조,제50조의11,1.0,삭제,2026-04-16
여신전문금융회사,요구함,ACTION,고객응대직원에 대한 보호 조치,제50조의12,0.99,보호 조치|고객응대직원,2026-04-16
여신전문금융회사,요구함,ACTION,직원 요청 시 해당 고객으로부터의 분리 및 업무담당자 교체,제50조의12,0.98,분리|업무담당자 교체,2026-04-16
여신전문금융회사,요구함,ACTION,직원에 대한 치료 및 상담 지원,제50조의12,0.98,치료|상담 지원,2026-04-16
여신전문금융회사,요구함,ACTION,고객을 직접 응대하는 직원을 위한 상시적 고충처리 기구 마련,제50조의12,0.98,고충처리 기구|상시적,2026-04-16
제50조의12,참조함,STRUCTURE,근로자참여 및 협력증진에 관한 법률,제50조의12,0.97,예외,2026-04-16
직원,요구함,ACTION,여신전문금융회사에 대한 조치 요구,제26조,0.95,요구권|직원,2026-04-16
여신전문금융회사,금지함,ACTION,직원에게 불이익 제공,제26조,0.96,불이익 금지|보호,2026-04-16
여신전문금융회사,요구함,ACTION,고충처리위원 선임 또는 위촉,제26조,0.9,고충처리위원|직원 보호,2026-04-16
여신전문금융회사,참조함,STRUCTURE,대통령령이 정하는 조치,제26조,0.88,대통령령|법적 조치,2026-04-16
여신전문금융회사와 신용공여 계약을 체결한 자,요구함,ACTION,여신전문금융회사에 금리인하,제50조의13,0.96,금리인하 요구|신용상태 개선,2026-04-16
여신전문금융회사,알려야 함,ACTION,신용공여 계약을 체결하려는 자에게 금리인하 요구 가능 사실,제50조의13,0.94,금리인하 요구|알림 의무,2026-04-16
금리인하 요구의 요건 및 절차에 관한 구체적 사항,근거함,STRUCTURE,대통령령,제50조의13,0.93,요건 및 절차|대통령령,2026-04-16
여신전문금융회사가 아닌 자,금지함,ACTION,여신ㆍ신용카드ㆍ시설대여ㆍ리 스ㆍ할부금융 또는 신기술금융과 같거나 비슷한 표시,제51조,0.99,유사상호 사용금지|표시|비슷한,2026-04-16
유사상호 사용금지,정의함,LOGICAL,제51조,제51조,0.98,유사상호 사용금지|제51조,2026-04-16
다른 법률과의 관계,정의함,LOGICAL,제52조,제52조,0.95,다른 법률과의 관계,2026-04-16
법 적용,금지함,ACTION,한국은행법 및 은행법,제3조제3항제2호,0.96,법 적용|한국은행법|은행법,2026-04-16
법 적용,예외로함,LOGICAL,한국은행법 및 은행법,제3조제3항제2호,0.9,법 적용|예외,2026-04-16
법 적용,참조함,STRUCTURE,제3조제3항제2호,제3조제3항제2호,0.93,법 적용|조항,2026-04-16
제3조,상위조항,STRUCTURE,제3조제1항,제3조,0.85,조문구조,2026-04-16
제10조까지,참조함,STRUCTURE,제10조,제10조,0.85,범위,2026-04-16
제11조제1항ㆍ제4항 및 제5항,상위조항,STRUCTURE,제11조,제11조,0.95,조문|항,2026-04-16
제13조의2,참조함,STRUCTURE,제13조,제13조의2,0.92,하위조항|상위조항,2026-04-16
제14조,정의함,LOGICAL,제14조,제14조,0.55,제14조,2026-04-16
제14조의2,상위조항,STRUCTURE,제14조,제14조의2,0.95,조항구조,2026-04-16
제14조의4,참조함,STRUCTURE,제14조,제14조의4,0.85,조항 범위,2026-04-16
제14조의7,상위조항,STRUCTURE,제14조,제14조의7,0.95,조항구조,2026-04-16
제15조,정의함,LOGICAL,없음,제15조,0.2,조항 내용 없음,2026-04-16
제19조까지,참조함,STRUCTURE,제19조,제19조까지,0.85,범위,2026-04-16
제24조의2,참조함,STRUCTURE,제24조,제24조의2,0.92,상위조항|구조적 연계,2026-04-16
제24조의3,상위조항,STRUCTURE,제24조,제24조의3,0.95,상위조항,2026-04-16
제26조,참조함,STRUCTURE,이후 조문,제26조,0.6,시작|연속,2026-04-16
규정 적용,요구함,ACTION,제28조까지의 규정,제28조,0.96,규정 적용 범위|제28조까지,2026-04-16
규정 적용,예외로함,LOGICAL,신기술사업금 융업자가 신기술사업자에게 투자하는 경우,제28조,0.94,신기술사업금 융업자|신기술사업자|투자,2026-04-16
제24조 적용,금지함,ACTION,제24조,제24조,1.0,적용|금지,2026-04-16
금융위원회,요구함,ACTION,여신전문금융회사등과 부가통신업자,제53조,0.99,감독,2026-04-16
금융위원회,허용함,ACTION,여신전문금융회사등과 부가통신업자에 대한 업무 및 재무상태에 관한 보고,제53조,0.95,보고|감독,2026-04-16
금융위원회,허용함,ACTION,여신전문금융회사등과 부가통신업자에 대한 주의·경고·문책·시정명령 등 조치,제53조,0.94,조치|감독,2026-04-16
금융위원회,참조함,STRUCTURE,금융감독원장,제53조,0.92,건의,2026-04-16
업무집행책임자,면제함,SANCTION,제2조제5호,제2조제5호,0.96,업무집행책임자 제외,2026-04-16
업무집행책임자,참조함,STRUCTURE,제2조제5호,제2조제5호,0.94,제2조제5호에 따른,2026-04-16
여신전문금융회사등과 부가통신업자의 장,통보함,ACTION,퇴임·퇴직한 해당 임직원,제2조제5호,0.97,조치 통보,2026-04-16
여신전문금융회사등과 부가통신업자의 장,기록·유지함,ACTION,인사기록부,제2조제5호,0.96,조치 통보,2026-04-16
해당 여신전문금융회사등과 부가통신업자의 장,통보할 수 있다,ACTION,그 조치의 내용,제2조제5호,0.95,조치 통보,2026-04-16
금융감독원장,허용함,ACTION,여신전문금융회사 및 부가통신사업자에 대한 검사를 하게 함,제53조의2,0.99,검사|금융감독원장|여신전문금융회사|부가통신사업자,2026-04-16
검사를 하는 자,요구함,ACTION,권한을 표시하는 증표를 지니고 이를 관계자에게 내보여야 함,제53조의2,0.98,증표|검사|관계자,2026-04-16
금융감독원장,요구함,ACTION,여신전문금융회사등 및 부가통신사업자에게 장부·기록문서·그 밖의 자료 제출 및 관계인의 출석·의견 진술을 요구함,제53조의2,0.98,장부|기록문서|자료|관계인|검사,2026-04-16
금융감독원장,요구함,ACTION,외부감사인에게 경영 건전성과 관련된 정보 및 자료 제출을 요구함,제53조의2,0.97,외부감사인|경영 건전성|정보|자료,2026-04-16
검사,정의함,LOGICAL,금융감독원장이 소속 직원에게 여신전문금융회사등과 부가통신사업자의 업무와 재산상 황을 검사하게 하는 행위,제53조의2,0.99,검사|금융감독원장|여신전문금융회사|부가통신사업자,2026-04-16
금융위원회,정하다,ACTION,경영지도의 기준,제53조의3,0.97,건전경영|경영지도의 기준,2026-04-16
경영지도의 기준,준용함,STRUCTURE,대통령령,제53조의3,0.94,대통령령|경영지도의 기준,2026-04-16
금융위원회,권한을가짐,ACTION,여신전문금융회사,제53조의3,0.95,건전경영|여신전문금융회사,2026-04-16
금융위원회,요구함,ACTION,자본금의 증액 및 이익배당의 제한 등 경영 개선 조치,제53조의3,0.96,경영지도의 기준|경영 개선 조치,2026-04-16
여신전문금융회사 및 부가통신업자,제출하도록 요구함,ACTION,업무 및 경영 실적에 관한 보고서,제54조,0.99,업무보고서|제출,2026-04-16
여신전문금융회사 및 부가통신업자,보고하도록 요구함,ACTION,"상호·명칭 변경, 삭제, 최대주주 변경, 대주주·특수관계인 주식 변동 등",제54조,0.95,보고|사유,2026-04-16
금융위원회,허용함,ACTION,여신전문금융회사에 대한 경영상황에 관한 주요 정보와 자료의 공시,제54조의2,0.99,경영의 공시|주요 정보와 자료,2026-04-16
금융위원회,권한을가짐,ACTION,공시의 종류·범위·방법에 관한 필요한 사항,제54조의2,0.95,공시의 종류|공시의 범위|공시의 방법,2026-04-16
제54조의2 제2항,참조함,STRUCTURE,제54조의2 제1항,제54조의2,0.9,제1항에 따른 공시,2026-04-16
여신전문금융회사등,요구함,ACTION,금융이용자의 권익 보호,제54조의3,0.98,금융이용자|권익,2026-04-16
여신전문금융회사등,보고함,ACTION,금융위원회,제54조의3,0.97,금융약관|제정·개정|10일 이내,2026-04-16
여신전문금융회사등,신고함,ACTION,금융위원회,제54조의3,0.96,중대한 영향|대통령령|금융약관 제정·개정 전,2026-04-16
여신전문금융회사등,공시함,ACTION,인터넷 홈페이지 등,제54조의3,0.97,금융약관|공시,2026-04-16
여신전문금융업협회,제정·개정함,ACTION,표준약관,제54조의3,0.95,표준약관|금융거래,2026-04-16
여신전문금융업협회,신고함,ACTION,금융위원회,제54조의3,0.95,표준약관 제정·개정 전,2026-04-16
금융위원회,통보함,ACTION,공정거래위원회,제54조의3,0.94,금융약관|표준약관,2026-04-16
제6조,정의함,LOGICAL,조항,제6조,0.6,조항,2026-04-16
금융위원회 통보 및 시정조치,요구함,ACTION,금융위원회,제14조,0.93,통보|시정조치|요청,2026-04-16
금융위원회,요구함,ACTION,요청에 따라야 함,제14조,0.85,특별한 사유|따라야 함,2026-04-16
금융위원회,명령함,ACTION,여신전문금융회사등 또는 여신전문금융업협회,제14조,0.96,변경명령|금융약관|표준약관,2026-04-16
금융위원회,협의함,ACTION,공정거래위원회,제14조,0.94,협의|공정거래위원회,2026-04-16
금융위원회,권한을가짐,ACTION,신고 및 보고의 시기·절차 등,제14조,0.97,신고|보고|시기·절차,2026-04-16
여신전문금융회사등과 부가통신업자,요구함,ACTION,금융거래에 대하여 선량한 관리자로서의 주의를 다한다,제54조의4,0.99,안전성확보의무|주의를다함,2026-04-16
여신전문금융회사등과 부가통신업자,요구함,ACTION,금융위원회가 정하는 기준을 준수한다,제54조의4,0.98,안전성확보의무|기준준수,2026-04-16
여신전문금융회사등과 부가통신업자,요구함,ACTION,대통령령으로 정하는 바에 따라 정보기술부문에 대한 계획을 매년 수립하고 대표자의 확인·서명을 받아 금융위원회에 제출한다,제54조의4,0.97,안전성확보의무|계획수립및제출,2026-04-16
안전성확보의무,정의함,LOGICAL,여신전문금융회사등과 부가통신업자는 금융거래의 안전성과 신뢰성을 확보하기 위한 의무,제54조의4,0.95,안전성확보|의무,2026-04-16
여신전문금융회사등과 부가통신업자,요구함,ACTION,신용정보 보호 및 관리에 관한 조치,제54조의5,0.99,신용정보보호|분실 방지|도난 방지|유출 방지|변조 방지,2026-04-16
여신전문금융회사등과 부가통신업자,요구함,ACTION,신용정보 주체로부터 별도의 동의,제54조의5,0.98,제3자 제공|이용|동의,2026-04-16
여신전문금융회사등과 부가통신업자,금지함,ACTION,업무 외 목적을 위한 신용정보 수집 및 사용,제54조의5,0.97,업무 외 목적|신용정보 수집|신용정보 사용,2026-04-16
신용정보보호,준용함,STRUCTURE,대통령령,제54조의5,0.96,방법과 절차|세부사항,2026-04-16
여신전문금융회사등,요구함,ACTION,회계처리,제55조,0.98,자금운용과 업무성과 분석|업종별 구분,2026-04-16
여신전문금융회사등,참조함,STRUCTURE,제3조제1항,제55조,0.85,허가|등록,2026-04-16
금융위원회,허용함,ACTION,감사인,제56조,0.97,감사인 지정|여신전문금융회사|대통령령으로 정하는 사유,2026-04-16
금융위원회,참조함,STRUCTURE,증권선물위원회,제56조,0.93,증권선물위원회의 심의,2026-04-16
금융위원회,허가·등록을 취소함,ACTION,여신전문금융회사등과 부가통신업자,제57조,0.96,허가·등록 취소|기간 설정,2026-04-16
금융위원회,기간을 정함,ACTION,6개월 범위,제57조,0.93,기간 설정,2026-04-16
업무,정의함,LOGICAL,제46조제1항제1호~제4호,제46조제1항제1호~제4호,0.92,업무|규정,2026-04-16
신용카드업자,준용함,STRUCTURE,업무,제46조제1항제1호~제4호,0.88,신용카드업자|업무,2026-04-16
여신전문금융업법,권한을가짐,ACTION,업무와 신용카드등부가통신업의 정지,제13조,0.95,업무 정지|정지 명령,2026-04-16
업무 정지,정의함,LOGICAL,제13조 제1항제1호에 따른 부대업무 포함,제13조,0.88,부대업무,2026-04-16
기준 위반,위반함,ACTION,기준,제13조제1항 제2호,0.96,기준 위반|제13조제1항,2026-04-16
제13조제1항,참조함,STRUCTURE,기준,제13조제1항 제2호,0.93,제13조제1항|기준,2026-04-16
제16조,정의함,LOGICAL,없음,제16조,0.9,조항,2026-04-16
제17조,정의함,LOGICAL,조항,제17조,0.6,조항,2026-04-16
제18조,정의함,LOGICAL,없음,제18조,0.3,정의,2026-04-16
제21조,정의함,LOGICAL,없음,제21조,0.2,,2026-04-16
제23조제1항,상위조항,STRUCTURE,제23조,제23조제1항,0.95,조문구조,2026-04-16
제25조제4항,정의함,LOGICAL,미정의,제25조제4항,0.3,조항,2026-04-16
업무에 관한 규정,정의함,LOGICAL,이 항 각 호 외의 부분에서 정하는 업무에 관한 규정,제46조,0.96,한정|업무,2026-04-16
제54조의4제2항ㆍ제3항,정의함,LOGICAL,미정,제54조의4제2항ㆍ제3항,0.6,,2026-04-16
위반,처벌대상임,SANCTION,제54조의5,제54조의5,0.96,위반|제54조의5,2026-04-16
제18조의4,상위조항,STRUCTURE,제18조,제18조의4,0.9,조항구조,2026-04-16
제23조제2항,상위조항,STRUCTURE,제23조,제23조제2항,0.9,조문구조,2026-04-16
제25조제1항,정의함,LOGICAL,제25조제1항의 내용,제25조제1항,0.5,,2026-04-16
제53조제4항,상위조항,STRUCTURE,제53조,제53조제4항,0.95,조문구조,2026-04-16
제53조의3제2항,근거함,STRUCTURE,위반,제53조의3제2항,0.92,제53조의3제2항|위반,2026-04-16
위반,정의함,LOGICAL,금융위원회의 명령·조치,제53조의3제2항,0.95,위반|금융위원회의 명령·조치,2026-04-16
제51조제1항제4호·제5호,참조함,STRUCTURE,금융소비자 보호에 관한 법률,제51조제1항제4호·제5호,0.96,해당 경우|법령,2026-04-16
금융위원회,취소함,ACTION,허가 또는 등록,제51조제2항,0.99,허가·등록 취소,2026-04-16
제51조제2항,참조함,STRUCTURE,제3조제1항,제51조제2항,0.95,신용카드업 허가·등록자,2026-04-16
해당자,정의함,LOGICAL,제6조제1항제2호부터 제4호까지의 어느 하나에 해당하는 자,제6조제1항제2호부터 제4호,0.99,업무 정지명령 위반,2026-04-16
해당자,위반함,ACTION,업무 정지명령,제6조제1항제2호부터 제4호,0.99,업무 정지명령 위반,2026-04-16
허가요건 유지의무 위반 및 영업 중단 사유,정의함,LOGICAL,정당한 사유 없이 1년 이상 계속하여 영업을 하지 아니한 경우,제6조의2,0.96,영업 중단|정당한 사유 없음,2026-04-16
허가요건 유지의무 위반 및 영업 중단 사유,정의함,LOGICAL,법인의 합병·파산·폐업 등으로 사실상 영업을 끝낸 경우,제6조의2,0.95,법인 합병|파산|폐업|영업 종료,2026-04-16
허가요건 유지의무 위반 및 영업 중단 사유,참조함,STRUCTURE,금융소비자 보호에 관한 법률,제6조의2,0.92,법령참조,2026-04-16
금융위원회,허용함,ACTION,등록 취소,제51조제1항제4호·제5호,1.0,등록 취소|시설대여업자|할부금융업자|신기술사업금융업자,2026-04-16
등록,참조함,STRUCTURE,제3조제2항,제3조제2항,0.95,등록,2026-04-16
여신전문금융회사,정의함,LOGICAL,제6조제1항제2호부터 제4호까지의 어느 하나에 해당하는 자,제6조제1항제2호~제4호,0.96,여신전문금융회사|제6조제1항제2호~제4호,2026-04-16
제53조제4항,참조함,STRUCTURE,다른 조항,제53조제4항,0.6,또는,2026-04-16
위반 사유,정의함,LOGICAL,"금융위원회의 명령·조치를 위반한 경우에 해당하는 ① 등록일로부터 1년 이내에 영업을 시작하지 아니함, ② 영업을 시작한 후 정당한 사유 없이 1년 이상 영업을 지속하지 아니함, ③ 법인의 합병·파산·폐업 등으로 사실상 영업을 종료함, ④ 「금융소비자 보호에 관한 법률」에 위반함",제53조의3제2항,0.96,위반 사유|금융위원회의 명령·조치,2026-04-16
해당 경우,정의함,LOGICAL,제51조제1항제3호부터 제5호까지,제51조제1항제3호부터 제5호까지,0.96,해당 경우|제51조제1항제3호~제5호,2026-04-16
해당 경우,참조함,STRUCTURE,제51조제1항제3호부터 제5호까지,제51조제1항제3호부터 제5호까지,0.94,해당 경우|제51조제1항제3호~제5호,2026-04-16
금융위원회,권한을가짐,ACTION,과징금,제58조,0.95,과징금|제재,2026-04-16
여신전문금융회사,과태료대상임,SANCTION,과징금,제58조,0.9,과징금|제재,2026-04-16
제46조,정의함,LOGICAL,제46조,제46조,0.5,,2026-04-16
과징금 부과,허용함,ACTION,3억원 이하의 과징금,제57조제1항,0.95,과징금 부과|대통령령에 따라,2026-04-16
과징금 부과,근거함,STRUCTURE,대통령령,제57조제1항,0.9,대통령령에 따라,2026-04-16
과징금,정의함,LOGICAL,1억원 이하,제57조제1항,0.96,과징금|1억원 이하,2026-04-16
금융위원회,허용함,ACTION,2억원 이하의 과징금 부과,제57조제1항,0.94,부과|과징금|2억원 이하,2026-04-16
할부금융업자,금지함,ACTION,금융위원회의 명령 위반,제37조,0.94,금융위원회 명령 위반|PROHIBITIVE,2026-04-16
할부금융업자,처벌대상임,SANCTION,금융위원회 명령 위반,제37조,0.96,금융위원회 명령 위반|PROHIBITIVE,2026-04-16
제39조,정의함,LOGICAL,미정의,제39조,0.6,조항,2026-04-16
신기술사업금융업자,위반함,ACTION,제40조,제40조,0.93,위반,2026-04-16
신기술사업금융업자,처벌대상임,SANCTION,제40조 위반,제40조,0.92,위반,2026-04-16
여신전문금융회사등 및 부가통신업자,위반함,ACTION,제45조,제45조,0.98,위반,2026-04-16
제16조의3,참조함,STRUCTURE,없음,제16조의3,0.1,,2026-04-16
제27조의4,정의함,LOGICAL,없음,제27조의4,0.2,,2026-04-16
제54조의4,참조함,STRUCTURE,제54조,제54조의4,0.6,조항,2026-04-16
제54조의5,정의함,LOGICAL,위반,제54조의5,0.92,,2026-04-16
제48조,정의함,LOGICAL,없음,제48조,0.6,,2026-04-16
제49조제1항ㆍ제4항,정의함,LOGICAL,제49조제1항ㆍ제4항,제49조제1항ㆍ제4항,0.35,,2026-04-16
제49조의2,참조함,STRUCTURE,제49조 제1항·제8항,제49조의2,0.65,조문|항,2026-04-16
위반,금지함,ACTION,제50조 제1항,제50조 제1항,0.95,위반|제50조 제1항,2026-04-16
법제처,부과함,ACTION,과징금,제49조제2항,1.0,과징금|부과,2026-04-16
위반자,요구함,ACTION,조달한 자금의 100분의 30 이하,제47조,0.95,조달금액 제한|위반자,2026-04-16
위반자,제한함,ACTION,초과액,제48조,0.98,초과액 제한|30% 이하,2026-04-16
초과액 제한,정의함,LOGICAL,초과액의 100분의 30 이하,제48조,0.95,초과액 제한,2026-04-16
위반자,처벌대상임,SANCTION,취득가액의 30% 이하,제49조제1항ㆍ제4항,1.0,취득가액|30% 이하,2026-04-16
취득가액 30% 이하,정의함,LOGICAL,취득가액의 100분의 30 이하,제49조제1항ㆍ제4항,1.0,취득가액|30% 이하,2026-04-16
금융위원회의 명령 위반,처벌대상임,SANCTION,초과 취득한 부동산 취득가액의 100분의 30 이하,제49조제2항,0.96,위반|금융위원회의 명령|부동산 취득가액|30%,2026-04-16
신용공여한도 초과,참조함,STRUCTURE,제49조의2제1항,제49조의2제1항,0.95,신용공여한도|제49조의2제1항,2026-04-16
신용공여한도 초과,과태료대상임,SANCTION,초과한 신용공여액 이하 6,제49조의2제1항,0.9,신용공여|신용공여액,2026-04-16
신용공여,처벌대상임,SANCTION,신용공여액 이하 7,제49조의2제8항,0.96,신용공여|신용공여액|위반,2026-04-16
제49조의2제8항,위반함,ACTION,신용공여,제49조의2제8항,0.92,제49조의2제8항|신용공여|위반,2026-04-16
금융위원회,부과함,ACTION,과징금,제50조제1항,0.99,과징금|부과,2026-04-16
금융위원회,징수함,ACTION,과징금,제50조제1항,0.99,과징금|징수,2026-04-16
금융위원회,위임함,ACTION,국세청장,제50조제1항,0.95,징수|체납처분|위탁,2026-04-16
금융위원회,허용함,ACTION,당사자 또는 이해관계인 등,제50조제1항,0.93,의견제출기회|부과전,2026-04-16
당사자 또는 이해관계인 등,허용함,ACTION,금융위원회의 회의,제50조제1항,0.92,출석|의견진술|자료제출,2026-04-16
이의신청,정의함,LOGICAL,절차,제58조의2,0.96,이의신청|절차,2026-04-16
불복하는 자,허용함,ACTION,금융위원회에 이의를 신청,제58조,0.99,이의신청|30일 이내|과징금 부과처분,2026-04-16
불복하는 자,요구함,ACTION,30일 이내에 사유를 갖추어 신청,제58조,0.98,이의신청|30일 이내,2026-04-16
금융위원회,요구함,ACTION,제1항에 따른 이의신청에 대해 60일 이내에 결정,제58조,0.99,결정|60일 이내|제1항,2026-04-16
금융위원회,허용함,ACTION,부득이한 사정이 있을 경우 30일 범위 내에서 결정기간 연장,제58조,0.97,결정기간 연장|부득이한 사정|30일,2026-04-16
금융위원회,요구함,ACTION,연장된 결정기간을 이의를 신청한 자에게 통보,제58조,0.98,통보|연장된 기간|제1항,2026-04-16
제58조 제1항,참조함,STRUCTURE,제58조 제2항,제58조,0.96,이의신청|결정,2026-04-16
제58조 제2항,참조함,STRUCTURE,제58조 제3항,제58조,0.95,결정기간 연장|통보,2026-04-16
금융위원회,요구함,ACTION,과오납금 환급,제58조의3,0.99,환급|과오납금,2026-04-16
제58조의3,참조함,STRUCTURE,제58조,제58조의3,0.95,이의신청|법원 판결,2026-04-16
금융위원회,정의함,LOGICAL,환급가산금,제58조의4,0.92,환급가산금|정의,2026-04-16
환급가산금,요구함,ACTION,환급받을 자에게 지급,제58조의3,0.96,가산금 이율|대통령령,2026-04-16
삭제,정의함,LOGICAL,제59조,제59조,0.99,삭제,2026-04-16
신용카드업자,요구함,ACTION,허가 또는 등록 취소에 따른 조치,제60조,0.8,허가|등록 취소|조치,2026-04-16
업무 지속,허용함,ACTION,신용카드에 의한 거래대금 결제를 위한 업무,제57조제2항,0.98,허가 또는 등록이 취소된 경우에도|처분 전에 행해진 거래대금 결제,2026-04-16
청문,정의함,LOGICAL,금융위원회,제61조,0.85,청문|금융위원회,2026-04-16
청문,요구함,ACTION,허가·등록 취소,제57조제2항,0.95,청문|허가·등록 취소,2026-04-16
청문,참조함,STRUCTURE,제57조제2항,제57조제2항,0.9,청문|제57조제2항,2026-04-16
여신전문금융회사등,허용함,ACTION,여신전문금융업협회 설립,제62조,0.97,설립|허가,2026-04-16
여신전문금융회사등,승인을요구함,ACTION,금융위원회 허가,제62조,0.96,허가|창립총회|정관,2026-04-16
협회,요구함,ACTION,법인 형태,제62조,0.94,법인|설립,2026-04-16
협회,요구함,ACTION,회장·이사·감사·기타 임원,제62조,0.94,임원|정관,2026-04-16
협회,준용함,STRUCTURE,민법 중 사단법인에 관한 규정,제62조,0.95,준용|민법|사단법인,2026-04-16
협회,금지함,ACTION,가입을 거부함,제63조,0.99,정당한 이유 없이|가입,2026-04-16
협회,금지함,ACTION,가입에 부당한 조건을 부과함,제63조,0.99,정당한 이유 없이|부당한 조건|가입,2026-04-16
협회,요구함,ACTION,이 법 또는 그 밖의 법령을 지키도록 하기 위한 회원에 대한 지도와 권고,제64조,0.96,업무|회원에 대한 지도와 권고,2026-04-16
협회,요구함,ACTION,회원에 대한 건전한 영업질서의 유지 및 이용자 보호를 위한 업무방식의 개선권고,제64조,0.96,업무|영업질서 유지|이용자 보호,2026-04-16
협회,요구함,ACTION,회원의 재무상태에 대한 분석,제64조,0.95,업무|재무상태 분석,2026-04-16
협회,요구함,ACTION,이용자 민원의 상담ㆍ처리,제64조,0.95,업무|민원 상담 및 처리,2026-04-16
협회,요구함,ACTION,회원 간의 신용정보의 교환,제64조,0.95,업무|신용정보 교환,2026-04-16
협회,요구함,ACTION,신용카드가맹점에 대한 정보 관리,제64조,0.95,업무|가맹점 정보 관리,2026-04-16
협회,요구함,ACTION,여신전문금융업과 여신전문금융회사의 발전을 위한 조사ㆍ연구,제64조,0.95,업무|조사와 연구,2026-04-16
협회,요구함,ACTION,표준약관의 제정 및 개정,제64조,0.95,업무|표준약관 제정·개정,2026-04-16
협회,요구함,ACTION,영세한 중소신용카드가맹점을 대상으로 하는 신용카드 단말기 지원사업에 관한 업무,제64조,0.94,업무|단말기 지원사업,2026-04-16
부가통신업자 지정 등에 관한 업무,참조함,STRUCTURE,제27조의5,제27조의5,0.96,부가통신업자 지정,2026-04-16
기부금관리재단,허용함,ACTION,업무 관리 및 운영,제67조,0.96,업무|관리 및 운영,2026-04-16
업무,정의함,LOGICAL,기부금관리재단의 관리 및 운영 등에 관한 업무,제67조,0.92,기부금관리재단|관리 및 운영,2026-04-16
협회,요구함,ACTION,정관에 각 호의 사항이 포함될 것,제65조,0.99,정관|각 호의 사항,2026-04-16
정관,정의함,LOGICAL,협회의 정관,제65조,0.95,협회,2026-04-16
감독 및 검사,대상,LOGICAL,협회와 그 소속 임직원,제66조,0.92,감독|검사,2026-04-16
제53조,정의함,LOGICAL,없음,제53조,0.55,조항,2026-04-16
제53조의2,준용함,STRUCTURE,제53조,제53조의2,0.99,준용함,2026-04-16
여신 전문금융회사등과 부가통신업자,간주함,LOGICAL,협회,제53조의2,0.99,간주함,2026-04-16
협회,허용함,ACTION,기부금관리재단,제67조,0.99,설립|기부금관리재단,2026-04-16
재단,요구함,ACTION,법인,제67조,0.95,법인|재단,2026-04-16
재단,준용함,STRUCTURE,민법 재단법인 규정,제67조,0.95,재단법인|민법,2026-04-16
신용카드업자,허용함,ACTION,재단에 선불카드 미사용잔액을 기부,제68조,0.99,선불카드 미사용잔액|기부,2026-04-16
신용카드업자,허용함,ACTION,재단에 신용카드포인트의 재산상 이익에 상당하는 금액을 기부,제68조,0.98,신용카드포인트|기부,2026-04-16
신용카드업자,요구함,ACTION,선불카드 미사용잔액등의 원권리자에게 기부 1개월 전 통지하고 동의를 얻음,제68조,0.97,통지|동의,2026-04-16
선불카드 미사용잔액등,정의함,LOGICAL,선불카드 미사용잔액 및 신용카드포인트,제68조,0.95,정의,2026-04-16
기부,준용함,STRUCTURE,대통령령,제68조,0.94,대통령령,2026-04-16
신용카드업자,요구함,ACTION,신용카드회원의 기부 요청이 있을 때 기부,제68조,0.96,기부 요청,2026-04-16
제68조 제3항,참조함,STRUCTURE,제1항 및 제2항,제68조,0.93,,2026-04-16
재단,요구함,ACTION,재원,제68조의2,0.95,운영|재원|MANDATORY,2026-04-16
제68조의2,참조함,STRUCTURE,제68조,제68조의2,0.9,구조적 연계,2026-04-16
운영 재원,정의함,LOGICAL,재단이 운영에 사용하는 재원,제68조의2,0.85,정의,2026-04-16
재산상 이익,정의함,LOGICAL,"기부받은 선불카드 미사용잔액 등에 상당하는 금액, 기부금, 그 밖의 수익금",제68조,0.98,재산상 이익|선불카드 미사용잔액|기부금|수익금,2026-04-16
삭제,예외로함,LOGICAL,제69조,제69조,0.95,삭제,2026-04-16
금융위원회,위임함,ACTION,금융감독원장,제69조의2,0.98,권한 위탁|여신전문금융회사|부가통신업자,2026-04-16
금융위원회,위임함,ACTION,협회 회장,제69조의2,0.97,권한 위탁|거래자 보호,2026-04-16
권한 위탁,정의함,LOGICAL,제69조의2,제69조의2,0.99,위임|PERMISSIVE,2026-04-16
제69조의2,참조함,STRUCTURE,대통령령,제69조의2,0.95,권한 위탁|대통령령에 의한 정함,2026-04-16
신용카드등을 위조하거나 변조한 자,처벌대상임,SANCTION,7년 이하의 징역 또는 5천만원 이하의 벌금,제70조,0.97,벌칙|징역|벌금,2026-04-16
위조되거나 변조된 신용카드등을 판매하거나 사용한 자,처벌대상임,SANCTION,7년 이하의 징역 또는 5천만원 이하의 벌금,제70조,0.97,벌칙|징역|벌금,2026-04-16
분실하거나 도난당한 신용카드나 직불카드를 판매하거나 사용한 자,처벌대상임,SANCTION,7년 이하의 징역 또는 5천만원 이하의 벌금,제70조,0.97,벌칙|징역|벌금,2026-04-16
강취ㆍ횡령하거나 사람을 기망하거나 공갈하여 취득한 신용카드나 직불카드를 판매하거나 사용한 자,처벌대상임,SANCTION,7년 이하의 징역 또는 5천만원 이하의 벌금,제70조,0.97,벌칙|징역|벌금,2026-04-16
행사할 목적으로 위조되거나 변조된 신용카드등을 취득한 자,처벌대상임,SANCTION,7년 이하의 징역 또는 5천만원 이하의 벌금,제70조,0.97,벌칙|징역|벌금,2026-04-16
거짓이나 그 밖의 부정한 방법으로 알아낸 타인의 신용카드 정보를 보유하거나 이를 이용하여 신용카드로 거래한 자,처벌대상임,SANCTION,7년 이하의 징역 또는 5천만원 이하의 벌금,제70조,0.97,벌칙|징역|벌금,2026-04-16
벌칙,정의함,LOGICAL,7년 이하의 징역 또는 5천만원 이하의 벌금,제70조,0.95,벌칙|징역|벌금,2026-04-16
제3조제1항,정의함,LOGICAL,신용카드업 허가·등록자,제3조제1항,0.96,신용카드업|허가|등록,2026-04-16
신용카드업자,금지함,ACTION,허가·등록 없이 신용카드업을 함,제3조제1항,0.94,허가|등록|부정한 방법,2026-04-16
허가·등록,정의함,LOGICAL,제3조제1항에 따른 허가를 받거나 등록을 한 자,제3조제1항,0.96,허가|등록,2026-04-16
여신전문금융회사,금지함,ACTION,대주주에게 신용공여,제49조의2제1항,0.96,신용공여,2026-04-16
제49조의2제1항,참조함,STRUCTURE,제8항,제49조의2제1항,0.94,위반,2026-04-16
여신전문금융회사,금지함,ACTION,주식소유,제50조제1항,0.98,주식소유|PROHIBITIVE,2026-04-16
대주주 및 특수관계인,금지함,ACTION,제50조의2제5항을 위반하여 같은 항 각 호의 어느 하나에 해당하는 행위,제50조의2제5항,0.96,위반|금지,2026-04-16
제18조의3제4항제2호,상위조항,STRUCTURE,제18조의3제4항,제18조의3제4항제2호,1.0,,2026-04-16
제19조제6항,참조함,STRUCTURE,제19조제6항,제19조제6항,0.3,,2026-04-16
위반자,처벌함,ACTION,5년 이하의 징역 또는 3천만원 이하의 벌금,제24조의2제3항,0.97,형벌,2026-04-16
다음 각 호의 어느 하나에 해당하는 자,처벌함,ACTION,3년 이하의 징역 또는 2천만원 이하의 벌금,제24조의2제3항,0.94,형벌,2026-04-16
자금을 융통하여 준 자 또는 이를 중개·알선한 자,금지함,ACTION,물품의 판매 또는 용역의 제공 등을 가장하거나 실제 매출금액을 넘겨 신용카드로 거래하거나 이를 대행하게 하는 행위,제3조제2항,0.96,자금 융통|사기성 거래|가장 행위,2026-04-16
자금을 융통하여 준 자 또는 이를 중개·알선한 자,금지함,ACTION,신용카드회원으로 하여금 신용카드로 구매하도록 한 물품·용역 등을 할인하여 매입하는 행위,제3조제2항,0.95,자금 융통|할인 매입|신용카드 이용 유도,2026-04-16
자금 융통,정의함,LOGICAL,자금을 제공하거나 이를 중개·알선하는 행위,제3조제2항,0.9,자금|융통|중개·알선,2026-04-16
신용카드에 질권을 설정하는 행위,금지함,ACTION,제15조,제15조,0.97,신용카드|질권|설정,2026-04-16
다른 신용카드가맹점의 명의를 사용하여 신용카드로 거래한 자,금지함,ACTION,다른 신용카드가맹점의 명의를 사용하여 신용카드로 거래,제19조제5항제3호,0.96,다른 신용카드가맹점 명의 사용|신용카드 거래,2026-04-16
다른 신용카드가맹점의 명의를 사용하여 신용카드로 거래한 자,처벌대상임,SANCTION,제19조제5항제3호 위반,제19조제5항제3호,0.92,위반자|형벌 적용,2026-04-16
대행자,금지함,ACTION,신용카드에 의한 거래 대행,제19조제5항제5호,0.99,신용카드 거래 대행,2026-04-16
양도한 자,양도함,ACTION,매출채권,제20조제1항,0.96,매출채권,2026-04-16
양수한 자,양수함,ACTION,매출채권,제20조제1항,0.96,매출채권,2026-04-16
양도한 자 및 양수한 자,참조함,STRUCTURE,제20조제1항,제20조제1항,0.94,,2026-04-16
자,위반함,ACTION,제20조제2항,제20조제2항,0.95,신용카드가맹점 명의 거래|PROHIBITIVE,2026-04-16
제20조제2항,금지함,ACTION,신용카드가맹점 명의 거래,제20조제2항,0.9,신용카드가맹점 명의 거래|PROHIBITIVE,2026-04-16
자,금지함,ACTION,등록을 하지 않음,제27조의2제1항,0.96,등록,2026-04-16
자,금지함,ACTION,신용카드등부가통신업 수행,제27조의2제1항,0.96,신용카드등부가통신업,2026-04-16
제27조의2제1항에 따른 등록을 한 자,처벌한다,SANCTION,1년 이하의 징역 또는 1천만원 이하의 벌금,제27조의2제1항,0.96,징역|벌금|1년 이하|1천만원 이하,2026-04-16
신용카드회원 모집자,정의함,LOGICAL,신용카드회원을 모집한 자,제14조의2제1항,0.96,신용카드회원 모집자|신용카드회원,2026-04-16
신용카드회원 모집자,예외로함,LOGICAL,각 호의 어느 하나에 해당하지 아니한 자,제14조의2제1항,0.94,각 호|예외,2026-04-16
신용카드 양도·양수,정의함,LOGICAL,신용카드의 양도 및 양수 행위,제15조,0.96,양도|양수|신용카드,2026-04-16
위반자,금지함,ACTION,신용카드 양도·양수,제15조,0.92,제15조|신용카드|양도|양수,2026-04-16
위반자,위반함,ACTION,제18조의3제4항제1호,제18조의3제4항제1호,0.95,위반,2026-04-16
위반자,처벌대상임,SANCTION,제18조의3제4항제1호,제18조의3제4항제1호,0.9,위반,2026-04-16
제19조제1항,금지함,ACTION,물품의 판매 및 용역 제공을 거절하거나 신용카드 회원을 불리하게 대우함,제19조제1항,0.96,신용카드 이용자 차별,2026-04-16
위반자,요구함,ACTION,신용카드회원이 가맹점수수료를 부담하게 함,제19조제4항,0.98,부담하게 하다,2026-04-16
위반자,위반함,STRUCTURE,제19조제4항,제19조제4항,0.96,제19조제4항을 위반,2026-04-16
명의 대여자,금지함,ACTION,신용카드가맹점 명의를 타인에게 빌려주는 행위,제19조제5항제4호,0.99,명의 대여|신용카드가맹점 명의,2026-04-16
명의 대여자,처벌대상임,SANCTION,제19조제5항제4호 위반,제19조제5항제4호,0.98,명의 대여|위반,2026-04-16
제27조,정의함,LOGICAL,없음,제27조,0.3,조항 내용 없음,2026-04-16
제50조의2제1항ㆍ제3항,정의함,LOGICAL,조항,제50조의2제1항ㆍ제3항,0.6,조항,2026-04-16
위반자,정의함,LOGICAL,제51조를 위반한 자,제51조,1.0,위반|제51조,2026-04-16
위반한 자,처벌대상임,SANCTION,500만원 이하의 벌금,제36조제2항,1.0,벌금|형벌,2026-04-16
제1항제1호 및 제2호의 미수범,처벌대상임,SANCTION,처벌,제36조제2항,0.95,미수범|처벌,2026-04-16
제1항제1호의 죄를 범할 목적으로 예비하거나 음모한 자,처벌대상임,SANCTION,3년 이하의 징역 또는 2천만원 이하의 벌금,제36조제2항,0.95,예비|음모|징역|벌금,2026-04-16
자수한 자,면제함,SANCTION,형,제36조제2항,0.9,자수|형,2026-04-16
제1항부터 제4항까지의 규정에 따른 징역형과 벌금형,병과함,STRUCTURE,병과,제36조제2항,0.8,징역형|벌금형|병과,2026-04-16
양벌규정,정의함,LOGICAL,법인의 대표자·대리인·사용인·그 밖의 종업원에 대한 책임,제71조,0.92,양벌규정|법인|대표자|대리인|사용인|종업원|업무,2026-04-16
법인 또는 개인,과하다,ACTION,벌금형,제70조,0.99,벌금형|과하다,2026-04-16
법인 또는 개인,예외로함,LOGICAL,위반행위를 방지하기 위하여 해당 업무에 관하여 상당한 주의와 감독을 게을리하지 아니한 경우,제70조,0.97,주의|감독|방지,2026-04-16
위반행위,요구함,ACTION,벌금형 부과,제70조,0.95,위반행위|벌금형,2026-04-16
해당자,부과함,ACTION,5천만원 이하의 과태료,제72조,0.99,과태료|5천만원 이하,2026-04-16
위반자,위반함,ACTION,규정,제14조의5,1.0,규정 위반,2026-04-16
위반자,처벌대상임,SANCTION,제14조의5제1항~제3항 규정 위반,제14조의5,1.0,규정 위반,2026-04-16
조사 거부,정의함,LOGICAL,제14조의5제4항에 따른 조사,제14조의5제4항,0.99,조사|거부,2026-04-16
불법행위 신고,정의함,LOGICAL,모집인의 불법행위에 대한 신고 의무,제14조의5제5항,0.9,불법행위 신고,2026-04-16
자,신고하지 않음,ACTION,모집인의 불법행위,제14조의5제5항,0.95,불법행위 신고,2026-04-16
조사 거부,정의함,LOGICAL,제16조의2제3항에 따른 조사를 거부한 자,제16조의2제3항,0.99,조사|거부,2026-04-16
연회비 반환,정의함,LOGICAL,연회비,제16조의5,0.95,연회비 반환|연회비,2026-04-16
제19조제3항ㆍ제7항,참조함,STRUCTURE,제19조,제19조,0.7,참조,2026-04-16
위반자,위반함,ACTION,제19조의2,제19조의2,0.96,위반,2026-04-16
자,위반함,ACTION,제27조의2제4항,제27조의2제4항,0.96,위반,2026-04-16
자,금지함,ACTION,변경등록,제27조의2제4항,0.94,변경등록|위반,2026-04-16
자,신고하지 않다,ACTION,부수업무,제46조의2제1항,0.96,부수업무 신고|PROHIBITIVE,2026-04-16
부수업무 신고를 하지 아니한 자,처벌대상임,SANCTION,제46조의2제1항,제46조의2제1항,0.94,위반|법적 강제성,2026-04-16
제49조의2제2항,상위조항,STRUCTURE,제49조,제49조의2제2항,0.85,조항구조,2026-04-16
이사회 결의,요구함,ACTION,제50조제2항,제50조제2항,0.95,제50조제2항|이사회 결의,2026-04-16
제49조의2,참조함,STRUCTURE,제49조의2제3항,제49조의2,0.92,제49조의2제3항,2026-04-16
제49조의2,참조함,STRUCTURE,제49조의2제4항,제49조의2,0.92,제49조의2제4항,2026-04-16
위반자,금지함,ACTION,보고·공시,제50조제3항ㆍ제4항,0.99,보고·공시 의무|위반자,2026-04-16
보고·공시 의무,정의함,LOGICAL,제50조제3항ㆍ제4항,제50조제3항ㆍ제4항,0.97,보고·공시 의무,2026-04-16
자료제출 요구에 따르지 아니한 자,정의함,LOGICAL,제50조의8제1항에 따른 자료제출 요구에 따르지 아니한 자,제50조의8제1항,0.95,자료제출 요구에 따르지 아니한 자|제50조의8제1항,2026-04-16
자료제출 요구에 따르지 아니한 자,참조함,STRUCTURE,제50조의8제1항,제50조의8제1항,0.9,자료제출 요구에 따르지 아니한 자|제50조의8제1항,2026-04-16
자료제출·관계인 출석·의견진술 요구 불이행,정의함,LOGICAL,제53조의2제3항에 따른 자료제출 또는 관계인의 출석 및 의견진술 요구에 따르지 아니한 자,제53조의2제3항,1.0,자료제출|관계인 출석|의견진술 요구|불이행,2026-04-16
제54조,금지함,ACTION,보고서 제출하지 않음,제54조,0.97,보고 의무 위반|거짓 보고서 제출 포함,2026-04-16
자,처벌대상임,SANCTION,제54조 위반,제54조,0.93,보고 의무 위반,2026-04-16
자,금지함,ACTION,공시를 하지 않음 또는 거짓으로 공시함,제54조의2,0.99,공시|거짓공시,2026-04-16
제54조의2,참조함,STRUCTURE,공시 의무,제54조의2,0.95,공시,2026-04-16
위반자,금지함,ACTION,금융위원회에 신고·보고하지 않다,제54조의3,1.0,신고·보고 의무 위반,2026-04-16
위반자,처벌대상임,SANCTION,제54조의3 위반,제54조의3,1.0,신고·보고 의무 위반,2026-04-16
회계처리 구분 위반,정의함,LOGICAL,제55조를 위반하여 다른 업무와 구분하여 회계처리를 하지 아니한 자,제55조,0.99,위반|회계처리 구분,2026-04-16
자,위반함,ACTION,제55조,제55조,0.95,회계처리 구분 위반,2026-04-16
자,부과함,ACTION,과태료,제50조의12,0.99,과태료 부과,2026-04-16
제50조의13제2항을 위반하여 신용공여 계약을 체결하려는 자에게 금리인하를 요구할 수 있음을 알리지 아니한 자,과태료대상임,SANCTION,2천만원 이하의 과태료,제50조의13제2항,0.98,과태료|부과,2026-04-16
다음 각 호의 어느 하나에 해당하는 자,과태료대상임,SANCTION,1천만원 이하의 과태료,제50조의13제2항,0.9,과태료|부과,2026-04-16
금융위원회,부과함,ACTION,과태료,제14조의5제6항,1.0,과태료|부과·징수,2026-04-16
과태료,근거함,STRUCTURE,제14조의5제6항,제14조의5제6항,0.95,제1항부터 제4항까지의 규정에 따른,2026-04-16
법,시행함,ACTION,공포한 날부터,제1조,0.99,시행일|공포,2026-04-16
시행일,정의함,LOGICAL,공포한 날부터,제1조,0.97,시행일|공포,2026-04-16
법률,시행함,ACTION,해당 법률,제7조,0.96,법률 개정|시행일,2026-04-16
제2조,정의함,LOGICAL,없음,제2조,0.2,,2026-04-16
제6조까지 생략,예외로함,LOGICAL,제6조 이전 조항,제6조,0.9,생략|예외,2026-04-16
여신전문금융업법 개정,정의함,LOGICAL,여신전문금융업법 일부,제7조,0.95,개정|법률,2026-04-16
통계청장,정의함,LOGICAL,국가데이터처장,제2조제14호의2가목,1.0,바꾸다,2026-04-16
제8조,정의함,LOGICAL,생략,제8조,0.95,생략,2026-04-16
