subject	relation	relation_category	object	article_number	confidence	concepts	created_at
이 법	정의함	LOGICAL	신용정보 관련 산업을 건전하게 육성하고 신용정보의 효율적 이용과 체계적 관리를 도모하며 신용 정보의 오용ㆍ남용으로부터 사생활의 비밀 등을 적절히 보호함으로써 건전한 신용질서를 확립하고 국민경제의 발전에 이바지함	제1조	0.97	목적|신용정보|산업|효율적 이용|체계적 관리|오용|남용|사생활 보호|신용질서|국민경제 발전	2026-04-25
신용정보	정의함	LOGICAL	금융거래 등 상거래에서 거래 상대방의 신용을 판단할 때 필요한 정보	제2조	0.95	정의|신용정보	2026-04-25
특정 신용정보주체를 식별할 수 있는 정보	정의함	LOGICAL	살아 있는 개인에 관한 정보 및 기업(사업을 경영하는 개인 및 법인과 이들의 단체) 정보	제2조	0.9	정의|특정 신용정보주체를 식별할 수 있는 정보	2026-04-25
신용정보주체의 거래내용을 판단할 수 있는 정보	정의함	LOGICAL	신용정보제공·이용자에게 신용위험이 따르는 거래의 종류, 기간, 금액, 금리, 한도 등	제2조	0.9	정의|신용정보주체의 거래내용을 판단할 수 있는 정보	2026-04-25
신용공여	정의함	LOGICAL	여신전문금융업법	제2조제7호	0.9	신용공여 정의|여신전문금융업법	2026-04-25
제2조제7호	참조함	STRUCTURE	여신전문금융업법	제2조제7호	0.8	제2조제7호 참조|여신전문금융업법	2026-04-25
신용카드, 시설대여 및 할부금융 거래	정의함	LOGICAL	자본시장과 금융투자업에 관한 법률	제2조제3호ㆍ제10호 및 제13호	0.95	신용카드|시설대여|할부금융 거래	2026-04-25
신용카드, 시설대여 및 할부금융 거래	참조함	STRUCTURE	제2조제3호ㆍ제10호 및 제13호	제2조제3호ㆍ제10호 및 제13호	0.9	제2조제3호|제10호|제13호	2026-04-25
제34조제2항	정의함	LOGICAL	제34조	제34조제2항	0.5	제34조제2항|제34조	2026-04-25
제77조의3제4항	상위조항	STRUCTURE	제77조	제77조의3제4항	0.8	제77조의3제4항|제77조	2026-04-25
신용공여	정의함	LOGICAL	거래	제342조제1항	0.95	신용공여|거래	2026-04-25
대통령령	정의함	ACTION	거래	제342조제1항	0.9	대통령령|거래	2026-04-25
정 보	요구함	ACTION	금융거래의 종류, 기간, 금액, 금리 등에 관한 정 보	제2조제3호	0.95	정 보|금융거래	2026-04-25
보험상품 정보 및 보험금 청구 및 지급 정보	정의함	LOGICAL	보험상품의 종류, 기간, 보험료 등 보험계약에 관한 정보 및 보험금의 청구 및 지급에 관한 정보	제2조제1호	0.95	제2조제1호에 따른|보험계약에 관한 정보|보험금 청구 및 지급에 관한 정보	2026-04-25
보험상품 정보 및 보험금 청구 및 지급 정보	근거함	STRUCTURE	자본시장과 금융투자업에 관한 법률	제2조제1호	0.85	자본시장과 금융투자업에 관한 법률	2026-04-25
제2조제1호	정의함	LOGICAL	보험상품 정보 및 보험금 청구 및 지급 정보	제2조제1호	0.9	보험상품 정보 및 보험금 청구 및 지급 정보	2026-04-25
금융투자상품	요구함	ACTION	금융투자상품 정보	제3조	0.95	금융투자상품 정보|제3조에 따른	2026-04-25
제3조	참조함	STRUCTURE	상법	제3조	0.9	상법 참조	2026-04-25
신용정보주체	정의함	LOGICAL	신용정보주체의 신용도 판단 정보	제46조	0.95	신용정보주체의 신용도 판단 정보	2026-04-25
신용정보주체	정의함	LOGICAL	신용정보주체의 신용거래능력을 판단할 수 있는 정보	제46조	0.95	신용정보주체의 신용거래능력을 판단할 수 있는 정보	2026-04-25
감사인	정의함	LOGICAL	제2조제7호에 따른 감사인	제2조	0.92	감사인 정의|제2조제7호	2026-04-25
감사인	참조함	STRUCTURE	제2조제7호	제2조	0.95	감사인|제2조제7호 참조	2026-04-25
신용정보주체의 신용을 판단할 때 필요한 정보	정의함	LOGICAL	다양한 정보(법원의 재판·행정처분, 조세·국가채권, 채무조정, 개인신용평점, 기업신용등급 등)	제2조	0.88	신용정보주체|신용판단 정보	2026-04-25
개인신용평점	정의함	LOGICAL	기호·숫자 등을 사용해 점수·등급 등으로 나타낸 정보	제2조	0.9	개인신용평점|점수·등급	2026-04-25
기업신용등급	정의함	LOGICAL	기호·숫자 등을 사용해 점수·등급 등으로 표시한 정보	제2조	0.9	기업신용등급|점수·등급	2026-04-25
신용등급	제외한다	ACTION	제9조제26항에 따른 신용등급	제9조제26항	0.95	신용등급 제외|제9조제26항에 따른	2026-04-25
신용등급	참조함	STRUCTURE	제9조제26항	제9조제26항	0.9	제9조제26항에 따른	2026-04-25
기술신용정보	정의함	LOGICAL	기업 및 법인의 신용을 판단하기 위하여 정보(기업 및 법인의 기술과 관련된 기술성ㆍ시장성ㆍ사업성 등을 대 통령령으로 정하는 바에 따라 평가한 결과를 포함한다)를 처리함으로써 새로이 만들어지는 정보	제2조제1호	0.95	정의|신용정보	2026-04-25
기술신용정보	근거함	STRUCTURE	대통령령으로 정하는 정보	제2조제1호	0.9	근거|대통령령	2026-04-25
기술신용정보	예외로함	LOGICAL	자본시장과 금융투자업에 관한 법률	제2조제1호	0.85	예외|자본시장법	2026-04-25
신용등급	예외로함	LOGICAL	제9조제26항에 따른	제9조제26항	0.9	신용등급|제9조제26항	2026-04-25
개인신용정보	정의함	LOGICAL	기업 및 법인에 관한 정보를 제외한 살아 있는 개인에 관한 신용정보	제9조	0.95	개인신용정보|신용정보	2026-04-25
신용정보주체	정의함	LOGICAL	처리된 신용정보로 알아볼 수 있는 자로서 그 신용정보의 주체가 되는 자	제9조	0.95	신용정보주체|신용정보	2026-04-25
신용정보업	정의함	LOGICAL	다음 각 목의 어느 하나에 해당하는 업	제9조	0.95	신용정보업|업	2026-04-25
신용정보회사	정의함	LOGICAL	제4호 각 목의 신용정보업에 대하여 금융위원회의 허가를 받은 자	제9조	0.95	신용정보회사|신용정보업|금융위원회	2026-04-25
신용정보집중기관	정의함	LOGICAL	신용정보를 집중하여 관리ㆍ활용하는 자	제9조	0.95	신용정보집중기관|신용정보	2026-04-25
신용정보제공ㆍ이용자	정의함	LOGICAL	금융위원회로부터 허가받은 자	제25조제1항	0.95	정의|허가받은 자	2026-04-25
신용정보제공ㆍ이용자	정의함	LOGICAL	고객과의 금융거래 등 상거래를 위하여 본인의 영업과 관련하여 얻거나 만들어 낸 신용정보를 타인에게 제공하거나 타인으로부터 신용정보를 제공받아 본인의 영업에 이용하는 자와 그 밖에 이에 준하는 자로서 대통령령으로 정하는 자	제25조	0.9	정의|신용정보제공|이용자	2026-04-25
개인신용평가업	정의함	LOGICAL	개인 신용을 판단하는 데 필요한 정보를 수집하고 개인의 신용상태를 평가(이하 “개인신용평가”라 한다)하여 그 결과(개인신용평점을 포함한다)를 제3자에게 제공하는 행위를 영업으로 하는 것	제25조	0.9	정의|개인신용평가업|영업	2026-04-25
개인사업자신용평가업	정의함	LOGICAL	개인사업자의 신용을 판단하는 데 필요한 정보를 수집하고 개인사업자의 신용 상태를 평가하여 그 결과를 제3자에게 제공하는 행위를 영업으로 하는 것	제25조	0.9	정의|개인사업자신용평가업|영업	2026-04-25
개인사업자신용평가업	준용함	STRUCTURE	자본시장과 금융투자 업에 관한 법률	제25조	0.85	준용|자본시장과 금융투자 업에 관한 법률	2026-04-25
신용평가업	제외함	ACTION	제9조제26항에 따른	제9조제26항	0.95	신용평가업 제외	2026-04-25
기업신용조회업	정의함	LOGICAL	다음 각 목에 따른 업무를 영업으로 하는 것	제8조제3항	0.95	기업신용조회업 정의	2026-04-25
기업신용조회업	준용함	STRUCTURE	자본시장과 금융투자업 에 관한 법률	제8조제3항	0.9	자본시장과 금융투자업 에 관한 법률 준용	2026-04-25
신용조사업	정의함	LOGICAL	제3자의 의뢰를 받아 신용정보를 조사하고, 그 신용정보를 그 의뢰인에게 제공하는 행위를 영업으로 하는 것	제9조	0.95	신용조사업|신용정보|영업	2026-04-25
가명처리	정의함	LOGICAL	추가정보를 사용하지 아니하고는 특정 개인인 신용정보주체를 알아볼 수 없도록 개인신용정보를 처리(그 처리 결과가 다음 각 목의 어느 하나에 해당하는 경우)	제15조제1항	0.95	가명처리|추가정보|개인신용정보|신용정보주체	2026-04-25
가명정보	정의함	LOGICAL	가명처리한 개인신용정보	제40조의2	0.99	가명정보|가명처리	2026-04-25
익명처리	정의함	LOGICAL	더 이상 특정 개인인 신용정보주체를 알아볼 수 없도록 개인신용정보를 처리하는 것	제40조의2	0.99	익명처리|개인신용정보	2026-04-25
대주주	정의함	LOGICAL	다음 각 목의 어느 하나에 해당하는 주주	제40조의2	0.99	대주주|주주	2026-04-25
주주	정의함	LOGICAL	집행임원을 둔 경우에 한정된 주주로서 신용정보회사, 본인신용정보관리회사 및 채권추심회사의 중요한 경영사항에 사실상의 영향력을 행사하는 자	제408조의2	0.9	주주 정의|집행임원 조건|경영사항 영향력	2026-04-25
주주	행사	ACTION	경영사항	제408조의2	0.85	주주|경영사항|영향력 행사	2026-04-25
금융위원회	세우다	ACTION	신용정보 관련 산업의 육성에 관한 계획	제3조	0.95	신용정보 산업 육성|신용정보 제공능력의 향상|신용정보의 원활한 이용	2026-04-25
금융위원회	요청할 수 있다	ACTION	관계 행정기관의 장	제3조	0.9	계획을 원활하게 추진하기 위하여 필요하면	2026-04-25
관계 행정기관의 장	따라야 한다	ACTION	금융위원회의 요청	제3조	0.85	정당한 사유가 없으면	2026-04-25
법	따르다	ACTION	이 법에서 정하는 바	제3조의2	0.95	신용정보의 이용 및 보호|다른 법률에 특별한 규정이 없는 경우	2026-04-25
법	예외로함	LOGICAL	다른 법률에 특별한 규정이 있는 경우	제3조의2	0.9	다른 법률|특별한 규정|예외	2026-04-25
법	따르다	ACTION	개인정보 보호법에서 정하는 바	제3조의2	0.95	개인정보 보호|개인정보 보호법|이 법에 특별한 규정이 없는 경우	2026-04-25
법	예외로함	LOGICAL	이 법에 특별한 규정이 있는 경우	제3조의2	0.9	이 법|특별한 규정|예외	2026-04-25
다른 법률과의 관계	정의함	LOGICAL	이 법이 다른 법률과의 관계를 규정함	제3조의2	0.85	다른 법률과의 관계|정의	2026-04-25
Any person	금지함	ACTION	신용정보업, 본인신용정보관리업, 채권추심업을 수행	제4조	0.95	허가 없이|신용정보업	2026-04-25
신용정보업, 본인신용정보관리업 및 채권추심업을 하려는 자	허가를 받아야 한다	ACTION	금융위원회	제4조	0.95	허가|신용정보업	2026-04-25
제2항에 따른 허가를 받으려는 자	신청서를 제출하여야 한다	ACTION	금융위원회	제4조	0.9	대통령령|신청서	2026-04-25
금융위원회	조건을 붙일 수 있다	ACTION	제2항에 따른 허가	제4조	0.9	조건|허가	2026-04-25
총리령	정한다	STRUCTURE	제2항에 따른 허가와 관련된 허가신청서의 작성 방법 등 허가신청에 관한 사항, 허가심사의 절차 및 기준에 관한 사항, 그 밖에 필요한 사항	제4조	0.9	총리령|허가신청서	2026-04-25
신용정보업 등의 허가를 받을 수 있는 자	정의함	LOGICAL	다음 각 호의 자	제5조	0.95	허가를 받을 수 있는 자|제한	2026-04-25
업무	금지함	ACTION	업무의 허가	제2조제8호의3나목 및 다목	0.95	업무 허가|제2조제8호의3나목 및 다목	2026-04-25
법인 2	정의함	LOGICAL	공시대상기업집단 및 상호출자제한기업집단에 속하는 회사가 100분의 10을 초과하여 출자한 법인	제31조제1항	0.95	공시대상기업집단|상호출자제한기업집단|100분의 10 초과 출자	2026-04-25
출자한 법인	정의함	LOGICAL	법인	제9조제17항제3호의2	0.95	출자한 법인 정의|100분의 10 초과 출자	2026-04-25
신용평가회사	출자한	ACTION	출자한 법인	제9조제17항제3호의2	0.95	출자한 법인|100분의 10 초과 출자	2026-04-25
허가를 받으려는 자	갖추어야 한다	ACTION	요건	제6조	0.95	허가의 요건|갖추어야 한다	2026-04-25
허가를 받으려는 자	갖추어야 한다	ACTION	인력과 전산설비 등 물적 시설	제6조	0.9	인력|전산설비|물적 시설	2026-04-25
허가를 받으려는 자	갖추어야 한다	ACTION	50억원 이상	제6조	0.9	자본금|50억원	2026-04-25
업무 단위	정의함	LOGICAL	금액 기준	제2조제8호의3	0.95	업무 단위별 금액 기준|정의함	2026-04-25
기업정보조회업무	정의함	LOGICAL	5억원	제2조제8호의3	0.95	기업정보조회업무|정의함	2026-04-25
기업신용등급제공업무	정의함	LOGICAL	20억원	제2조제8호의3	0.95	기업신용등급제공업무|정의함	2026-04-25
기술신용평가업무	정의함	LOGICAL	20억원	제2조제8호의3	0.95	기술신용평가업무|정의함	2026-04-25
본인신용정보관리업	정의함	LOGICAL	5억원 이상	제2조제8호의3	0.95	본인신용정보관리업|정의함	2026-04-25
사업계획	요구함	ACTION	타당하고 건전할 것	제2조제8호의3	0.9	사업계획|요구함	2026-04-25
대주주	요구함	ACTION	충분한 출자능력, 건전한 재무상태 및 사회적 신용을 갖출 것	제2조제8호의3	0.9	대주주|요구함	2026-04-25
Unknown	정의함	LOGICAL	제22조제1항ㆍ제2항	Unknown	0.3	Unknown	2026-04-25
제22조의8	상위조항	STRUCTURE	제22조	제22조의8	0.95	제22조의8|제22조	2026-04-25
허가를 받으려는 자	갖추다	ACTION	자본금 또는 기본재산	제27조제1항	0.95	자본금|기본재산|허가를 받으려는 자	2026-04-25
개인신용평가업을 하려는 자	갖추다	ACTION	50억원 이상의 자본금	제27조제1항	0.95	자본금|50억원 이상|개인신용평가업	2026-04-25
전문개인신용평가업만 하려는 자	갖추다	ACTION	20억원 이상의 자본금	제27조제1항	0.95	자본금|20억원 이상|전문개인신용평가업	2026-04-25
전문개인신용평가업만 하려는 자	갖추다	ACTION	5억원 이상의 자본금	제27조제1항	0.95	자본금|5억원 이상|전문개인신용평가업	2026-04-25
신용조사업 및 채권추심업을 각각 또는 함께 하려는 자	갖추다	ACTION	50억원 이내에서 대통령령으로 정하는 금액 이상	제27조제1항	0.95	자본금|50억원 이내|대통령령|신용조사업|채권추심업	2026-04-25
금융위원회	요구함	ACTION	관보에 공고	제7조	0.95	공고	2026-04-25
금융위원회	요구함	ACTION	일반인에게 알려야 한다	제7조	0.95	알려야 한다	2026-04-25
인증	인가	ACTION	양도ㆍ양수	제10조제1항	0.9	인증|양도|양수	2026-04-25
제10조제1항	참조함	STRUCTURE	인증	제10조제1항	0.8	제10조제1항|인증	2026-04-25
폐업신고	참조함	STRUCTURE	제10조제4항	제10조제4항	0.95	폐업신고|제10조제4항	2026-04-25
폐업신고	수리한 경우	LOGICAL	4	제10조제4항	0.9	폐업신고|수리	2026-04-25
부수업무의 신고	수리함	ACTION	수리	제11조의2제1항	0.9	부수업무의 신고|수리	2026-04-25
제한명령	한	ACTION	부수업무	제11조의2제8항	0.9	제한명령|시정명령|부수업무	2026-04-25
허가 취소	취소함	ACTION	신용정보업, 본인신용정보관리업 및 채권추심업 허가 또는 양도ㆍ양수 등의 인가	제14조제1항	0.95	허가 취소|신용정보업|본인신용정보관리업|채권추심업|양도|양수	2026-04-25
제26조의4제1항	참조함	STRUCTURE	데이터전문기관 지정	제26조의4제1항	0.95	데이터전문기관 지정|제26조의4제1항	2026-04-25
신용정보회사, 본인신용정보관리회사 및 채권추심회사가	의무를가짐	ACTION	신고 및 보고	제8조	0.8	신고 및 보고|신용정보회사|본인신용정보관리회사|채권추심회사	2026-04-25
허가받은 사 항	요구함	ACTION	금융위원회	제4조제2항	0.95	허가받은 사 항|대통령령으로 정하는 사항|신고	2026-04-25
금융위원회	요구함	ACTION	신고 수리	제4조제2항	0.9	검토|수리|법에 적합	2026-04-25
제4조제2항	참조함	STRUCTURE	제1항	제4조제2항	0.9	제1항|참조	2026-04-25
대주주	정의함	LOGICAL	최대주주의 특수관계인인 주주를 포함하며, 최대주주가 법인인 경우 그 법인의 중요한 경영사항에 사실상 영향력을 행사하고 있는 자를 포함한다	제9조	0.95	대주주 정의|주식 지배	2026-04-25
자	요구함	ACTION	미리 금융위원회의 승인을 받아야 한다	제9조	0.95	대주주 승인|조세범 처벌법|금융위원회 승인	2026-04-25
금융위원회	정한다	ACTION	적격성 심사대상	제9조의2	0.95	최대주주 자격심사|대통령령으로 정하는 기간마다	2026-04-25
심사대상회사	정의함	LOGICAL	대통령령으로 정하는 개인신용평가회사 및 개인사업자신용평가회 사	제9조의2	0.9	심사대상회사 정의	2026-04-25
적격성 심사대상	정의함	LOGICAL	최대주주 중 최다출자자 1인(법인인 경우 그 법인의 최대주주 중 최다출자자 1인, 그 최다출자자 1인도 법인인 경우에는 최다출자자 1인이 개인이 될 때까지 같은 방법으로 선정, 법인 간 순환출자 구조인 경우에는 최대주주 중 대통령령으로 정하는 최다출자자 1인)	제9조의2	0.85	적격성 심사대상 정의	2026-04-25
심사대상회사	심사	ACTION	적격성 유지요건	제9조제1항	0.95	심사|적격성 유지요건	2026-04-25
심사대상회사	인지함	ACTION	적격성 유지요건 미충족 사유	제9조제1항	0.9	인지|적격성 유지요건	2026-04-25
심사대상회사	보고함	ACTION	금융위원회	제9조제1항	0.95	보고|금융위원회	2026-04-25
금융위원회	요구함	ACTION	자료 또는 정보	제9조제1항	0.9	요구|자료	2026-04-25
금융위원회	명할 수 있다	ACTION	조치 (적격성 유지요건 충족 조치, 거래 제한 조치, 기타 조치)	제9조제1항	0.9	명령|조치	2026-04-25
금융위원회	제한할 수 있다	ACTION	거래	제9조제1항	0.85	제한|거래	2026-04-25
금융위원회	명할 수 있다	ACTION	의결권 행사 제한	제9조제1항	0.85	명령|의결권	2026-04-25
금융위원회	인정함	LOGICAL	적격성 유지요건 미충족	제9조제1항	0.9	인정|적격성 유지요건	2026-04-25
신용정보회사, 본인신용정보관리회사 및 채권추심회사가	요구함	ACTION	그 사업의 전부 또는 일 부를 양도ㆍ양수 또는 분할하거나, 다른 법인과 합병	제10조	0.95	양도ㆍ양수|분할|합병	2026-04-25
신용정보회사, 본인신용정보관리회사 및 채권추심회사가	받다	ACTION	인증	530조의2	0.95	신용정보회사|인증|분할합병	2026-04-25
양수인, 분할 후 설립되는 법인 또는 합병 후 존속하는 법인	승계	ACTION	신용정보회사, 본인신용정보관리회사 및 채권추심회사의 지위	530조의2	0.9	양수인|승계|지위	2026-04-25
종전의 신용정보회사, 본인 신용정보관리회사 및 채권추심회사	잃는다	ACTION	허가	530조의2	0.9	종전의 신용정보회사|허가|효력 상실	2026-04-25
제6조	정의함	LOGICAL	제6조	제6조	0.0	제6조	2026-04-25
제22조의8	구조	STRUCTURE	제22조	제22조의8	0.2	제22조의8	2026-04-25
신용정보회사, 본인신용정보관리회사 및 채권추심회사	요구함	ACTION	금융위원회	제27조	0.95	신고|영업 중단/폐업|총리령	2026-04-25
금융위원회	요구함	ACTION	신고	제27조	0.9	수리|검토|법적 적합성	2026-04-25
제27조	준용함	STRUCTURE	제1항부터 제7항까지	제27조	0.85	준용|제1항부터 제7항까지	2026-04-25
신용정보회사, 본인신용정보관리회사 및 채권추심회사	허용함	ACTION	겸영업무	제11조	0.95	겸영업무|신용정보회사|본인신용정보관리회사|채권추심회사	2026-04-25
신용정보회사, 본인신용정보관리회사 및 채권추심회사	요구함	ACTION	금융위원회에 미리 신고	제11조	0.95	신용정보회사|본인신용정보관리회사|채권추심회사|금융위원회|신고	2026-04-25
겸영업무	정의함	LOGICAL	신용정보주체 보호 및 건전한 신용질서를 저해할 우려가 없는 업무	제11조	0.95	겸영업무|신용정보주체 보호|건전한 신용질서	2026-04-25
겸영업무	예외로함	LOGICAL	인가·허가·등록·승인 등의 조치가 필요한 경우, 해당 개별 법률에 따라 인가·허가·등록·승인 등을 미리 받아야 할 수 있다.	제11조	0.9	겸영업무|인가|허가|등록|승인|개별 법률	2026-04-25
개인신용평가회사	허용함	ACTION	겸영업무 (개인신용평가업 외의 신용정보업, 채권추심업, 정보통신망 이용촉진 및 정보보호 등에 관한 법률)	제11조	0.9	개인신용평가회사|겸영업무|신용정보업|채권추심업|정보통신망 이용촉진 및 정보보호 등에 관한 법률	2026-04-25
본인확인기관	정하는	LOGICAL	업무	제23조의3	0.95	본인확인기관의 업무 정의	2026-04-25
본인확인기관의 업무	대통령령으로 정하는	STRUCTURE	업무 ③	제23조의3	0.9	대통령령 업무 정의	2026-04-25
본인확인기관	정하는	LOGICAL	개인사업자신용평가업 외의 신용정보업	제23조의3	0.9	업무 항목 1	2026-04-25
본인확인기관	정하는	LOGICAL	채권추심업	제23조의3	0.9	업무 항목 2	2026-04-25
본인확인기관	정하는	LOGICAL	정보통신망 이용촉진 및 정보보호 등에 관한 법률	제23조의3	0.9	업무 항목 3	2026-04-25
본인확인기관	정의함	LOGICAL	업무	제23조의3	0.95	업무 정의	2026-04-25
본인확인기관	구성함	STRUCTURE	기업신용조회회사의 겸영업무	제23조의3	0.9	업무 항목	2026-04-25
본인확인기관	구성함	STRUCTURE	신용조사회사의 겸영업무	제23조의3	0.9	업무 항목	2026-04-25
기업신용조회회사의 겸영업무	정의함	LOGICAL	기업신용조회업 외의 신용정보업	제23조의3	0.9	업무 항목 정의	2026-04-25
기업신용조회회사의 겸영업무	정의함	LOGICAL	채권추심업	제23조의3	0.9	업무 항목 정의	2026-04-25
기업신용조회회사의 겸영업무	정의함	LOGICAL	그 밖에 신용정보주체 보호 및 건전한 신용질서를 저해할 우려가 없는 업무로서 대통령령으로 정하는 업무	제23조의3	0.9	업무 항목 정의	2026-04-25
신용조사회사의 겸영업무	정의함	LOGICAL	신용조사업 외의 신용정보업	제23조의3	0.9	업무 항목 정의	2026-04-25
신용조사회사의 겸영업무	정의함	LOGICAL	자산유동화에 관한 법률	제23조의3	0.9	업무 항목 정의	2026-04-25
유동화자산 관리 업무	정의함	LOGICAL	그 밖에 신용정보주체 보호 및 거래질서를 저해할 우려가 없는 업무로서 대통령령으로 정하는 업무	제10조	0.95	유동화자산 관리 업무|정의	2026-04-25
유동화자산 관리 업무	정의함	LOGICAL	본인신용정보관리회사의 겸영업무는 다음 각 호와 같다.	제10조	0.95	유동화자산 관리 업무|정의	2026-04-25
본인신용정보관리회사의 겸영업무	정의함	LOGICAL	자본시장과 금융투자업에 관한 법률	제10조	0.95	본인신용정보관리회사의 겸영업무|자본시장과 금융투자업에 관한 법률	2026-04-25
채권추심회사의 겸영업무	정의함	LOGICAL	신용정보업	Unknown	0.95	채권추심회사의 겸영업무 정의|신용정보업 포함	2026-04-25
채권추심회사의 겸영업무	정의함	LOGICAL	자산유동화에 관한 법률	Unknown	0.95	채권추심회사의 겸영업무 정의|자산유동화에 관한 법률 포함	2026-04-25
신용정보주체 보호 및 건전한 거래질서를 저해할 우려가 없는 업무	정의함	LOGICAL	대통령령으로 정하는 업무	Unknown	0.85	신용정보주체 보호 업무 정의|대통령령 정하는 업무	2026-04-25
제6조제1항제4호 또는 제5호에 따른 투자자문업 또는 투자일임업	정의함	LOGICAL	신용정보주체 보호 및 건전한 신용질서를 저해할 우려가 없는 경우로서 대통령령으로 정하는 경우	Unknown	0.8	투자자문업 정의|대통령령 정하는 경우	2026-04-25
금융위원회	수리하여야	ACTION	신고	제10조	0.95	신고 수리|법에 적합	2026-04-25
부수업무	정의함	LOGICAL	해당 허가를 받은 영업에 부수하는 업무	제11조의2	0.95	부수업무 정의|영업 부수 업무	2026-04-25
신용정보회사, 본인신용정보관리회사 및 채권추심회사	요구함	ACTION	금융위원회에 부수업무를 하려는 날의 7일 전까지 신고	제11조의2	0.95	신고 의무|금융위원회	2026-04-25
개인신용평가회사의 부수업무	정의함	LOGICAL	새로이 만들어 낸 개인신용평점 제공, 개인신용정보 제공, 가명정보 이용, 데이터 분석, 전산처리시스템 개발 및 판매, 기타 업무	제11조의2	0.9	개인신용평가회사|부수업무 정의	2026-04-25
개인사업자신용평가회사의 부수업무	정의함	LOGICAL	개인사업자 신용상태 평가 결과 제공, 개인사업자 신용정보 제공, 가명정보 이용, 데이터 분석, 전산처리시스템 개발 및 판매	제11조의2	0.9	개인사업자신용평가회사|부수업무 정의	2026-04-25
기업신용조회회사의 부수업무	정의함	LOGICAL	기업 및 법인 신용정보 제공, 가명정보 이용, 데이터 분석, 전산처리시스템 개발 및 판매, 기타 업무	제11조의2	0.9	기업신용조회회사|부수업무 정의	2026-04-25
신용조사회사의 부수업무	정의함	LOGICAL	부동산과 동산 임대차 현황 및 가격조사, 사업체 및 사업장 현황조사, 기타 업무	제11조의2	0.9	신용조사회사|부수업무 정의	2026-04-25
본인신용정보관리회사의 부수업무	정의함	LOGICAL	본인 개인신용정보 기반 데이터 분석 및 컨설팅, 개인신용정보 관리·사용 계좌 제공	제11조의2	0.9	본인신용정보관리회사|부수업무 정의	2026-04-25
부수업무	예외로함	LOGICAL	대통령령으로 정하는 업무로서 신용정보주체 보호 및 건전한 신용질서를 저해할 우려가 없는 업무	제11조의2	0.85	부수업무 예외|대통령령	2026-04-25
채권추심회사	정의함	LOGICAL	채권추심회사의 부수업무	제39조의3제1항	0.95	부수업무 정의|업무 범위	2026-04-25
채권추심회사의 부수업무	정의함	LOGICAL	채권자 등에 대한 채권관리시스템의 구축 및 제공 업무	제39조의3제1항	0.9	업무 포함|시스템 구축	2026-04-25
채권추심회사의 부수업무	정의함	LOGICAL	대통령령으로 정하는 자로부터 위탁받아 채권의 공정한 추심에 관한 법률에 따라 업무를 수행한다	제39조의3제1항	0.9	위탁 업무|법률 준수	2026-04-25
금융위원회	요구함	ACTION	부수업무	제8항	0.95	부수업무 제한/시정|신고내용|경영건전성|신용정보주체 보호|대통령령	2026-04-25
부수업무 제한/시정	예외로함	LOGICAL	신고내용이 경영건전성을 해치는 경우 또는 신용정보주체 보호 및 건전한 신용질서 유지를 위하여 필요한 경우 대통령령으로 정하는 경우	제8항	0.9	신고내용|경영건전성|신용정보주체 보호|대통령령	2026-04-25
허가받지 않은 자	금지함	ACTION	상호 또는 명칭 중에 신용정보, 신용조사, 개인신용평가, 신용관리, 마이데이터, 채권추심 등	제12조	0.95	유사명칭|신용정보명칭	2026-04-25
허가받지 않은 자	예외로함	LOGICAL	다른 법령에서 허용한 경우 및 대통령령으로 정하는 경우	제12조	0.9	예외|대통령령	2026-04-25
허가받은 신용정보회사, 본인신용정보관리회사, 채권추심회사, 신용정보집중기관	허가받음	ACTION	이 법에 따라	제12조	0.9	허가|신용정보회사	2026-04-25
상임 임원	금지함	ACTION	다른 영리법인의 상무에 종사	제13조	0.99	임원의 겸직 금지|금지	2026-04-25
금융위원회	허용함	ACTION	허가 또는 인가를 취소	제14조	0.95	허가 취소	2026-04-25
신용정보회사, 본인신용정보관리회사 및 채권추심회사	해당하는 경우	LOGICAL	허가 또는 인가를 취소할 수 있다	제14조	0.9	허가 취소|신용정보회사	2026-04-25
대통령령으로 정하는 사유	예외로함	LOGICAL	시정명령을 할 수 있다	제14조	0.85	시정명령|대통령령	2026-04-25
금융위원회	시정명령을 할 수 있다	ACTION	시정명령	제14조	0.9	시정명령	2026-04-25
허가	참조함	STRUCTURE	제4조제2항	제4조제2항	0.9	허가|제4조제2항	2026-04-25
인증	허용함	ACTION	인가	제10조제1항	0.9	인증|인가	2026-04-25
인가	참조함	STRUCTURE	제10조제1항	제10조제1항	0.95	인가|제10조제1항	2026-04-25
금융기관 등	위반함	ACTION	출자요건	제5조제1항제1호ㆍ제2항제4호ㆍ제3항제1호	0.95	출자요건|위반	2026-04-25
신용정보회사 및 채권추심회사	예외로함	LOGICAL	출자요건 위반	제5조제1항제1호ㆍ제2항제4호ㆍ제3항제1호	0.85	신용정보회사|채권추심회사|예외	2026-04-25
상장	예외로함	LOGICAL	제8조의2제4항제1호	제8조의2제4항제1호	0.95	상장|제외	2026-04-25
금융기관 등	출자한	ACTION	100분의 33 이상	제5조제1항 제1호	0.9	출자|금융기관|100분의 33 이상	2026-04-25
신용정보회사, 본인신용정보관리회사 및 채권추심회사	제외한다	LOGICAL	허가를 받은 날부터 3개 사업연도(개인신용평가업, 개인 사업자신용평가업 및 기업신용조회업이 포함된 경우에는 5개 사업연도)가 지나지 아니한 경우	제5조제1항 제1호	0.8	신용정보회사|본인신용정보관리회사|채권추심회사|허가|사업연도	2026-04-25
자 기자본	정의함	LOGICAL	최근 사업연도 말 현재 재무상태표상 자산총액에서 부채총액을 뺀 금액	제5조제1항 제1호	0.95	자 기자본|재무상태표|자산총액|부채총액	2026-04-25
자본금 또는 기본재산의 요건	근거함	STRUCTURE	제6조제 2항	제6조제 2항	0.95	자본금 또는 기본재산의 요건|제6조제 2항	2026-04-25
자	위반함	ACTION	업무정지명령	제6조제 2항	0.95	자본금 또는 기본재산의 요건 미달|업무정지명령 위반	2026-04-25
자	받은 사실이 있는	LOGICAL	업무정지처분	제6조제 2항	0.9	업무정지처분|3년 이내	2026-04-25
허위 사실 알림	위반함	ACTION	6의2	제22조의7제1항제1호	0.9	허위 사실 알림|위반	2026-04-25
위반자	강요	ACTION	신용정보에 관한 조사 의뢰	제22조의7제1항제2호	0.95	신용정보 조사 의뢰 강요|위반자	2026-04-25
위반자	처벌대상임	SANCTION	6의3	제22조의7제1항제2호	0.9	위반자|6의3	2026-04-25
위반자	강요함	ACTION	조사자료 제공과 답변	제22조의7제1항제3호	0.95	제22조의7제1항제3호 위반|신용정보 조사 대상자에게 조사자료 제공과 답변을 강요한 경우	2026-04-25
위반자	과태료대상임	SANCTION	제6조의4	제22조의7제1항제3호	0.9	제22조의7제1항제3호 위반|제6조의4에 따른 과태료	2026-04-25
위반	위반함으로써	LOGICAL	사생활 조사	제22조의7제1항제4호	0.95	위반|조사	2026-04-25
제22조의7제1항제4호	참조함	STRUCTURE	채권의 공정한 추심에 관한 법률	제22조의7제1항제4호	0.9	참조|법률	2026-04-25
채권추심업	행위	ACTION	채권추심행위	제9조	0.95	행위|채권추심행위	2026-04-25
채권추심업	위반함	ACTION	각 호의 어느 하나	제9조	0.85	위반|각 호	2026-04-25
금융위원회	명할	ACTION	업무의 전부 또는 일부의 정지	제41조제1항	0.95	정지|업무|금융위원회	2026-04-25
신용정보회사, 본인신용정보관리회사 및 채권추심회사	해당	LOGICAL	다음 각 호의 어느 하나에 해당하는 경우	제41조제1항	0.9	신용정보회사|본인신용정보관리회사|채권추심회사|다음 각 호	2026-04-25
위반	위반한 경우	STRUCTURE	제6조제4항	제6조제4항	0.9	위반|제6조제4항	2026-04-25
제11조의2 위반	위반함	ACTION	제11조의2	제11조의2	0.9	제11조의2|위반	2026-04-25
제11조의2 위반	삭제	SANCTION	제11조의2	제11조의2	0.8	제11조의2|삭제	2026-04-25
제17조제4항	상위조항	STRUCTURE	제17조	제17조제4항	0.9	제17조제4항|제17조	2026-04-25
신용정보	위반함	ACTION	제19조	제19조	0.85	신용정보|제19조|위반	2026-04-25
신용정보	위반하여	ACTION	분실ㆍ도난ㆍ유출ㆍ변조 또는 훼손당한 경우	제19조	0.9	신용정보|분실|도난|유출|변조|훼손	2026-04-25
신용정보	제재	SANCTION	5	제19조	0.7	신용정보|제19조|제재|5	2026-04-25
제22조제1항ㆍ제2항	참조함	STRUCTURE	제2조제7호	제22조제1항ㆍ제2항	0.3	제2조제7호|신용공여	2026-04-25
제22조의8	근거함	STRUCTURE	제22조	제22조의8	0.6	제22조의8|제22조	2026-04-25
위반	위반함	ACTION	제27조제1항	제27조제1항	0.9	위반|제27조제1항	2026-04-25
위반	위반함	ACTION	5의2	제27조제1항	0.9	위반|5의2	2026-04-25
위반	위반하여	ACTION	신용정보 수집	제22조의9제3항	0.95	위반|신용정보 수집	2026-04-25
위반	위반하여	ACTION	개인신용정보 전송	제22조의9제3항	0.95	위반|개인신용정보 전송	2026-04-25
위반	위반함으로써	SANCTION	5의3	제22조의9제3항	0.9	위반|5의3	2026-04-25
삭제	처벌대상임	SANCTION	제33조제2항	제33조제2항	0.95	삭제|위반	2026-04-25
제40조제1항제5호 위반	과태료대상임	SANCTION	정보원, 탐정, 그 밖에 이와 비슷한 명칭을 사용한 경우	제40조제1항제5호	0.95	위반|명칭 사용	2026-04-25
위반	정의함	LOGICAL	제42조제1항ㆍ제3항 또는 제4항을 위반한 경우	제42조제1항ㆍ제3항 또는 제4항	0.95	위반|제42조제1항ㆍ제3항 또는 제4항	2026-04-25
위반	위반	ACTION	9. 별표에 규정된 처분 사유에 해당하는 경우	제42조제1항ㆍ제3항 또는 제4항	0.9	위반|9. 별표에 규정된 처분 사유에 해당하는 경우	2026-04-25
위반	위반	ACTION	10. 「채권의 공정한 추심에 관한 법률」	제42조제1항ㆍ제3항 또는 제4항	0.9	위반|10. 「채권의 공정한 추심에 관한 법률」	2026-04-25
제12조제2호ㆍ제5호	금지함	ACTION	채권추심행위	제12조	0.8	위반|채권추심행위	2026-04-25
채권추심업	처벌대상임	SANCTION	제12조제2호ㆍ제5호 위반	제12조	0.9	위반|채권추심업	2026-04-25
신용정보회사등	수집하고 처리할 수 있다	ACTION	신용정보	제15조	0.95	수집 및 처리|신용정보	2026-04-25
신용정보회사등	정의함	LOGICAL	신용정보회사, 본인신용정보관리회사, 채권추심회사, 신용정보집중기관 및 신용정보제공ㆍ이용자	제15조	0.9	정의|신용정보회사등	2026-04-25
신용정보회사등	요구함	ACTION	신용정보 수집 및 처리	제3조제1항 및 제2항	0.95	신용정보 수집 및 처리|합리적이고 공정한 수단|최소한의 범위	2026-04-25
신용정보회사등	요구함	ACTION	신용정보주체의 동의	제3조제2항	0.95	개인신용정보 수집|동의	2026-04-25
신용정보회사등	예외로함	LOGICAL	개인정보 보호법	제3조제2항	0.9	개인정보 보호법|예외	2026-04-25
신용정보 수집 및 처리	정의함	LOGICAL	합리적이고 공정한 수단을 사용하여 최소한의 범위에서 수집 및 처리	제3조제1항	0.9	합리적이고 공정한 수단|최소한의 범위	2026-04-25
신용정보 수집 및 처리	요구함	ACTION	신용정보	제3조제1항	0.9	수집 및 처리|신용정보	2026-04-25
정보 수집	정의함	LOGICAL	법령에 따라 공시되거나 공개된 정보	제15조제1항제2호부터 제7호까지의 어느 하나에 해당하는 경우 2	0.95	정보 수집|공시 정보	2026-04-25
정보 수집	정의함	LOGICAL	출판물이나 방송매체 또는 공공기관의 정보공개에 관한 법률에 따라 공개된 정보	제15조제1항제2호부터 제7호까지의 어느 하나에 해당하는 경우 2	0.95	정보 수집|출판물 정보	2026-04-25
정보 수집	참조함	STRUCTURE	공공기관의 정보공개에 관한 법률	제15조제1항제2호부터 제7호까지의 어느 하나에 해당하는 경우 2	0.9	정보 수집|공공기관 정보공개법	2026-04-25
공공기관	요구함	ACTION	정보	제2조제3호	0.95	공시|인터넷 홈페이지	2026-04-25
공시 또는 공개된 정보	정의함	LOGICAL	신용정보주체가 스스로 사회관계망서비스 등에 직접 또는 제3자를 통하여 공개한 정보	제2조제3호	0.9	신용정보주체|사회관계망서비스	2026-04-25
공시 또는 공개된 정보	예외로함	LOGICAL	동의가 있었다고 객관적으로 인정되는 범위	제2조제3호	0.85	동의|대통령령	2026-04-25
제2조제3호	참조함	STRUCTURE	제1호 및 제2호	제2조제3호	0.8	준하는 경우	2026-04-25
제16조	삭제함	ACTION	법령	제16조	0.95	삭제|제16조	2026-04-25
신용정보 처리 위탁	정의함	LOGICAL	신용정보회사등이 제3자에게 신용정보의 처리 업무를 위탁하는 행위	제17조	0.95	신용정보 처리 위탁	2026-04-25
신용정보회사등	허용함	ACTION	제3자에게 신용정보의 처리 업무를 위탁	제17조	0.95	신용정보 처리 위탁	2026-04-25
개인신용정보의 처리 위탁	준용함	STRUCTURE	개인정보 보호법	제17조	0.9	개인신용정보|위탁	2026-04-25
제26조제1항부터 제3항까지	준용함	STRUCTURE	제26조	제26조	0.9	준용|제26조	2026-04-25
신용정보회사등	허용함	ACTION	신용정보의 처리	제26조	0.9	위탁|신용정보	2026-04-25
위탁을 받은 자	정의함	LOGICAL	수탁자	제26조	0.95	수탁자|위탁	2026-04-25
제19조	정의함	LOGICAL	REGULATION	제19조	0.9	제19조|REGULATION	2026-04-25
제21조	상위조항	STRUCTURE	제20조	21	0.6	제21조|제20조	2026-04-25
제22조의4	상위조항	STRUCTURE	제22조	제22조의4	0.95	제22조	2026-04-25
제22조의4	참조함	STRUCTURE	제2조제7호	제22조의4	0.6	신용공여	2026-04-25
제22조의7	상위조항	STRUCTURE	제22조	제22조의7	0.6	제22조의7|제22조	2026-04-25
제22조의9	상위조항	STRUCTURE	제22조	제22조의9	0.8	제22조의9|제22조	2026-04-25
제40조	정의함	LOGICAL	제40조	제40조	0.5	제40조	2026-04-25
제43조	상위조항	STRUCTURE	제22조	제43조	0.2	제43조	2026-04-25
제43조의2	상위조항	STRUCTURE	제43조	제43조의2	0.9	제43조의2|제43조	2026-04-25
제45조	정의함	LOGICAL	Unknown	45	0.5	제45조|Unknown	2026-04-25
Unknown	참조함	STRUCTURE	제45조의2	Unknown	0.6	제45조의2	2026-04-25
신용정보회사등	알려야 한다	ACTION	금융위원회에 알려야 한다	제45조의3	0.95	제2항에 따라|대통령령으로 정하는 바에 따라|제공하는 신용정보의 범위	2026-04-25
신용정보회사등	암호화 등의 보호 조치를 하여야 한다	ACTION	특정 신용정보주체를 식별할 수 있는 정보를 암호화 등으로 보호해야 한다	제45조의3	0.9	제2항에 따라|대통령령으로 정하는 바에 따라|특정 신용정보주체를 식별할 수 있는 정보	2026-04-25
신용정보회사등	수탁자를 교육하여야 한다	ACTION	수탁자가 신용정보를 분실·도난·유출·위조·변조·훼손당하지 않도록 교육해야 한다	제45조의3	0.9	수탁자에게 신용정보를 제공한 경우|대통령령으로 정하는 바에 따라	2026-04-25
신용정보회사등	위탁계약에 반영하여야 한다	ACTION	수탁자의 안전한 신용정보 처리에 관한 사항을 위탁계약에 반영해야 한다	제45조의3	0.9	수탁자에게 신용정보를 제공한 경우|위탁계약에 반영	2026-04-25
수탁자	준용함	STRUCTURE	개인정보 보호법	제45조의3	0.9	수탁자가 개인신용정보를 이용하거나 제3자에게 제공하는 경우	2026-04-25
수탁자	금지함	ACTION	제3자에게 재위탁	제26조제5항	0.98	재위탁 금지|제3자	2026-04-25
수탁자	예외로함	LOGICAL	재위탁 (제3자에게) 범위	제26조제5항	0.9	신용정보 보호|금융위원회 인정|범위	2026-04-25
수탁자	준용함	STRUCTURE	제2조제7호	제26조제5항	0.85	제2조제7호|제2항	2026-04-25
금융위원회	인정함	ACTION	재위탁 범위 (신용정보 보호 및 안전한 처리를 저해하지 않는 범위)	제26조제5항	0.9	금융위원회 인정|신용정보 보호|범위	2026-04-25
신용정보회사등	제외	ACTION	대통령령으로 정하는 자	제17조의2	0.95	제외|대통령령으로 정하는 자	2026-04-25
정보집합물 결합	간주함	LOGICAL	자신의 정보집합물과 제3자 정보집합물	제40조의2	0.9	정보집합물 결합|제3자	2026-04-25
결합	통하여	STRUCTURE	지정된 데이터전문기관	제26조의4	0.9	결합|지정된 데이터전문기관	2026-04-25
지정된 데이터전문기관	전달	ACTION	신용정보회사등 또는 그 제3자	제26조의4	0.97	가명처리|익명처리	2026-04-25
정보집합물의 결합ㆍ제공ㆍ보관의 절차 및 방법	정한다	ACTION	대통령령	제26조의4	0.92	대통령령	2026-04-25
신용정보회사등	요구함	ACTION	신용정보의 등록ㆍ변경 및 관리	제18조	0.95	신용정보의 정확성 및 최신성의 유지	2026-04-25
신용정보회사등	요구함	ACTION	불이익을 줄 수 있는 신용정보의 삭제 within 5 years	제18조	0.95	불이익을 줄 수 있는 신용정보|최장 5년	2026-04-25
다음 각 호의 어느 하나에 해당하는 경우	예외로함	LOGICAL	불이익을 줄 수 있는 신용정보의 삭제	제18조	0.8	예외	2026-04-25
대통령령	정한다	ACTION	신용정보의 구체적인 종류, 기록보존 및 활용기간 등	제25조의2제1호의3	0.95	신용정보의 종류|기록보존 및 활용기간	2026-04-25
신용정보회사등	보호	ACTION	신용정보전산시스템	제19조	0.95	신용정보전산시스템의 안전보호	2026-04-25
신용정보전산시스템의 안전보호	정의함	LOGICAL	신용정보전산시스템	제19조	0.9	신용정보전산시스템의 안전보호	2026-04-25
신용정보공동 전산망	수립ㆍ시행하여야 한다	ACTION	보안대책	Unknown	0.9	보안대책|제3자 접근 위험	2026-04-25
신용정보제공·이용자	체결하여야 한다	ACTION	신용정 보 보안관리 대책을 포함한 계약	Unknown	0.95	계약|보안관리 대책	2026-04-25
보안대책	근거함	STRUCTURE	대통령령	Unknown	0.85	대통령령|보안대책	2026-04-25
계약	근거함	STRUCTURE	금융위원회 고시	Unknown	0.85	금융위원회 고시|계약	2026-04-25
신용정보공동 전산망	참조함	STRUCTURE	제25조제6항	Unknown	0.8	제25조제6항|신용정보공동 전산망	2026-04-25
임직원 및 전속 모집인	요구함	ACTION	신용정보보호 관련 법령 및 규정 준수 여부 점검	제31조제3항제1호	0.95	신용정보보호|점검	2026-04-25
임직원 및 전속 모집인	요구함	ACTION	신용정보보호 교육계획 수립 및 시행	제31조제3항제1호	0.9	신용정보보호|교육계획	2026-04-25
신용정보회사등의 신용정보관리ㆍ보호인	요구함	ACTION	개인신용정보의 관리 및 보호 실태를 정기적으로 점검	제31조	0.95	정기적으로 점검|관리 및 보호 실태	2026-04-25
신용정보회사등의 신용정보관리ㆍ보호인	요구함	ACTION	금융위원회에 결과를 제출	제31조	0.95	결과 제출|금융위원회	2026-04-25
대통령령	정의함	LOGICAL	신용정보관리ㆍ보호인의 자격요건, 지정에 필요한 사항, 제6항에 따른 제출 방법	제31조	0.9	자격요건|지정에 필요한 사항|제출 방법	2026-04-25
제31조	준용함	STRUCTURE	제31조제4항 및 제6항	제31조	0.9	준용	2026-04-25
제31조	참조함	STRUCTURE	금융지주회사법	제31조	0.9	금융지주회사법	2026-04-25
신용정보회사등	준수하여야 한다	ACTION	신용정보 관리기준	제20조	0.95	금융위원회가 정하는|신용정보 관리기준	2026-04-25
신용정보회사등	보존하여야 한다	ACTION	개인신용정보의 처리에 대한 기록	제20조	0.95	3년간 보존|기록	2026-04-25
신용정보회사, 본인신용정보관리회사, 채권추심회사, 신용정보집중기관 및 대통령령으로 정하는 신용정보제공ㆍ 이용자	지정하여야 한다	ACTION	신용정보관리ㆍ보호인	제20조	0.95	1명 이상|업무를 수행하는	2026-04-25
대통령령으로 정하는 자	임원으로 하여야 한다	ACTION	신용정보관리ㆍ보호인	제20조	0.9	총자산|종업원 수|임원	2026-04-25
신용정보관리ㆍ보호인	수행함	ACTION	신용정보의 수집ㆍ보유ㆍ제공ㆍ삭제 등 관리 및 보호 계획의 수립 및 시행	제31조제4항제1호	0.95	신용정보보호|수행	2026-04-25
신용정보관리ㆍ보호인	수행함	ACTION	신용정보의 수집ㆍ보유ㆍ제공ㆍ삭제 등 관리 및 보호 실태와 관행에 대한 정기적인 조사 및 개선	제31조제4항제1호	0.95	신용정보보호|수행	2026-04-25
신용정보관리ㆍ보호인	수행함	ACTION	신용정보 열람 및 정정청구 등 신용정보주체의 권리행사 및 피해구제	제31조제4항제1호	0.95	신용정보보호|수행	2026-04-25
신용정보관리ㆍ보호인	수행함	ACTION	신용정보 유출 등을 방지하기 위한 내부통제시스템의 구축 및 운영	제31조제4항제1호	0.95	신용정보보호|수행	2026-04-25
신용정보관리ㆍ보호인	수행함	ACTION	임직원 및 전속 모집인 등의 신용정보보호 관련 법령 및 규정 준수 여부 점검	제31조제4항제1호	0.95	신용정보보호|수행	2026-04-25
신용정보관리ㆍ보호인	수행함	ACTION	그 밖에 신용정보의 관리 및 보호를 위하여 대통령령으로 정하는 업무	제31조제4항제1호	0.95	신용정보보호|수행	2026-04-25
신용정보관리ㆍ보호인	수행함	ACTION	임직원 및 전속 모집인 등에 대한 신용정보보호 교육계획의 수립 및 시행	제31조제4항제1호	0.95	신용정보보호|수행	2026-04-25
신용정보관리ㆍ보호인	근거함	STRUCTURE	개인정보 보호법	제31조제4항제1호	0.9	신용정보보호|근거	2026-04-25
신용정보관리ㆍ보호인	요구함	ACTION	정기적으로 점검	제31조	0.95	정기적으로 점검|개인신용정보 관리 및 보호 실태	2026-04-25
신용정보관리ㆍ보호인	요구함	ACTION	금융위원회에 결과 제출	제31조	0.95	결과 제출|금융위원회	2026-04-25
제31조	준용함	STRUCTURE	제31조제5항 및 제7항	제31조	0.9	준용|제5항|제7항	2026-04-25
대통령령	정의함	LOGICAL	신용정보관리ㆍ보호인의 자격요건, 제3항에 따른 지정에 필요한 사항, 제6항에 따른 제출 방법	제31조	0.85	자격요건|지정|제출 방법	2026-04-25
고객정보관리인	정의함	LOGICAL	신용정보관리ㆍ보호인	제48조의2제6항	0.95	자격요건|제3항에 따라 지정된	2026-04-25
신용정보관리ㆍ보호인	준용함	STRUCTURE	제3항	제48조의2제6항	0.85	제3항에 따라 지정된	2026-04-25
제20조	정의함	LOGICAL	제20조	제20조	0.0	제20조	2026-04-25
신용정보제공ㆍ이용자	요구함	ACTION	개인신용정보	제20조의2	0.95	보유기간|보호|접근권한 강화|대통령령	2026-04-25
신용정보제공ㆍ이용자	요구함	ACTION	접근권한 강화	제20조의2	0.9	보호|대통령령	2026-04-25
신용정보회사등	요구함	ACTION	보유정보를 처분하거나 폐기하여야 한다	제21조	0.95	보유정보 처리|폐업|신용정보회사등	2026-04-25
보유정보 처리	정의함	LOGICAL	보유정보를 처분하거나 폐기하여야 한다	제21조	0.9	보유정보 처리|보유정보|폐업	2026-04-25
신용정보회사등	준용함	STRUCTURE	금융위 원회가 정하여 고시하는 바	제21조	0.85	금융위 원회|고시|정의	2026-04-25
임원	준용함	STRUCTURE	금융회사의 지배구조에 관한 법률	제22조	0.95	임원|금융회사의 지배구조에 관한 법률	2026-04-25
신용조사회사	금지함	ACTION	사람	제5조	0.95	채용 금지|신용조사회사	2026-04-25
신용조사회사	금지함	ACTION	미성년자	제5조	0.9	미성년자|채용 금지	2026-04-25
신용조사회사	금지함	ACTION	피성년후견인 또는 피한정후견인	제5조	0.9	피성년후견인|피한정후견인|채용 금지	2026-04-25
신용조사회사	금지함	ACTION	파산선고를 받고 복권되지 아니한 사람	제5조	0.9	파산선고|복권되지 아니한 사람|채용 금지	2026-04-25
신용조사회사	금지함	ACTION	금고 이상의 실형을 선고받고 그 집행이 끝나거나 집행이 면제된 날 부터 3년이 지나지 아니한 사람	제5조	0.9	금고 이상의 실형|집행이 끝난|3년|채용 금지	2026-04-25
신용조사회사	금지함	ACTION	금고 이상의 형의 집행유예를 선고받고 그 유예기간 중에 있는 사람	제5조	0.9	금고 이상의 형|집행유예|채용 금지	2026-04-25
신용조사회사	금지함	ACTION	이 법 또는 그 밖의 법령에 따라 해임되거나 면직된 후 5년이 지나지 아니한 사람	제5조	0.9	해임|면직|5년|채용 금지	2026-04-25
신용조사회사	금지함	ACTION	이 법 또는 그 밖의 법령에 따라 영업의 허가ㆍ인가 등이 취소된 법인이나 회사의 임직원이었던 사람(그 취소사 유의 발생에 직접 또는 이에 상응하는 책임이 있는 사람으로서 대통령령으로 정하는 사람만 해당한다)으로서 그 법인 또는 회사에 대한 취소가 있은 날부터 5년이 지나지 아니한 사람	제5조	0.9	영업 허가 취소|5년|채용 금지	2026-04-25
신용조사회사	금지함	ACTION	재임 또는 재직 중이었더라면 이 법 또는 그 밖의 법령에 따라 해임권고(해임요구를 포함한다) 또는 면직요구의 조치를 받았을 것으로 통보된 퇴임한 임원 또는 퇴직한 직원으로서 그 통보가 있었던 날부터 5년(통보가 있었던 날부터 5년이 퇴임 또는 퇴직한 날부터 7년을 초과한 경우에는 퇴임 또는 퇴직한 날부터 7년으로 한다)이 지나지 아니한 사람	제5조	0.9	해임권고|면직요구|5년|채용 금지	2026-04-25
신용조사회사	예외로함	LOGICAL	금융위원회가 정하여 고시하는 업무에 채용하거나 고용하는 경우	제5조	0.8	금융위원회 고시|예외|채용 금지	2026-04-25
신용평가회사	보고	ACTION	금융위원회	제22조의2	0.95	신용정보 보고|신용평가회사	2026-04-25
신용평가회사 및 그 임직원	수행	ACTION	개인신용평가에 관한 업무	제22조의3	0.95	개인신용평가 결과가 정확하고 그 평가체계가 공정한지 여부|개인신용평가 과정이 공개적으로 투명하게 이루어지는지 여부	2026-04-25
기업신용조회회사 및 그 임직원	수행	ACTION	기업신용등급제공업무 또는 기술신용평가업무	제22조의3	0.95	독립적인 입장에서 공정하고 충실하게 그 업무를 수행	2026-04-25
개인사업자신용평가회사 및 그 임직원	준용함	STRUCTURE	제1항 및 제2항	제22조의3	0.9	제1항 및 제2항	2026-04-25
신용평가 업무	정의함	LOGICAL	개인신용평가에 관한 업무 및 기업신용등급제공업무 또는 기술신용평가업무	제22조의3	0.85	신용평가 업무	2026-04-25
개인신용평가회사	요구함	ACTION	개인신용평가에 혜택을 줄 수 있는 정보	제22조의4	0.95	개인신용평가회사의 행위규칙|불이익이 발생할 수 있는 정보|혜택을 줄 수 있는 정보	2026-04-25
개인신용평가회사	금지함	ACTION	성별, 출신지역, 국적 등으로 합리적 이유 없이 차별하는 행위	제22조의4	0.95	합리적 이유 없이 차별|성별|출신지역|국적	2026-04-25
개인신용평가회사	금지함	ACTION	개인신용평가 모형을 만들 때 특정한 평가항목을 합리적 이유 없이 유리하게 또는 불리하게 반영하는 행위	제22조의4	0.95	합리적 이유 없이 유리/불리 반영|평가항목|개인신용평가 모형	2026-04-25
개인신용평가회사	금지함	ACTION	신용정보주체 보호 또는 건전한 신용질서를 저해할 우려가 있는 행위로서 대통령령으로 정하는 행위	제22조의4	0.95	신용정보주체 보호|건전한 신용질서|대통령령으로 정하는 행위	2026-04-25
전문개인신용평가업을 하는 개인신용평가회사	정의함	LOGICAL	계열회사	제22조의4	0.9	전문개인신용평가업|계열회사	2026-04-25
신용정보주체	금지함	ACTION	불공정행위	제2조제12호	0.95	불공정행위|신용정보주체	2026-04-25
개인사업자신용평가회사	따라야	ACTION	해당 개인사업자에게 평가에 불이익이 발생할 수 있는 정보 외에 평가에 혜택을 줄 수 있는 정보도 함께 고려할 것	제22조의5	0.95	개인사업자신용평가회사|평가|불이익|혜택	2026-04-25
개인사업자신용평가회사	따라야	ACTION	개인사업자신용평가회사와 금융거래 등 상거래 관계가 있는 자와 그 외의 자를 합리적 이유 없이 차별하지 아니 할 것	제22조의5	0.95	개인사업자신용평가회사|차별|상거래 관계	2026-04-25
개인사업자신용평가회사	하여서는 아니 된다	ACTION	개인사업자의 신용상태를 평가하는 과정에서 개인사업자신용평가회사 또는 그 계열회사의 상품이나 서비스를 구매하거나 이용하도록 강요하는 행위	제22조의5	0.95	개인사업자신용평가회사|강요|신용상태|평가	2026-04-25
개인사업자신용평가회사	하여서는 아니 된다	ACTION	그 밖에 신용정보주체 보호 또는 건전한 신용질서를 저해할 우려가 있는 행위로서 대통령령으로 정하는 행위	제22조의5	0.95	개인사업자신용평가회사|신용정보주체 보호|신용질서|대통령령	2026-04-25
개인사업자신용평가회사	정하여야 한다	ACTION	내부통제기준	제22조의5	0.9	개인사업자신용평가회사|내부통제기준|임직원|직무	2026-04-25
개인사업자신용평가업	요구함	ACTION	평가조직과 영업조직의 분리	제11조제2항	0.95	자동화평가|신용상태	2026-04-25
개인사업자신용평가업	요구함	ACTION	이해상충 방지	제11조제2항	0.95	자동화평가|신용상태	2026-04-25
개인사업자신용평가업	요구함	ACTION	불공정행위 금지	제11조제2항	0.95	자동화평가|신용상태	2026-04-25
개인사업자신용평가업	요구함	ACTION	개인사업자의 특성에 적합한 신용상태 평가기준	제11조제2항	0.95	자동화평가|신용상태	2026-04-25
개인사업자신용평가업	요구함	ACTION	내부통제기준(대통령령으로 정하는 사항)	제11조제2항	0.95	자동화평가|신용상태	2026-04-25
기업신용조회회사	고려하여야 한다	ACTION	불이익이 발생할 수 있는 정보 및 혜택을 줄 수 있는 정보	제22조의6	0.95	불이익이 발생할 수 있는 정보|혜택을 줄 수 있는 정보|신용상태 평가	2026-04-25
기업신용조회회사	금지함	ACTION	특수 관계에 있는 자와 관련된 기업신용등급 및 기술신용정보 생성 행위	제22조의6	0.95	특수 관계|기업신용등급|기술신용정보|출자관계	2026-04-25
기업신용조회회사	금지함	ACTION	기업신용등급 및 기술신용정보 생성 과정에서 기업신용조회회사 또는 그 계열회사의 상품이나 서비스를 구매하거나 이용하도록 강요하는 행위	제22조의6	0.95	강요|상품/서비스 구매/이용|계열회사	2026-04-25
기업신용조회회사	금지함	ACTION	신용정보주체 보호 또는 건전한 신용질서를 저해할 우려가 있는 행위	제22조의6	0.95	신용정보주체 보호|건전한 신용질서|우려	2026-04-25
기업신용조회회사	정해야 한다	ACTION	내부통제기준	제22조의6	0.95	내부통제기준|평가조직과 영업조직 분리|이해상충 방지|불공정행위 금지|기업신용등급 생성기준|기술신용평가 기준	2026-04-25
기업정보조회업무를 하는 기업신용조회회사	정해야 한다	ACTION	이용자관리규정	제22조의6	0.95	이용자관리규정|신용정보 이용자 관리|대통령령	2026-04-25
신용조사회사	금지함	ACTION	의뢰인에게 허위 사실을 알리는 행위	제22조의7	0.98	신용조사회사의 행위규칙|허위 사실 알림	2026-04-25
신용조사회사	금지함	ACTION	신용정보에 관한 조사 의뢰를 강요하는 행위	제22조의7	0.98	신용조사회사의 행위규칙|조사 의뢰 강요	2026-04-25
신용조사회사	금지함	ACTION	신용정보 조사 대상자에게 조사자료의 제공과 답변을 강요하는 행위	제22조의7	0.98	신용조사회사의 행위규칙|자료 제공 강요	2026-04-25
신용조사회사	금지함	ACTION	금융거래 등 상거래관계 외의 사생활 등을 조사하는 행위	제22조의7	0.98	신용조사회사의 행위규칙|사생활 조사 금지	2026-04-25
신용조사업에 종사하는 임직원	요구함	ACTION	신용조사업에 종사하고 있음을 나타내는 증표를 지니고 이를 상대방에게 내보여야 한다	제22조의7	0.97	신용조사업에 종사하는 임직원|증표	2026-04-25
임원 자격요건	정의함	LOGICAL	금융회사의 지배구조에 관한 법률	제22조의8	0.95	임원 자격요건|금융회사의 지배구조에 관한 법률	2026-04-25
본조	준용함	STRUCTURE	제5조	제5조	0.95	준용	2026-04-25
본인신용정보관리회사는	금지함	ACTION	개인인 신용정보주체에게 개인신용정보의 전송요구를 강요하거나 부당하게 유도하는 행위	제22조의9	0.95	금지|행위규칙	2026-04-25
본인신용정보관리회사는	금지함	ACTION	대통령령으로 정하는 행위로서 신용정보주체 보호 또는 건전한 신용질서를 저해할 우려가 있는 행위	제22조의9	0.95	금지|행위규칙	2026-04-25
업무	참조함	STRUCTURE	제11조제6항	제11조제6항	0.9	제11조제6항에 따른 업무	2026-04-25
업무	정의함	LOGICAL	제11조제6항에 따른 업무	제11조제6항	0.8	제11조제6항에 따른 업무	2026-04-25
본인신용정보관리회사	요구함	ACTION	내부관리규정 마련	제11조의2제6항제3호	0.95	이해상충 방지|내부관리규정	2026-04-25
본인신용정보관리회사	금지함	ACTION	신용정보 수집	제11조의2제6항제3호	0.95	이해상충 방지|신용정보 수집 금지	2026-04-25
신용정보제공ㆍ이용자등	정의함	LOGICAL	신용정보제공ㆍ이용자등에 관한 정의	제33조의2	0.92	신용정보제공ㆍ이용자등 정의	2026-04-25
신용정보제공ㆍ이용자등	근거함	STRUCTURE	전자금융거래법	제33조의2	0.85	전자금융거래법 근거	2026-04-25
신용정보제공ㆍ이용자등	전송하여야 한다	ACTION	본인신용정보관리회사에 개인신용정보	제2조제10호	0.95	개인신용정보 전송|대통령령으로 정하는 방식	2026-04-25
신용정보제공ㆍ이용자등	전송할 수 있다	ACTION	본인신용정보관리회사에 개인신용정보를 중계기관을 통하여	제2조제10호	0.9	개인신용정보 전송|대통령령으로 정하는 중계기관	2026-04-25
개인신용정보주체	전송을 요구한다	ACTION	본인신용정보관리회사에 개인신용정보	제2조제10호	0.9	개인신용정보 전송|요구	2026-04-25
개인신용정보 전송	정의함	LOGICAL	본인신용정보주체가 본인신용정보관리회사에 개인신용정보를 전송하는 행위	제2조제10호	0.9	개인신용정보 전송|정의	2026-04-25
본인신용정보관리회사	허용함	ACTION	최소한의 비용	제33조의2제4항	0.95	비용 부담|최소한의 비용	2026-04-25
제33조의2제4항	참조함	STRUCTURE	대통령령	제33조의2제4항	0.9	비용 산정기준|대통령령	2026-04-25
신용정보집중기관	요청함	ACTION	공공기관의 장	23	0.95	신용정보집중기관|공공기관의 장|신용정보 제공 요청	2026-04-25
공공기관의 장	제공할 수 있다	ACTION	신용정보	23	0.95	공공기관의 장|신용정보|제공	2026-04-25
신용정보집중기관	수신할 수 있다	ACTION	신용정보	23	0.9	신용정보집중기관|신용정보|수신	2026-04-25
신용정보집중기관	제공할 수 있다	ACTION	신용정보의 이용자	23	0.9	신용정보집중기관|신용정보의 이용자|제공	2026-04-25
제공 기준과 절차	정의함	LOGICAL	대통령령	23	0.85	제공 기준과 절차|대통령령|정의	2026-04-25
제공받으려는 자	확인	ACTION	동의	제32조제3항	0.95	신용정보 제공ㆍ이용 동의|확인	2026-04-25
법제처 20 국가법령정보센터 신용정보의 이용 및 보호에 관한 법률	예외로함	LOGICAL	제32조제6항 각 호	제32조제6항	0.95	각 호의 어느 하나에 해당하는|법제처 20 국가법령정보센터 신용정보의 이용 및 보호에 관한 법률	2026-04-25
개인신용정보를 제공받은 자	금지함	ACTION	그 정보를 제3자에게 제공	제32조제6항	0.98	제4항에 따라|개인신용정보를 제공받은 자	2026-04-25
신용정보의 제공을 요청하는 자	요구함	ACTION	열람료 또는 수수료 등을 내야 한다	제32조제6항	0.97	제2항에 따라|관계 법령에 따라	2026-04-25
신용정보회사등	허용함	ACTION	그 신용정보를 제공	제32조제6항	0.96	공공기관의 장이 관계 법령에서 정하는 공무상 목적으로 이용하기 위하여 신용정보의 제공을 문서로 요청한 경우	2026-04-25
신용정보집중기관	이용함	ACTION	주민등록전산정보자료	제24조	0.95	주민등록전산정보자료의 이용|신용정보집중기관	2026-04-25
대통령령으로 정하는 신용정보제공ㆍ이용자	이용함	ACTION	주민등록전산정보자료	제24조	0.95	주민등록전산정보자료의 이용|신용정보제공ㆍ이용자	2026-04-25
주민등록전산정보자료	허용함	ACTION	요청	제30조제1항	0.9	제공을 요청할 수 있다	2026-04-25
행정안전부장관	따라야 한다	ACTION	요청	제30조제1항	0.95	특별한 사유가 없으면	2026-04-25
주민등록전산정보자료 요청	심사받아야 한다	ACTION	금융위원회위원장	제64조	0.95	주민등록전산정보자료 요청|심사|금융위원회위원장	2026-04-25
관계 중앙행정기관 의 장	거치다	ACTION	심사	제30조제1항	0.95	심사|거치다	2026-04-25
신용정보집중기관	정의함	LOGICAL	신용정보를 집중하여 수집ㆍ보관함으로써 체계적ㆍ종합적으로 관리하고, 신용정보회사 등 상호 간에 신용정보를 교환ㆍ활용하려는 자	제25조	0.95	신용정보집중기관|집중관리ㆍ활용	2026-04-25
신용정보집중기관	허가를 받아야 한다	ACTION	금융위원회	제25조	0.95	신용정보집중기관|허가	2026-04-25
종합신용정보집중기관	정의함	LOGICAL	금융기관 전체로부터의 신용정보를 집중관리ㆍ활용하는 신용정보 집중기관	제25조	0.9	종합신용정보집중기관|신용정보집중기관	2026-04-25
개별신용정보집중기관	정의함	LOGICAL	제1호에 따른 금융기관 외의 같은 종류의 사업자가 설립한 협회 등의 협약 등에 따라 신용정보를 집중관리ㆍ활용하는 신용정보집중기관	제25조	0.9	개별신용정보집중기관|신용정보집중기관	2026-04-25
제1항에 따른 신용정보집중기관	허가를 받아야 한다	ACTION	금융위원회	제25조	0.9	신용정보집중기관|허가	2026-04-25
제1항에 따른 신용정보집중기관으로 허가를 받으려는 자	요건을 갖추어야 한다	ACTION	요건	제25조	0.85	신용정보집중기관|요건	2026-04-25
신용정보집중기관	요구함	ACTION	공공성과 중립성	제32조	0.95	공공성|중립성	2026-04-25
신용정보집중기관	요구함	ACTION	시설·설비·인력	제32조	0.95	시설|설비|인력	2026-04-25
신용정보집중기관	요구함	ACTION	신용정보를 개인신용평가회사, 개인사업자신용평가회사, 기업신용조회회사에 제공	제32조	0.9	신용정보|개인신용평가회사|개인사업자신용평가회사|기업신용조회회사	2026-04-25
신용정보집중기관	구축할 수 있다	ACTION	신용정보공동전산망	제26조⑥	0.9	신용정보공동전산망 구축|대통령령에 따른	2026-04-25
공동전산망에 참여하는 자	협조를 하여야 한다	ACTION	유지·관리 등에 필요한 협조	제26조⑥	0.8	유지·관리 협조|공동전산망 참여자	2026-04-25
신용정보집중관리위원회	조사할 수 있다	ACTION	금융기관의 신용정보 제공의무 이행 실태	제26조⑥	0.85	조사 가능성|신용정보 제공 이행 실태	2026-04-25
신용정보집중기관	준용함	STRUCTURE	전기통신사업법	제26조⑥	0.7	전기통신사업법 준용|법적 근거	2026-04-25
전기통신사업자	정의함	LOGICAL	전기통신사업자	제2조제1항제1호	0.85	전기통신사업자	2026-04-25
전기통신사업자	참조함	STRUCTURE	제2조제1항제1호	제2조제1항제1호	0.92	전기통신사업자|제2조제1항제1호	2026-04-25
종합신용정보집중기관	수행	ACTION	업무	제25조의2	0.95	종합신용정보집중기관의 업무|업무 수행	2026-04-25
금융기관	요구함	ACTION	신용정보	제25조제2항제1호	0.95	신용정보 집중관리ㆍ활용|금융기관	2026-04-25
공공기관	요구함	ACTION	신용정보	제23조제2항	0.95	신용정보 집중관리 활용	2026-04-25
신용정보 집중관리 활용	정의함	LOGICAL	공공기관으로부터 수집한 신용정보의 집중관리ㆍ활용	제23조제2항	0.9	신용정보 집중관리 활용	2026-04-25
제39조의2	근거함	STRUCTURE	신용정보주체에게 채권자변동정보를 교부하거나 열람하게 하는 업무	제39조의2	0.95	근거|제39조의2	2026-04-25
제39조의2	근거함	STRUCTURE	공공 목적의 조사 및 분석 업무	제39조의2	0.9	근거|공공 목적	2026-04-25
제39조의2	근거함	STRUCTURE	신용정보의 가공ㆍ분석 및 제공 등과 관련하여 대통령령으로 정하는 업무 3의2	제39조의2	0.9	근거|대통령령	2026-04-25
검증위원회	요구함	ACTION	업무	제26조의3	0.95	검증위원회 운영|업무	2026-04-25
종합신용정보집중기관	둔다	ACTION	신용정보집중관리위원회	제26조	0.95	신용정보집중관리위원회|업무 수행	2026-04-25
신용정보집중관리위원회	정의함	LOGICAL	위원회	제26조	0.9	신용정보집중관리위원회|위원회	2026-04-25
각 호의 업무	심의	ACTION	중요 사안	제25조의2	0.95	심의|중요 사안	2026-04-25
신용정보의 집중관리ㆍ활용에 드는 경상경비, 신규사업의 투자비	정의함	LOGICAL	분담에 관한 사항	제25조의2	0.9	신용정보의 집중관리ㆍ활용|경상경비|신규사업의 투자비|분담	2026-04-25
위원회	보고	ACTION	금융위원회	제25조제2항제1호	0.95	신용정보제공의무 이행 실태 조사|보고	2026-04-25
위원회	구성함	ACTION	위원장 1명을 포함한 15명 이내의 위원	제26조의2	0.95	위원회 구성|위원장 1명 포함|15명 이내의 위원	2026-04-25
위원회	요구함	ACTION	위원장은 종합신용정보집중기관의 장	제26조의2	0.95	위원회 위원장|종합신용정보집중기관 장	2026-04-25
위원회	구성시 고려요소	LOGICAL	공익성, 중립성, 업권별 대표성, 신용정보에 관한 전문지식	제26조의2	0.95	공익성|중립성|업권별 대표성|신용정보 전문지식	2026-04-25
위원회	필요사항은	STRUCTURE	대통령령으로 정한다	제26조의2	0.95	대통령령|위원회 구성 및 운영 필요사항	2026-04-25
종합신용정보집중기관	둔다	ACTION	개인신용평가체계 검증위원회	제26조의3	0.95	종합신용정보집중기관|개인신용평가체계 검증위원회	2026-04-25
개인신용평가체계 검증위원회	구성한다	ACTION	위원장 1명을 포함한 7명 이내의 위원	제26조의3	0.95	개인신용평가체계 검증위원회|위원장|위원	2026-04-25
개인신용평가체계 검증위원회	심의한다	ACTION	개인신용평가회사 및 개인사업자신용평가회사(이하 이 조에서 “개인신용평가회사등”이라 한다)의 평가에 사용되는 기초정보에 관한 심의	제26조의3	0.95	개인신용평가체계 검증위원회|개인신용평가회사등|기초정보	2026-04-25
데이터전문기관	정의함	LOGICAL	금융위원회는 ...	제26조의4	0.3	데이터전문기관	2026-04-25
정보집합물 결합	정의함	LOGICAL	정보집합물	제17조의2	0.9	정보집합물 결합|제17조의2에 따른	2026-04-25
데이터전문기관	정의함	LOGICAL	제40조의2에 따른 익명처리의 적정성 평가를 전문적으로 수행하는 법인 또는 기관	제40조의2	0.95	데이터전문기관|익명처리의 적정성 평가	2026-04-25
데이터전문기관	수행한다	ACTION	신용정보회사등이 보유하는 정보집합물과 제3자가 보유하는 정보집합물 간의 결합 및 전달	제40조의2	0.9	데이터전문기관|정보집합물 결합|전달	2026-04-25
데이터전문기관	수행한다	ACTION	신용정보회사등의 익명처리에 대한 적정성 평가	제40조의2	0.9	데이터전문기관|익명처리|적정성 평가	2026-04-25
데이터전문기관	수행한다	ACTION	제1호 및 제2호와 유사한 업무로서 대통령령으로 정하는 업무	제40조의2	0.85	데이터전문기관|대통령령|유사 업무	2026-04-25
데이터전문기관	설정할 수 있다	ACTION	적정성평가위원회	제40조의2	0.9	데이터전문기관|적정성평가위원회|설정	2026-04-25
데이터전문기관	만들어야 한다	ACTION	위험관리체계	제40조의2	0.9	데이터전문기관|위험관리체계|대통령령	2026-04-25
대통령	정한다	STRUCTURE	제1항에 따른 지정의 기준 및 취소, 제3항에 따른 적정성평가위원회의 구성ㆍ운영에 관하여 필요한 사항	제40조의2	0.8	대통령|지정 기준|적정성평가위원회 구성|운영	2026-04-25
채권추심회사	채용하거나 고용하여서는 아니 된다	ACTION	미성년자	제27조	0.95	채권추심업 종사자 제한|미성년자	2026-04-25
채권추심회사	예외로함	LOGICAL	금융위원회가 정하여 고시하는 업무에 채용하거나 고용하는 경우	제27조	0.9	채권추심업 종사자 제한|금융위원회	2026-04-25
금융위원회	명할 수 있다	ACTION	정지 명령	제9조	0.95	정지 명령|위임직채권추심인	2026-04-25
정지 명령	적용대상	STRUCTURE	위임직채권추심인	제9조	0.9	정지 명령|위임직채권추심인	2026-04-25
제40조제1항제5호	위반한 경우	LOGICAL	채권의 공정한 추심에 관한 법률	제40조제1항제5호	0.95	위반|제40조제1항제5호	2026-04-25
채권추심업에 종사하는 임직원	요구함	ACTION	채무자 또는 관계인	제12조	0.95	증표|채권추심업무	2026-04-25
채권추심회사	요구함	ACTION	소속 위임직채권추심인	제12조	0.9	법령 준수|건전한 거래질서	2026-04-25
소속 위임직채권추심인	금지함	ACTION	위반행위	제12조	0.85	위반행위|법령 위반	2026-04-25
제8조의3제1항	상위조항	STRUCTURE	제8조	제8조의3제1항	0.9	제8조	2026-04-25
제9조	구조	STRUCTURE	제2조제7호	제9조	0.0	제9조|제2조제7호	2026-04-25
제10조제1항	정의함	LOGICAL	제10조제1항	제10조제1항	0.0	제10조제1항	2026-04-25
위반	금지함	ACTION	제11조제1호 또는 제2호	제11조제1호 또는 제2호	0.95	위반|제11조제1호|제2호	2026-04-25
제8조의3제2항	참조함	STRUCTURE	제8조의3제1항	제8조의3제2항	0.6	제8조의3제1항 참조	2026-04-25
Unknown	정의함	LOGICAL	제11조제3호부터 제5호까지	Unknown	0.5	제11조제3호부터 제5호까지	2026-04-25
제12조	정의함	LOGICAL	내용 없음	제12조	0.5	내용 없음	2026-04-25
제13조	정의함	LOGICAL	제13조	13	0.5	제13조	2026-04-25
대통령령	정한다	ACTION	위임직채권추심인의 자격요건 및 등록절차	제13조의 2제2항	0.95	자격요건|등록절차	2026-04-25
총리령	정한다	ACTION	수수료	제13조의 2제2항	0.9	수수료	2026-04-25
위임직채권추심인	내야 한다	ACTION	수수료	제13조의 2제2항	0.85	수수료	2026-04-25
신용정보제공ㆍ이용자	금지함	ACTION	채권추심회사 외의 자에게 채권추심업무를 위탁	제27조의2	0.95	업무위탁 금지|신용정보제공ㆍ이용자	2026-04-25
제28조	삭제됨	STRUCTURE	2013. 5. 28.	제28조	1.0	삭제|제28조	2026-04-25
제29조	삭제됨	STRUCTURE	삭제	29	1.0	삭제	2026-04-25
제30조	삭제함	ACTION	제6장 신용정보주체의 보호	제30조	0.9	삭제|제6장 신용정보주체의 보호	2026-04-25
신용정보제공자	요구함	ACTION	공시항목	제31조	0.95	공시|신용정보제공자	2026-04-25
신용정보제공자	정의함	LOGICAL	개인신용평가회사, 개인사업자신용평가회사, 기업신용조회회사, 신용정보집중기 관 및 대통령령으로 정하는 신용정보제공ㆍ이용자	제31조	0.9	신용정보제공자|정의	2026-04-25
공시항목	정의함	LOGICAL	다음 각 호의 사항	제31조	0.85	공시항목|정의	2026-04-25
공시항목	준용함	STRUCTURE	대통령령으로 정하는 바에 따라	제31조	0.8	공시항목|대통령령	2026-04-25
신용정보 처리	정의함	LOGICAL	대통령령으로 정하는 사항	제30조제1항제6호 및 제7호의 사항 7	0.9	정의함|대통령령으로 정하는 사항	2026-04-25
제1항 각 호의 공시 사항	준용함	LOGICAL	개인정보 보호법	제30조제1항제6호 및 제7호의 사항 7	0.85	준용함|개인정보 보호법	2026-04-25
방법	준용함	ACTION	제30조제2항	제30조제2항	0.95	방법|제30조제2항	2026-04-25
신용정보제공ㆍ이용자	요구함	ACTION	개인신용정보 제공 시 미리 개별 동의	32	0.95	개인신용정보 제공|개별 동의	2026-04-25
신용정보제공ㆍ이용자	예외로함	LOGICAL	기존에 동의한 목적 또는 이용 범위에서 개인신용정보의 정확성·최신성을 유지하기 위한 경우	32	0.9	기존 동의|정확성 유지	2026-04-25
신용정보제공ㆍ이용자	준용함	STRUCTURE	대통령령으로 정하는 바	32	0.85	대통령령|방법	2026-04-25
신용정보제공ㆍ이용자	허용함	ACTION	서면, 전자서명법	32	0.9	서면|전자서명법	2026-04-25
신용정보제공ㆍ이용자	제공	ACTION	개인신용정보	32	0.8	제공|개인신용정보	2026-04-25
전자서명	정의함	LOGICAL	서명자의 실지명의를 확인할 수 있는 것	제2조제2호	0.97	전자서명 정의|실지명의 확인 가능성	2026-04-25
전자서명	근거함	STRUCTURE	제2조제2호	제2조제2호	0.9	제2조제2호 근거	2026-04-25
신용정보 제공자	제공함	ACTION	개인신용정보	제17조제2항	0.95	개인신용정보 제공 조건|영업양도ㆍ분할ㆍ합병|채권추심|법원의 제출명령|검사·사법경찰관 요구|조세에 관한 법률|국제협약	2026-04-25
신용평가회사 및 신용조회회사	제공함	ACTION	가명정보	제2조제1호의4나목 및 다목	0.95	가명정보 제공|의무|통계작성|연구|공익적 기록보존	2026-04-25
개인신용정보	이용하여야 한다	ACTION	해당 신용정보주체가 신청한 금융거래 등 상거래관계의 설정 및 유지 여부 등을 판단하기 위한 목적으로 이용하는 경우	제33조	0.95	개인신용정보|이용|목적|신용정보주체|금융거래	2026-04-25
개인신용정보	이용하여야 한다	ACTION	제1호의 목적 외의 다른 목적으로 이용하는 것에 대하여 신용정보주체로부터 동의를 받은 경우	제33조	0.95	개인신용정보|이용|동의|목적	2026-04-25
개인신용정보	이용하여야 한다	ACTION	개인이 직접 제공한 개인신용정보(그 개인과의 상거래에서 생긴 신용정보를 포함한다)를 제공받은 목적으로 이용하는 경우(상품과 서비스를 소개하거나 그 구매를 권유할 목적으로 이용하는 경우는 제외한다)	제33조	0.95	개인신용정보|이용|제공받은 목적|제외	2026-04-25
개인신용정보	예외로함	LOGICAL	상품과 서비스를 소개하거나 그 구매를 권유할 목적으로 이용하는 경우	제33조	0.9	예외|상품소개|구매권유	2026-04-25
신용정보회사등	승인을요구함	ACTION	미리	제32조제6항	0.85	수집ㆍ조사|제3자 제공|미리	2026-04-25
개인 동의	정의함	LOGICAL	개인으로부터 받아야 하는 동의	제32조제1항	0.95	개인 동의|개인	2026-04-25
개인 정보	정의함	LOGICAL	대통령령으로 정하는 목적에 한정된 사용	제32조제1항	0.95	개인 정보|대통령령	2026-04-25
신용정보주체	요구	ACTION	개인신용정보	제33조의2	0.95	전송요구|개인신용정보	2026-04-25
전송요구	정의함	LOGICAL	개인신용정보를 전송하도록 요구할 수 있는 행위	제33조의2	0.9	전송요구|요구	2026-04-25
신용정보주체	요구	ACTION	해당 신용정보주체 본인	제33조의2	0.9	전송요구|수신자	2026-04-25
신용정보주체	요구	ACTION	본인신용정보관리회사	제33조의2	0.9	전송요구|수신자	2026-04-25
신용정보주체	요구	ACTION	대통령령으로 정하는 신용정보제공ㆍ이용자	제33조의2	0.9	전송요구|수신자	2026-04-25
신용정보주체	요구	ACTION	개인신용평가회사	제33조의2	0.9	전송요구|수신자	2026-04-25
신용정보주체	요구	ACTION	그 밖에 제1호부터 제4호까지의 규정에서 정한 자와 유사한 자로서 대통령령으로 정하는 자	제33조의2	0.9	전송요구|수신자	2026-04-25
본인	요구함	ACTION	개인신용정보를 컴퓨터 등 정보처리장치로 처리가 가능한 형태로 전송	제32조	0.95	개인신용정보 전송|지체 없이	2026-04-25
제32조	예외로함	LOGICAL	금융실명거래 및 비밀보장에 관한 법률	제32조	0.9	제32조|금융실명거래 및 비밀보장에 관한 법률|예외	2026-04-25
제4조	참조함	STRUCTURE	국세기본법 제2조	제4조	0.9	참조|법률간 연결	2026-04-25
지방세기본법	정의함	LOGICAL	지방세기본법	제81조의13 3	0.9	정의	2026-04-25
지방세기본법	참조함	STRUCTURE	제81조의13 3	제81조의13 3	0.8	정의	2026-04-25
개인정보 보호법	정의함	LOGICAL	개인정보 보호법	제86조 4	0.95	정의	2026-04-25
신용정보주체	요구할 수 있다	ACTION	신용정보제공ㆍ이용자등에 대하여 정기적으로 같은 내역의 개인신용정보를 전송하도록 요구	제18조 5.	0.95	전송요구|정기전송|개인신용정보	2026-04-25
개인인 신용정보주체	특정해야 한다	ACTION	전송요구에 따른 사항(1) 신용정보제공ㆍ이용자등으로서 전송요구를 받는 자, (2) 전송을 요구하는 개인신용정보, (3) 전송요구에 따라 개인신용정보를 제공받는 자, (4) 정기적인 전송을 요구하는지 여부 및 요구하는 경우 그 주기, (5) 제1호부터 제4호까지의 규정에서 정한 사항과 유사한 사항	제18조 5.	0.9	전송요구|전자문서|안전성|신뢰성	2026-04-25
신용정보주체	허용함	ACTION	개인신용정보 전송 사실을 신용정보주체 본인에게 통보하지 않음	Unknown	0.95	제32조제7항|금융실명거래 및 비밀보장에 관한 법률	2026-04-25
제32조제7항	준용함	STRUCTURE	개인신용정보 전송 사실을 신용정보주체 본인에게 통보하지 않음	Unknown	0.9	제32조제7항|금융실명거래 및 비밀보장에 관한 법률	2026-04-25
신용정보주체	철회할 수 있다	ACTION	전송요구	제4조의2	0.95	전송요구 철회|신용정보주체	2026-04-25
신용정보제공ㆍ이용자등	거절하거나 정지ㆍ중단할 수 있다	ACTION	전송요구	제4조의2	0.9	전송요구 거절|전송요구 정지	2026-04-25
전송요구의 방법	정한다	STRUCTURE	대통령령	제4조의2	0.85	전송요구 방법|대통령령	2026-04-25
전송요구 철회	정의함	LOGICAL	신용정보주체가 전송요구를 철회할 수 있다	제4조의2	0.9	전송요구 철회|신용정보주체	2026-04-25
신용정보회사등	허용함	ACTION	개인식별정보	제34조	0.85	개인식별정보|대통령령으로 정하는 정보	2026-04-25
개인식별정보	정의함	LOGICAL	대통령령으로 정하는 정보	제34조	0.9	개인식별정보|대통령령으로 정하는 정보	2026-04-25
제15조	구성요소	STRUCTURE	REGULATION	제15조	0.6	제15조	2026-04-25
제32조	정의함	LOGICAL	신용공여	제32조	0.0	신용공여	2026-04-25
준용	준용함	ACTION	제33조	제33조	0.95	준용	2026-04-25
신용정보회사등	요구함	ACTION	개인신용정보 활용에 대한 동의	제34조의2	0.85	동의의 원칙|개인신용정보 활용	2026-04-25
제15조제2항	참조함	STRUCTURE	제15조	제15조제2항	0.7	제15조	2026-04-25
제32조제1항ㆍ제2항	상위조항	STRUCTURE	제32조	제32조제1항ㆍ제2항	0.9	제32조	2026-04-25
제 33조제1항제2호	상위조항	STRUCTURE	제 33조제1항	33조제1항제2호	0.9	하위조항|상위조항	2026-04-25
정보활용 동의	정의함	LOGICAL	신용정보주체로부터 동의	제34조	0.9	정보활용 동의|신용정보주체	2026-04-25
신용정보주체	받다	ACTION	정보활용 동의	제34조	0.95	신용정보주체|정보활용 동의	2026-04-25
개인정보 보호법	참조함	STRUCTURE	제34조의3	제34조의3	0.9	개인정보 보호법|제34조의3	2026-04-25
Unknown	정의함	LOGICAL	제15조제2항	제15조제2항	0.6	제15조제2항	2026-04-25
제17조제2항	정의함	LOGICAL	제17조제2항	제17조제2항	0.0	제17조제2항	2026-04-25
신용정보제공ㆍ이용자	요구함	ACTION	정보활용 동의	제18조제3항	0.95	정보활용 동의|신용정보주체	2026-04-25
신용정보제공ㆍ이용자	알리고	ACTION	고지사항	제18조제3항	0.95	고지사항|신용정보주체	2026-04-25
신용정보제공ㆍ이용자	예외로함	LOGICAL	대통령령으로 정하는 경우	제18조제3항	0.9	대통령령|예외	2026-04-25
대통령령으로 정하는 신용정보제공ㆍ이용자	요구함	ACTION	쉬운 용어나 단순하고 시청각적인 전달 수단을 사용하여 신용정보주체가 정보활용 동의 사항을 이해할 수 있도록 할 것	제18조제3항	0.9	쉬운 용어|시청각적 전달|정보활용 동의	2026-04-25
대통령령으로 정하는 신용정보제공ㆍ이용자	요구함	ACTION	정보활용 동의 사항과 금융거래 등 상거래관계의 설정 및 유지 등에 관한 사항이 명확하게 구분되도록 할 것	제18조제3항	0.9	정보활용 동의|금융거래|구분	2026-04-25
대통령령으로 정하는 신용정보제공ㆍ이용자	요구함	ACTION	정보 활용 동의 사항을 목적별로 구분하여 신용정보주체가 개별적으로 해당 동의를 할 수 있도록 할 것	제18조제3항	0.9	목적별|개별 동의|정보활용 동의	2026-04-25
신용정보제공·이용자	허용함	ACTION	신용정보주체에게 알리고 동의를 받다	제32조	0.95	선택적 동의사항|고지사항 일부 생략|중요한 사항 발췌	2026-04-25
신용정보주체	예외로함	LOGICAL	신용정보제공·이용자	제32조	0.9	고지사항 전부 요청	2026-04-25
신용정보제공·이용자	요구함	ACTION	신용정보주체에게 고지사항 전부를 별도로 요청할 수 있음을 알려야 한다	제32조	0.9	고지사항 전부 요청 알림	2026-04-25
제32조	근거함	STRUCTURE	대통령령	제32조	0.8	대통령령	2026-04-25
금융위원회	부여	ACTION	정보활용 동의등급	제34조의3	0.95	부여|정보활용 동의등급	2026-04-25
신용정보제공·이용자	알리고	ACTION	정보활용 동의등급	제34조의3	0.9	알리다|정보활용 동의등급	2026-04-25
신용정보제공·이용자	받다	ACTION	정보활용 동의	제34조의3	0.9	받다|정보활용 동의	2026-04-25
금융위원회	고려함	LOGICAL	사생활 침해 위험	제34조의3	0.85	고려|사생활 침해 위험	2026-04-25
제23조	포함한다	STRUCTURE	민감정보인지 여부	제23조	0.95	제23조|민감정보인지 여부	2026-04-25
민감정보인지 여부	정의함	LOGICAL	제23조	제23조	0.9	민감정보인지 여부|정의	2026-04-25
신용정보주체	받게 되는	ACTION	이익이나 혜택	제23조	0.85	신용정보주체|이익이나 혜택|정보활용	2026-04-25
금융위원회	허용함	ACTION	정보활용 동의등급	제34조의2	0.95	취소·변경|부정한 방법	2026-04-25
금융위원회	근거함	STRUCTURE	제1항에 따른 신용정보제공·이용자가 거짓이나 부정한 방법으로 부여받은 경우	제34조의2	0.85	거짓|부정한 방법	2026-04-25
신용정보회사등	허용함	ACTION	신용정보주체가 조회할 수 있도록 하여야 한다	제35조	0.95	신용정보 이용 및 제공사실의 조회|신용정보주체	2026-04-25
신용정보회사등	허용함	ACTION	신용정보주체가 개인신용정보를 이용한 경우의 이용 주체, 이용 목적, 이용 날짜, 이용한 신용정보의 내용, 그 밖에 대통령령으로 정하는 사항을 조회할 수 있도록 하여야 한다	제35조	0.95	신용정보 이용|개인신용정보|신용정보주체	2026-04-25
신용정보회사등	허용함	ACTION	신용정보주체가 개인신용정보를 제공한 경우의 제공 주체, 제공받은 자, 제공 목적, 제공한 날짜, 제공한 신용정보의 내용, 그 밖에 대통령령으로 정하는 사항을 조회할 수 있도록 하여야 한다	제35조	0.95	신용정보 제공|개인신용정보|신용정보주체	2026-04-25
신용정보제공자	요구함	ACTION	신용정보주체	제35조의2	0.98	설명의무	2026-04-25
설명의무	정의함	LOGICAL	신용정보제공자가 신용정보주체에게 설명해야 하는 의무	제35조의2	0.95	설명의무	2026-04-25
신용정보제공ㆍ이용자	정의함	LOGICAL	대통령령으로 정하는 신용정보제공ㆍ이용자	제35조의3	0.95	정의|신용정보제공ㆍ이용자	2026-04-25
신용정보 제공자	통지	ACTION	신용정보주체	제2조	0.95	통지|신용정보 제공자|신용정보주체	2026-04-25
신용정보제공자	고지해야 한다	ACTION	본인	제36조	0.95	신용정보 고지	2026-04-25
신용정보주체	허용함	ACTION	신용정보의 정확성 확인 요청	제36조	0.9	신용정보 정확성 확인|60일 이내	2026-04-25
준용	준용함	STRUCTURE	제38조	38	0.95	준용|제38조	2026-04-25
신용정보주체	요구함	ACTION	자동화평가 결과 설명	제36조의2	0.95	자동화평가 결과 설명|요구	2026-04-25
신용정보주체	요구함	ACTION	자동화평가 결과	제36조의2	0.9	자동화평가 결과|요구	2026-04-25
신용정보주체	요구함	ACTION	자동화평가 결과 재산출	제36조의2	0.9	자동화평가 재산출|요구	2026-04-25
신용정보주체	요구함	ACTION	기초정보 정정/삭제	제36조의2	0.9	기초정보 정정|요구	2026-04-25
신용정보주체	제출할 수 있다	ACTION	자동화평가 결과에 유리한 정보	제36조의2	0.9	정보 제출|자동화평가	2026-04-25
신용정보주체	요구함	ACTION	자동화평가 여부	제36조의2	0.9	자동화평가 여부|요구	2026-04-25
개인인 신용정보주체	정의함	LOGICAL	개인인 신용정보주체	제37조	0.9	정의	2026-04-25
신용정보제공ㆍ이용자	허용함	ACTION	개인신용정보 제공 동의	제32조제1항	0.95	개인신용정보 제공 동의 철회|대통령령에 따른 철회	2026-04-25
개인신용정보 제공 동의	정의함	LOGICAL	개인신용정보 제공 동의 철회	제32조제1항	0.9	개인신용정보 제공 동의 철회	2026-04-25
신용정보제공ㆍ이용자	예외로함	LOGICAL	신용정보제공ㆍ이용자 외의 신용정보제공ㆍ이용자	제32조제1항	0.85	예외|제한	2026-04-25
개인신용정보 제공 동의	준용함	STRUCTURE	대통령령	제32조제1항	0.9	대통령령|규정	2026-04-25
신용정보제공ㆍ이용자	이행해야 한다	ACTION	동의를 철회하려면 그 용역의 제공을 받지 아니할 의사를 명확하게 밝혀야 한다	제33조	0.95	신용정보제공ㆍ이용자 의무|동의 철회 의사 명시	2026-04-25
개인인 신용정보주체	청구할 수 있다	ACTION	신용정보제공ㆍ이용자에 대하여 연락 중지하도록 청구할 수 있다	제33조	0.95	개인인 신용정보주체 권한|연락 중지 청구	2026-04-25
신용정보제공ㆍ이용자	고지하고	ACTION	권리의 내용, 행사방 법 등을 거래 상대방인 개인에게	제33조	0.95	고지 의무|권리 내용 고지	2026-04-25
거래 상대방	이행해야 한다	ACTION	제1항 및 제2항의 요구	제33조	0.95	거래 상대방 의무|제1항·제2항 요구 이행	2026-04-25
신용정보제공ㆍ이용자	거쳐야 한다	ACTION	추가적인 사후 고지절차	제33조	0.95	사후 고지 절차|추가 절차 이행	2026-04-25
신용정보제공ㆍ이용자	갖추어야 한다	ACTION	제3항에 따른 의무를 이행하기 위한 절차	제33조	0.95	절차 갖추기|제3항 의무 이행	2026-04-25
신용정보제공ㆍ이용자	조치를 하여야 한다	ACTION	개인인 신용정보주체가 부담하지 아니하도록	제33조	0.95	전화요금 부담 방지|필요 조치	2026-04-25
상거래기업 및 법인	요청	ACTION	보호위원회	제45조의3제1항	0.95	시정 요청|이의가 있으면	2026-04-25
금융감독원장	요구함	ACTION	그 사실여부를 조사	제24조	0.95	조사|사실여부	2026-04-25
금융감독원장	시정명령을 할 수 있다	ACTION	신용정보회사등	제24조	0.9	시정명령|신용정보회사등	2026-04-25
보호위원회	직접 수행할 수 있다	ACTION	해당 업무	제24조	0.9	직접 수행|해당 업무	2026-04-25
조사를 하는 자	증표를 지니고 관계인에게 내보여야 한다	ACTION	관계인에게 증표를 내보여야 한다	제24조	0.95	증표|관계인	2026-04-25
신용정보회사등	보고해야 한다	ACTION	금융위원회 또는 보호위원회	제24조	0.95	보고|금융위원회|보호위원회	2026-04-25
조사를 하는 자	제6항에 따라	STRUCTURE	조사	제24조	0.9	제6항|조사	2026-04-25
신용정보주체	요청함	ACTION	개인신용평가회사 및 개인사업자신용평가회사	제38조의2	0.95	신용조회사실 통지 요청|신용정보주체|개인신용평가회사|개인사업자신용평가회사	2026-04-25
신용정보주체	확인받아야 한다	ACTION	본인임을 확인받아야 한다	제38조의2	0.95	신용조회사실 통지 요청|신용정보주체|금융위원회	2026-04-25
개인신용평가회사 및 개인사업자신용평가회사	제공 중지	ACTION	해당 조회에 따른 개인신용정보의 제공	제38조의2	0.95	신용조회사실 통지 요청|개인신용평가회사|개인사업자신용평가회사	2026-04-25
개인신용평가회사 및 개인사업자신용평가회사	통지함	ACTION	해당 신용정보주체에게 통지	제38조의2	0.95	신용조회사실 통지 요청|개인신용평가회사|개인사업자신용평가회사|신용정보주체	2026-04-25
대통령령	정한다	STRUCTURE	제2항의 정보제공 중지 및 통지 방법, 통지에 따른 비용 부담 등에 필요한 사항	제38조의2	0.95	신용조회사실 통지 요청|대통령령	2026-04-25
신용정보주체	요구함	ACTION	개인신용정보	제38조의3	0.95	삭제 요구|금융거래 등 상거래관계 종료 및 대통령령으로 정하는 기간 경과 시	2026-04-25
신용정보제공ㆍ이용자	삭제	ACTION	개인신용정보	제20조의2제 2항	0.95	신용정보제공ㆍ이용자|삭제|개인신용정보	2026-04-25
신용정보제공ㆍ이용자	통지	ACTION	신용정보주체	제20조의2제 2항	0.95	신용정보제공ㆍ이용자|통지|신용정보주체	2026-04-25
신용정보제공ㆍ이용자	관리	ACTION	다른 개인신용정보와 분리	제20조의2제 2항	0.9	신용정보제공ㆍ이용자|관리|분리	2026-04-25
금융위원회	정하여 고시한다	STRUCTURE	통지의 방법	제20조의2제 2항	0.9	금융위원회|정하여 고시|통지의 방법	2026-04-25
각 호의 어느 하나에 해당하는 경우	그러하지 아니하다	LOGICAL	제20조의2제 2항	제20조의2제 2항	0.9	각 호|그러하지 아니하다	2026-04-25
개인인 신용정보주체	허용함	ACTION	개인신용평점	제39조	0.95	무료 열람권|개인신용평점	2026-04-25
개인인 신용정보주체	허용함	ACTION	개인신용평점의 산출에 이용된 개인신용정보	제39조	0.95	무료 열람권|개인신용평점 산출에 이용된 개인신용정보	2026-04-25
개인인 신용정보주체	허용함	ACTION	제1호 및 제2호에서 정한 정보와 유사한 정보	제39조	0.95	무료 열람권|유사한 정보	2026-04-25
개인인 신용정보주체	금지함	ACTION	대통령령으로 정하는 개인신용평가회사	제39조	0.9	무료 열람권|제외	2026-04-25
개인인 신용정보주체	요구함	ACTION	1년 이내 및 대통령령으로 정하는 일정한 기간마다	제39조	0.9	무료 열람권|기간 제한	2026-04-25
신용정보제공ㆍ이용자	제공함	ACTION	채권자변동정보	제39조의2	0.95	채권자변동정보|제공	2026-04-25
개인인 신용정보주체	교부받거나 열람할 수 있다	ACTION	채권자변동정보	제39조의2	0.9	채권자변동정보|교부|열람	2026-04-25
정보	보관	ACTION	분리된 보관	제25조제1항	0.9	보관|분리	2026-04-25
신용정보제공ㆍ이용자	요구함	ACTION	채권자변동정보 제공	제39조의2	0.8	채권자변동정보|신용정보제공ㆍ이용자	2026-04-25
이동	참조함	STRUCTURE	제39조의4	제39조의4	0.95	이동	2026-04-25
신용정보주체	할 수 있다	ACTION	대리인	제39조의3	0.95	권리행사|대리인	2026-04-25
전송요구	요구함	ACTION	전송요구 2	제33조의2제1항	0.9	전송요구|제33조의2제1항에 따른	2026-04-25
고지요구	정의함	LOGICAL	제36조제1항	제36조제1항	0.95	고지요구|제36조제1항	2026-04-25
고지요구 3	참조함	STRUCTURE	제36조제1항	제36조제1항	0.9	고지요구 3|제36조제1항	2026-04-25
설명 요구	요구함	ACTION	설명	제36조의2제1항	0.9	설명 요구|설명	2026-04-25
설명 요구	근거함	STRUCTURE	제36조의2제1항	제36조의2제1항	0.95	근거|제36조의2제1항	2026-04-25
제37조제1항	참조함	STRUCTURE	동의 철회	제37조	0.95	제37조제1항|동의 철회	2026-04-25
제37조제2항	참조함	STRUCTURE	연락중지 청구	제37조	0.95	제37조제2항|연락중지 청구	2026-04-25
동의 철회	허용함	ACTION	동의	제37조	0.9	동의 철회|동의	2026-04-25
연락중지 청구	허용함	ACTION	연락중지	제37조	0.9	연락중지 청구|연락중지	2026-04-25
열람 및 정정청구	정의함	LOGICAL	제38조제1항 및 제2항	제38조제1항 및 제2항	0.95	열람 및 정정청구	2026-04-25
통지 요청	요청함	ACTION	통지	38조의2제1항	0.95	통지 요청|통지	2026-04-25
통지 요청	제38조의2제1항에 따른	STRUCTURE	제38조의2제1항	38조의2제1항	0.9	제38조의2제1항에 따른	2026-04-25
제39조	허용함	ACTION	무료열람	제39조	0.95	무료열람|열람	2026-04-25
법정대리인	요구할 수 있다	ACTION	개인신용정보	제39조의2제2항	0.95	개인신용정보 열람|법정대리인	2026-04-25
신용정보회사	통지	ACTION	신용정보주체	제39조의4	0.95	신용정보 누설통지|업무 목적 외 누설	2026-04-25
신용정보회사	근거함	STRUCTURE	개인정보 보호법	제39조의4	0.9	통지 내용|개인정보 보호법	2026-04-25
상거래기업 및 법인	요구함	ACTION	보호위원회등에 신고	제45조의3제1항	0.95	신고|보호위원회등	2026-04-25
금융위원회등	요구함	ACTION	개인정보 보호위원회에 알려야 한다	제45조의3제1항	0.9	알려야 한다|개인정보 보호위원회	2026-04-25
금융위원회등 또는 보호위원회등	허용함	ACTION	신용정보회사등이 행한 조치에 대해 조사할 수 있다	제45조의3제1항	0.85	조사할 수 있다|신용정보회사등이 행한 조치	2026-04-25
금융위원회 또는 보호위원회	요구함	ACTION	시정을 요구할 수 있다	제45조의3제1항	0.85	시정을 요구할 수 있다|시정	2026-04-25
대통령령	정한다	ACTION	통지의 시기, 방법 및 절차 등에 필요한 사항	제45조의3제1항	0.9	정한다|통지의 시기, 방법 및 절차	2026-04-25
이동	정의함	LOGICAL	제39조의2	제39조의2	0.8	이동 정의	2026-04-25
신용정보회사등	금지함	ACTION	특정인의 소재 및 연락처를 알아내는 행위	40조	0.95	금지|소재등 알아내기	2026-04-25
신용정보회사등	금지함	ACTION	정보원, 탐정, 그 밖에 이와 비슷한 명칭을 사용하는 일	40조	0.95	금지|정보원/탐정	2026-04-25
신용정보회사등	금지함	ACTION	개인신용정보 또는 개인을 식별하기 위하여 필요한 정보를 이용하여 영리목적의 광고성 정보를 전송하는 경우	40조	0.95	금지|광고성 정보 전송	2026-04-25
채권추심회사	예외로함	LOGICAL	특정인의 소재 및 연락처를 알아내는 행위	40조	0.9	예외|채권추심	2026-04-25
다른 법령	허용함	LOGICAL	특정인의 소재 및 연락처를 알아내는 행위	40조	0.9	예외|법령 허용	2026-04-25
신용정보회사등	근거함	STRUCTURE	정보통신망 이용촉진 및 정보보호 등에 관한 법률	40조	0.9	근거|법률 적용	2026-04-25
제50조 준용	준용함	LOGICAL	제50조	제50조	0.95	제50조 준용|제50조	2026-04-25
신용정보회사등	요구함	ACTION	가명처리에 사용한 추가정보를 보관하거나 삭제	제40조의2	0.95	가명처리|추가정보	2026-04-25
신용정보회사등	수립하고 시행하여야 한다	ACTION	기술적·물리적·관리적 보안대책	제40조의2	0.95	보안대책|가명정보 보호	2026-04-25
신용정보회사등	요청할 수 있다	ACTION	금융위원회에 익명처리 심사 요청	제40조의2	0.95	익명처리|심사 요청	2026-04-25
금융위원회	인정한다	ACTION	익명처리가 적정하게 이루어졌다고 인정	제40조의2	0.95	익명처리|인정	2026-04-25
금융위원회	추정한다	ACTION	해당 개인 신용정보주체를 알아볼 수 없는 정보	제40조의2	0.95	추정|익명정보	2026-04-25
금융위원회	수행한다	ACTION	심사 및 인정 업무	제40조의2	0.95	심사|인정 업무	2026-04-25
신용정보회사등	금지함	ACTION	가명정보를 처리하여 특정 개인을 알아볼 수 있게 하는 행위	제26조의4	0.95	가명정보 처리|영리 또는 부정한 목적	2026-04-25
신용정보회사등	허용함	ACTION	데이터전문기관에 가명정보를 위탁	제26조의4	0.9	가명정보 처리|데이터전문기관	2026-04-25
신용정보회사등	요구함	ACTION	가명정보 회수 및 처리 중지, 특정 개인을 알아볼 수 있게 된 정보 삭제	제26조의4	0.9	가명정보 회수|정보 삭제	2026-04-25
신용정보회사등	요구함	ACTION	가명처리·익명처리 후 조치 기록을 3년간 보존	제26조의4	0.9	가명처리|익명처리|조치 기록 보존	2026-04-25
신용정보회사등	요구함	ACTION	가명처리 기록에 가명처리 날짜, 정보 항목, 사유와 근거를 포함	제26조의4	0.85	가명처리 기록|가명처리 날짜|정보 항목|사유와 근거	2026-04-25
신용정보회사등	요구함	ACTION	익명처리 기록에 익명처리 날짜, 정보 항목, 사유와 근거를 포함	제26조의4	0.85	익명처리 기록|익명처리 날짜|정보 항목|사유와 근거	2026-04-25
가명정보	예외로함	LOGICAL	제40조	제40조의3	0.85	가명정보에 대한 적용 제외|제40조의3	2026-04-25
제32조제7항	참조함	STRUCTURE	제32조	32-7	0.9	제32조제7항|제32조	2026-04-25
제33조	상위조항	STRUCTURE	제33조의2	제33조의2	0.9	제33조의2	2026-04-25
제35조	정의함	LOGICAL	Unknown	제35조	0.0	제35조	2026-04-25
제35조의2	구조	STRUCTURE	제35조	제35조의2	0.9	구조	2026-04-25
제35조의3	상위조항	STRUCTURE	제35조	제35조의3	0.9	제35조의3|제35조	2026-04-25
제36조	상위조항	STRUCTURE	제35조	36	0.1	제35조	2026-04-25
제36조의2	상위조항	STRUCTURE	제36조	제36조의2	0.9	제36조의2|제36조	2026-04-25
제37조	상위조항	STRUCTURE	제36조	37	0.5	제37조|제36조	2026-04-25
제38조	참조함	STRUCTURE	제36조	38	0.4	제38조	2026-04-25
제38조의2	상위조항	STRUCTURE	제38조	제38조의2	0.7	제38조의2|제38조	2026-04-25
제38조의3	상위조항	STRUCTURE	제38조	제38조의3	0.9	제38조의3|제38조	2026-04-25
제39조	참조함	STRUCTURE	제39조의2	39조	0.3	제39조의2	2026-04-25
제39조의2	상위조항	STRUCTURE	제39조	제39조의2	0.95	제39조의2|제39조	2026-04-25
본조	금지함	ACTION	제39조의4까지의 규정	제39조의4	0.95	규정 적용|제39조의4까지의 규정	2026-04-25
채권추심회사	금지함	ACTION	타인에게 명의를 빌려주어 채권추심업을 하게 하는 행위	제41조	0.95	금지|명의|타인|채권추심업	2026-04-25
채권추심회사	금지함	ACTION	상호 중 '신용정보'라는 표현이 포함된 명칭 이외의 명칭을 사용	제41조	0.95	금지|상호|신용정보|명칭	2026-04-25
신용평가업자	예외로함	LOGICAL	신용평가업	335	0.95	신용평가업인가|제3제1항|신용평가업을 함께하는	2026-04-25
신용정보제공ㆍ이용자	요구함	ACTION	불법취득신용정보 이용 여부	제41조의2	0.95	불법취득신용정보|모집업무수탁자 확인	2026-04-25
신용정보제공ㆍ이용자	요구함	ACTION	모집업무에 이용한 개인신용정보 취득 경로	제41조의2	0.95	개인신용정보 취득 경로|모집업무수탁자 확인	2026-04-25
신용정보제공ㆍ이용자	요구함	ACTION	대통령령으로 정하는 사항	제41조의2	0.95	대통령령 정하는 사항|모집업무수탁자 확인	2026-04-25
신용정보제공ㆍ이용자	요구함	ACTION	모집업무수탁자와의 위탁계약	제41조의2	0.95	위탁계약 해지|불법취득신용정보	2026-04-25
신용정보제공ㆍ이용자	요구함	ACTION	금융위원회 또는 등록기관	제41조의2	0.95	보고|금융위원회|등록기관	2026-04-25
대통령령	정한다	STRUCTURE	제1항에 따른 확인, 제3항에 따른 보고의 시기·방법 등에 필요한 사항	제41조의2	0.95	대통령령|시기·방법 정함	2026-04-25
신용정보제공ㆍ이용자	요구함	ACTION	모집업무수탁자	제41조의2	0.95	모집업무수탁자 확인	2026-04-25
신용정보회사	금지함	ACTION	업무 목적 외 누설	제42조	0.9	누설금지|업무 목적 외	2026-04-25
신용정보업관련자	정의함	LOGICAL	신용정보의 처리를 위탁받은 자의 임직원 이거나 임직원이었던 자	제17조제2항	0.95	신용정보업관련자 정의	2026-04-25
신용정보업관련자	금지함	ACTION	업무 목적 외에 타인의 신용정보 및 사생활 등 개인적 비밀을 누설하거나 이용	제17조제2항	0.95	개인비밀|업무 목적 외	2026-04-25
신용정보업관련자	예외로함	LOGICAL	신용정보회사등에 신용정보를 제공하는 행위	제17조제2항	0.9	업무 목적 외 누설이나 이용 예외	2026-04-25
누설된 개인비밀을 취득한 자	금지함	ACTION	그 개인비밀을 타인에게 제공하거나 이용	제17조제2항	0.9	개인비밀|제1항 위반	2026-04-25
신용정보회사등과 신용정보업관련자로부터 개인신용정보를 제공받은 자	금지함	ACTION	그 개인신용정보를 타인에게 제공	제17조제2항	0.9	개인신용정보|제공받은 자	2026-04-25
금융위원회	부과함	ACTION	과징금	제42조의2	0.95	과징금|부과	2026-04-25
보호위원회	부과할 수 있다	ACTION	과징금	제45조의3제1항	0.95	과징금|부과|보호위원회|전 체 매출액의 100분의 3 이하	2026-04-25
상거래기업 및 법인	행위	LOGICAL	다음 각 호의 어느 하나에 해당하는 행위	제45조의3제1항	0.85	상거래기업 및 법인|행위	2026-04-25
개인신용정보	위반	ACTION	제19조제1항	제19조제1항	0.85	개인신용정보|제19조제1항	2026-04-25
제32조제6항제9호의2	예외로함	LOGICAL	해당 조항에 적용되지 않음	제32조제6항제9호의2	0.85	해당 조항에 적용되지 않음	2026-04-25
신용정보기관	위반함	ACTION	제32조제1항	제32조제1항	0.9	제32조제1항 위반	2026-04-25
신용정보기관	제공함	ACTION	제3자	제32조제1항	0.9	개인신용정보 제공	2026-04-25
제32조제6항제9호의2	상위조항	STRUCTURE	제32조	제32조제6항제9호의2	0.7	상위조항	2026-04-25
제33조제1항제4호	예외로함	LOGICAL	해당하지 아니함	제33조제1항제4호	0.95	제33조제1항제4호|해당하지 아니함	2026-04-25
개인	위반함	ACTION	제33조제1항	제33조제1항	0.95	위반|제33조제1항	2026-04-25
개인	이용함	ACTION	개인신용정보	제33조제1항	0.95	이용|개인신용정보	2026-04-25
개인	처벌대상임	SANCTION	1의4	제33조제1항	0.9	처벌|1의4	2026-04-25
가명정보 처리자	위반함	ACTION	제40조의2제6항	제40조의2제6항	0.95	가명정보 처리자|제40조의2제6항	2026-04-25
가명정보 처리자	가명정보를 처리함	ACTION	가명정보	제40조의2제6항	0.9	가명정보 처리|가명정보	2026-04-25
제42조제1항	금지함	ACTION	개인비밀 누설	제42조제1항	0.95	제42조제1항 금지|개인비밀 누설	2026-04-25
개인비밀 누설	위반함	ACTION	제42조제1항	제42조제1항	0.95	개인비밀 누설|제42조제1항 위반	2026-04-25
개인비밀	누설하거나 이용함	ACTION	업무 목적 외에	제42조제1항	0.9	개인비밀 누설|업무 목적 외	2026-04-25
제42조제1항	참조함	STRUCTURE	법제처 35 국가법령정보센터 신용정보의 이용 및 보호에 관한 법률 3	제42조제1항	0.9	제42조제1항 참조|법제처 35 국가법령정보센터 신용정보의 이용	2026-04-25
금융위원회 또는 보호위원회	부과하다	ACTION	과징금	제42조제3항	0.95	과징금 부과|법적 강제성	2026-04-25
금융위원회 또는 보호위원회	고려하여야 한다	ACTION	위반행위의 내용 및 정도, 기간 및 횟수, 이익 규모	제42조제3항	0.9	과징금 부과 시 고려 요소	2026-04-25
과징금	산정하되	ACTION	제3항을 고려하여	제42조제3항	0.9	과징금 산정|제3항 고려	2026-04-25
금융위원회 또는 보호위원회	징수한다	ACTION	가산금	제42조제5항	0.95	가산금 징수|납부기한 미이행	2026-04-25
가산금 징수	제한한다	LOGICAL	60개월	제42조제5항	0.9	가산금 징수 기간 제한	2026-04-25
금융위원회 또는 보호위원회	독촉을 하고	ACTION	과징금과 가산금	제42조제6항	0.9	독촉|과징금 및 가산금 미납	2026-04-25
금융위원회 또는 보호위원회	징수한다	ACTION	과징금과 가산금	제42조제6항	0.9	국세 체납처분에 따른 징수	2026-04-25
금융위원회 또는 보호위원회	지급하여야 한다	ACTION	환급가산금	제42조제7항	0.95	환급가산금 지급	2026-04-25
대통령령	정한다	ACTION	산정기준과 산정절차	제42조제4항	0.9	산정기준 및 절차 정함	2026-04-25
금융위원회 또는 보호위원회	부과하려면	ACTION	과징금	제42조제3항	0.9	과징금 부과 조건	2026-04-25
모집인	정의함	LOGICAL	신용정보 제공ㆍ이용자의 직원	제14조의2제2호	0.95	모집인 정의|신용정보 제공ㆍ이용자 직원	2026-04-25
모집인	간주함	LOGICAL	신용정보 제공ㆍ이용자의 직원	제14조의2제2호	0.9	모집인 간주|신용정보 제공ㆍ이용자 직원	2026-04-25
모집인	예외로함	LOGICAL	신용정보 제공ㆍ이용자 직원	제14조의2제2호	0.85	모집인 예외|신용정보 제공ㆍ이용자 직원|주의와 감독	2026-04-25
과징금 부과·징수	근거함	STRUCTURE	대통령령	제14조의2제2호	0.8	과징금 부과·징수|대통령령	2026-04-25
신용정보회사등과 그로부터 신용정보를 제공받은 자	배상할 책임이 있다	ACTION	신용정보주체	43	0.95	손해배상 책임|법 위반|신용정보주체	2026-04-25
신용정보회사등과 그로부터 신용정보를 제공받은 자	예외로함	LOGICAL	손해배상 책임	43	0.9	고의|과실|증명	2026-04-25
신용정보회사등이나 그 밖의 신용정보 이용자	배상할 책임이 있다	ACTION	신용정보주체	43	0.95	손해배상 책임|5배|법 위반	2026-04-25
신용정보회사등이나 그 밖의 신용정보 이용자	예외로함	LOGICAL	손해배상 책임	43	0.9	고의|중대한 과실|증명	2026-04-25
법원	고려해야 한다	ACTION	제2항의 배상액을 정할 때 고려할 사항	43	0.85	배상액 결정|고의 인식|피해 규모|경제적 이익|벌금|기간·횟수|재산상태|회수 노력	2026-04-25
법원	준용함	STRUCTURE	제2항	43	0.9	제2항|배상액	2026-04-25
채권추심회사 또는 위임직채권추심인	배상할 책임이 있다	ACTION	채무자 또는 관계인	43	0.95	손해배상 책임|법 위반	2026-04-25
채권추심회사 또는 위임직채권추심인	예외로함	LOGICAL	손해배상 책임	43	0.9	고의|과실|증명	2026-04-25
신용정보회사	배상할 책임이 있다	ACTION	의뢰인	43	0.95	손해배상 책임|책임 있는 사유	2026-04-25
위탁자	연대하여 배상할 책임이 있다	ACTION	수탁자	Unknown	0.95	연대배상|책임	2026-04-25
채권추심회사	연대하여 배상할 책임이 있다	ACTION	위임직채권추심인	Unknown	0.95	연대배상|책임	2026-04-25
채권추심회사	배상책임이 면제된다	LOGICAL	배상책임	Unknown	0.9	고의|과실|면제	2026-04-25
제17조제1항	근거함	STRUCTURE	위탁자와 수탁자 연대배상책임	Unknown	0.9	근거|제17조제1항	2026-04-25
위임직채권추심인	위반함	ACTION	이 법 또는 채권의 공정한 추심에 관한 법률	Unknown	0.9	위반|법률	2026-04-25
채권추심회사	증명함	ACTION	고의 또는 과실이 없음	Unknown	0.9	증명|고의|과실	2026-04-25
신용정보주체	요구함	ACTION	신용정보회사등이나 그로부터 신용정보를 제공받은 자	제43조의2	0.95	법정손해배상|위반	2026-04-25
준용	준용함	STRUCTURE	제39조의2제2항 및 제3항	제39조의2	0.9	준용|제39조의2제2항 및 제3항	2026-04-25
신용정보회사등	보장한다	ACTION	손해배상	제43조의3	0.95	손해배상의 보장|대통령령으로 정하는 신용정보회사등	2026-04-25
금융위원회	요구함	ACTION	보험 또는 공제에 가입하거나 준비금을 적립하는 등 필요한 조치를 하여야 한다	Unknown	0.95	제43조에 따른 손해배상책임의 이행|금융위원회가 정하는 기준	2026-04-25
제43조에 따른 손해배상책임의 이행	근거함	STRUCTURE	보험 또는 공제에 가입하거나 준비금을 적립하는 등 필요한 조치를 하여야 한다	Unknown	0.9	금융위원회가 정하는 기준	2026-04-25
신용정보회사, 본인신용정보관리회사 및 채권추심회사	설립할 수 있다	ACTION	신용정보협회	제44조	0.95	설립|신용정보협회	2026-04-25
신용정보협회	법인으로 한다	LOGICAL	법인	제44조	0.95	법인|정의	2026-04-25
신용정보협회	업무를 수행한다	ACTION	신용정보회사, 본인신용정보관리회사 및 채권추심회사 간의 건전한 업무질서를 유지하기 위한 업무	제44조	0.95	업무|건전한 업무질서	2026-04-25
신용정보협회	업무를 수행한다	ACTION	신용정보 관련 산업의 발전을 위한 조사ㆍ연구 업무	제44조	0.95	조사|연구|산업 발전	2026-04-25
신용정보협회	업무를 수행한다	ACTION	신용정보 관련 민원의 상담ㆍ처리	제44조	0.95	민원|상담|처리	2026-04-25
신용정보협회	업무를 수행한다	ACTION	이 법 및 다른 법령에서 신용정보협회가 할 수 있도록 허용한 업무	제44조	0.95	허용|업무	2026-04-25
신용정보협회	업무를 수행한다	ACTION	대통령령으로 정하는 업무	제44조	0.95	대통령령|업무	2026-04-25
신용정보협회	준용한다	STRUCTURE	민법 중 사단법인에 관한 규정	제44조	0.95	준용|민법|사단법인	2026-04-25
신용정보회사등	정의함	LOGICAL	데이터전문기관을 포함하며, 다음 각 호에 해당하는 자 외의 자로서 대통령령으로 정하는 자는 제외한다	제45조	0.9	정의함|신용정보회사등	2026-04-25
금융위원회	감독ㆍ검사	ACTION	신용정보회사등	제45조	0.95	감독|검사	2026-04-25
금융위원회	권한을가짐	ACTION	감독ㆍ검사	제45조	0.9	권한을가짐|감독|검사	2026-04-25
금융위원회	감독한다	ACTION	준수 여부	제45조의2	0.95	감독|준수 여부	2026-04-25
신용정보회사 및 채권추심회사	준수해야함	ACTION	이 법 또는 이 법에 따른 법제처 37 국가법령정보센터 신용정보의 이용 및 보호에 관한 법률 명령	제45조의2	0.9	준수|법제처 37 국가법령정보센터	2026-04-25
본인신용정보관리회사	준수해야함	ACTION	이 법 또는 이 법에 따른 법제처 37 국가법령정보센터 신용정보의 이용 및 보호에 관한 법률 명령	제45조의2	0.9	준수|법제처 37 국가법령정보센터	2026-04-25
신용정보집중기관	준수해야함	ACTION	이 법 또는 이 법에 따른 법제처 37 국가법령정보센터 신용정보의 이용 및 보호에 관한 법률 명령	제45조의2	0.9	준수|법제처 37 국가법령정보센터	2026-04-25
신용정보제공ㆍ이용자	준수해야함	ACTION	이 법 또는 이 법에 따른 법제처 37 국가법령정보센터 신용정보의 이용 및 보호에 관한 법률 명령	제45조의2	0.9	준수|법제처 37 국가법령정보센터	2026-04-25
자	정의함	LOGICAL	제4호 외의 자로서 대통령령으로 정하는 금융업 또는 보험업을 하는 자	제38조	0.9	정의|자	2026-04-25
금융위원회	권한을가짐	ACTION	신용정보회사등에 대하여 그 업무 및 재산상황에 관한 보고 등 필 요한 명령	제38조	0.95	명령|권한	2026-04-25
금융감독원장	권한을가짐	ACTION	그 소속 직원으로 하여금 이 법에 따른 신용정보회사등의 업무와 재산상황을 검사하도록 할 수 있다	제38조	0.95	검사|권한	2026-04-25
금융감독원장	요구함	ACTION	자료의 제출, 관계자의 출석 및 의견의 진술을 신용정보회사등에	제38조	0.95	자료제출|출석|진술|요구	2026-04-25
검사를 하는 자	요구함	ACTION	그 권한을 표시하는 증표를 지니고 이를 관계인에게 내보여야 한다	제38조	0.9	증표|관계인	2026-04-25
금융감독원장	요구함	ACTION	그 결과를 금융위원회가 정하는 바에 따라 금융위원회에 보고하여야 한다	제38조	0.95	보고|결과	2026-04-25
금융위원회	명할	ACTION	자료제출, 처리중단, 시정조치, 공시 등 필요한 조치	제45조의2	0.95	조치명령권	2026-04-25
조치명령권	정의함	LOGICAL	금융위원회가 신용정보회사등에 필요한 조치를 명할 수 있는 권한	제45조의2	0.95	조치명령권	2026-04-25
보호위원회	요구함	ACTION	자료	제45조의3	0.95	자료제출 요구|보호위원회	2026-04-25
금융위원회	요구함	ACTION	상거래기업 및 법인	45	0.95	자료 제출|제45조	2026-04-25
상거래기업 및 법인	제출함	ACTION	자료	45	0.95	자료 제출|제45조	2026-04-25
금융위원회	근거함	STRUCTURE	제45조	45	0.95	제45조	2026-04-25
제45조	정의함	LOGICAL	자료 제출	45	0.95	자료 제출	2026-04-25
제15조	정의함	LOGICAL	제15조	제15조	0.5	제15조	2026-04-25
제19조	정의함	LOGICAL	제19조 및	19	0.5	제19조	2026-04-25
신용정보의 이용 및 보호	참조함	STRUCTURE	신용정보의 이용 및 보호에 관한 법률	제20조의2	0.9	신용정보의 이용 및 보호|법률	2026-04-25
제32조	상위조항	STRUCTURE	제32조	제32조	0.0	제32조	2026-04-25
제33조	정의함	LOGICAL	내용 없음	33	0.0	제33조	2026-04-25
제34조	정의함	LOGICAL	조항	제34조	0.5	제34조	2026-04-25
제36조	구조	STRUCTURE	제36조	36	0.0	제36조	2026-04-25
제39조의4	상위조항	STRUCTURE	제39조	제39조의4	0.5	제39조의4|제39조	2026-04-25
제40조의2	참조함	STRUCTURE	제40조	제40조의2	0.6	제40조의2|제40조	2026-04-25
보호위원회	허용함	ACTION	상거래기업 및 법인과 관계인 사무소나 사업장에 출입하여 업무 상황, 장부 또는 서류 등을 조사할 수 있다	제42조 2	0.95	조사 권한|출입 조사	2026-04-25
보호위원회	금지함	ACTION	제1항에 따라 제출받은 서류·자료를 제3자에게 공개하거나 일반에게 공개하지 않는다	제42조 2	0.95	비공개 규정|공개 금지	2026-04-25
보호위원회	요구함	ACTION	제도적·기술적 보안조치를 하여 개인신용정보·영업비밀이 유출되지 않도록 한다	제42조 2	0.95	보안 조치|유출 방지	2026-04-25
보호위원회	명할 수 있다	ACTION	개인신용정보 침해행위의 중지	제45조의4	0.95	시정조치|보호위원회|상거래정보보호규정	2026-04-25
보호위원회	명할 수 있다	ACTION	개인신용정보 처리의 일시적인 정지	제45조의4	0.95	시정조치|보호위원회|상거래정보보호규정	2026-04-25
보호위원회	명할 수 있다	ACTION	개인정보의 보호 및 침해 방지를 위하여 필요한 조치	제45조의4	0.95	시정조치|보호위원회|상거래정보보호규정	2026-04-25
금융위원회	정하는	ACTION	신용정보회사등	제45조의5	0.9	대통령령으로 정하는|신용정보회사등	2026-04-25
금융위원회	송부	ACTION	금융감독원장	제20조제6항	0.95	제1항에 따라|점수 또는 등급	2026-04-25
금융위원회	허용함	ACTION	점수 또는 등급	제20조제6항	0.9	제20조제6항에 따라	2026-04-25
금융위원회	근거함	STRUCTURE	제1항	제20조제6항	0.9	제1항에 따라	2026-04-25
제20조제6항	정의함	LOGICAL	점수 또는 등급	제20조제6항	0.8	점수 또는 등급	2026-04-25
검사 활용	허용함	ACTION	검사	제45조제3항	0.8	검사 활용|허용	2026-04-25
금융위 원회	정하여 고시한다	ACTION	점검결과의 확인 및 점수ㆍ등급의 표시, 송부의 방법 및 절차	제45조제3항	0.9	정하여 고시한다|금융위 원회	2026-04-25
금융위원회	통보	ACTION	조치 내용	제46조	0.95	퇴임한 임원|조치 내용	2026-04-25
금융감독원장	허용함	ACTION	조치	제45조제7항	0.95	조치|금융감독원장	2026-04-25
제45조제7항	근거함	STRUCTURE	금융감독원장	제45조제7항	0.9	제45조제7항|금융감독원장	2026-04-25
그 조치의 내용	통보할 수 있다	ACTION	해당 신용정보회사등의 장	제45조제7항	0.95	조치|통보	2026-04-25
신용정보회사등의 장	통보하고	ACTION	퇴임ㆍ퇴직한 해당 임직원	제45조제7항	0.95	통보|퇴임|퇴직	2026-04-25
신용정보회사등의 장	기록ㆍ유지하여야 한다	ACTION	그 내용	제45조제7항	0.95	기록|유지	2026-04-25
조치	정의함	LOGICAL	제45조제7항제 2호부터 제4호까지의 규정에 따른 조치	제45조제7항	0.9	조치|정의	2026-04-25
신용정보회사, 본인신용정보관리회사, 채권추심회사, 신용정보집중기관 및 데이터전문 기관	작성 및 제출	ACTION	업무보고서 (마지막 달의 다음 달 말일까지)	제47조	0.99	업무보고서 제출|분기별|서식|제한된 기간	2026-04-25
대표자, 담당 책임자 또는 그 대리인	서명 또는 기명ㆍ날인	ACTION	제1항에 따른 보고서	제47조	0.99	서명|기명|날인|보고서	2026-04-25
금융감독원장	정한다	ACTION	업무보고서 작성 세부 사항 및 필요한 사항	제47조	0.99	정해진 세부 사항|필요한 사항|업무보고서 작성	2026-04-25
금융위원회	요구함	ACTION	청문	제48조	0.95	청문|처분	2026-04-25
신용정보업, 본인신용정보관리업 및 채권추심업	취소	ACTION	허가 또는 인가	제14조제1항	0.95	허가|인가|취소	2026-04-25
허가 또는 인가의 취소	규정함	STRUCTURE	제14조제1항	제14조제1항	0.9	제14조제1항|허가 또는 인가의 취소	2026-04-25
위임직채권추심인	요구함	ACTION	등록 취소	제27조제6항	0.95	등록 취소|위임직채권추심인	2026-04-25
금융위원회	위임하거나 위탁할 수 있다	ACTION	대통령령으로 정하는 자	제49조	0.95	권한의 위임|위임가능자	2026-04-25
대통령령으로 정하는 권한	정의함	LOGICAL	금융위원회의 권한 중 하나이며 위임가능권한	제49조	0.9	권한의 정의|위임가능권한	2026-04-25
벌칙	정의함	LOGICAL	제50조	50	0.8	벌칙 정의	2026-04-25
자	처한다	ACTION	10년 이하의 징역	제42조제1항	0.95	징역|벌금	2026-04-25
자	처한다	ACTION	1억원 이하의 벌금	제42조제1항	0.95	징역|벌금	2026-04-25
자	처한다	ACTION	5년 이하의 징역	제42조제1항	0.95	징역|벌금	2026-04-25
자	처한다	ACTION	5천만원 이하의 벌금	제42조제1항	0.95	징역|벌금	2026-04-25
제42조제1항	참조함	STRUCTURE	제42조제3항	제42조제1항	0.9	위반|제3항	2026-04-25
신용정보업자	위반함	ACTION	제4조제1항	제4조제1항	0.95	위반|신용정보업자	2026-04-25
신용정보업자	처벌대상임	SANCTION	제4조제1항 위반	제4조제1항	0.9	위반|신용정보업자|제4조제1항	2026-04-25
제4조제2항	정의함	LOGICAL	제4조제2항	제4조제2항	0.5	제4조제2항	2026-04-25
허가 또는 인가를 받은 자	정의함	LOGICAL	제10조제1항에 따른 허가 또는 인가를 받은 자	제10조제1항	0.95	허가|인가|정의	2026-04-25
자	위반한	ACTION	제17조제6항	제17조제6항	0.95	위반	2026-04-25
자	금지함	ACTION	신용정보전산시스템의 정보를 변경·삭제하거나 그 밖의 방법으로 이용	제19조제1항	0.95	신용정보전산시스템	2026-04-25
자	금지함	ACTION	신용정보를 검색·복제하거나 그 밖의 방법으로 이용	제19조제1항	0.95	신용정보	2026-04-25
자	위반	ACTION	제25조제1항	제25조제1항	0.95	신용정보집중기관 허가|제25조제1항	2026-04-25
자	위반	ACTION	신용정보집중기관 업무	제25조제1항	0.95	신용정보집중기관 허가|신용정보집중기관 업무	2026-04-25
자	과태료대상임	SANCTION	제5조제3항	제5조제3항	0.95	제25조제1항 위반|제5조제3항	2026-04-25
자	위반한	ACTION	제27조의2	제27조의2	0.95	제27조의2 위반	2026-04-25
자	위탁한	ACTION	채권추심업무	제27조의2	0.95	채권추심업무 위탁|채권추심회사 외의 자	2026-04-25
제32조제1항 또는 제2항	상위조항	STRUCTURE	제32조	제32조제1항 또는 제2항	0.8	제32조	2026-04-25
위반자 및 개인신용정 보 이용자	정의함	LOGICAL	위반한 자 및 그 사정을 알고 개인신용정 보를 제공받거나 이용한 자	제34조	0.95	위반자|개인신용정보 이용자	2026-04-25
위반자	위반함	ACTION	제34조 준용	제7조의2	0.95	위반|제34조 준용	2026-04-25
제34조 준용	정의함	LOGICAL	제34조	제7조의2	0.9	제34조 준용|제34조	2026-04-25
가명정보를 처리한 자	위반함	ACTION	제40조의2제6항	제40조의2제6항	0.9	가명정보 처리|영리 또는 부정한 목적|특정 개인	2026-04-25
가명정보를 처리한 자	과태료대상임	SANCTION	8	제40조의2제6항	0.95	가명정보 처리|영리 또는 부정한 목적|특정 개인	2026-04-25
제42조제4항을 위반한 자	처벌대상임	SANCTION	3년 이하의 징역 또는 3천만원 이하의 벌금	제42조제4항	0.95	징역|벌금	2026-04-25
업무정지 기간에 업무를 한 자	과태료대상임	SANCTION	제14조제2항에 따른 과태료	제14조제2항	0.85	업무정지 기간에 업무를 한 자|제14조제2항	2026-04-25
자 1의3	알리다	ACTION	의뢰인	제22조의7제1항제1호	0.95	허위 사실 알림	2026-04-25
자 1의3	위반함	ACTION	제22조의7제1항제1호	제22조의7제1항제1호	0.95	위반	2026-04-25
자 1의3	제재대상임	SANCTION	제22조의7제1항제1호	제22조의7제1항제1호	0.9	제재	2026-04-25
자	위반	ACTION	제22조의7제1항제2호	제22조의7제1항제2호	0.9	위반	2026-04-25
자	강요	ACTION	신용정보 조사 의뢰	제22조의7제1항제2호	0.95	신용정보 조사 의뢰 강요	2026-04-25
자	위반한	ACTION	제22조의7제1항제3호	제22조의7제1항제3호	0.95	제22조의7제1항제3호 위반	2026-04-25
자	강요한	ACTION	신용정보 조사 대상자에게 조사자료 제공과 답변	제22조의7제1항제3호	0.95	신용정보 조사 대상자	2026-04-25
제22조의7제1항제3호	상위조항	STRUCTURE	제22조의7	제22조의7제1항제3호	0.9	제22조의7	2026-04-25
자	위반함	ACTION	제22조의7제1항제4호	제22조의7제1항제4호	0.95	위반|제22조의7제1항제4호	2026-04-25
자	조사한	ACTION	사생활	제22조의7제1항제4호	0.9	사생활 조사|조사	2026-04-25
공동전산망 구축자	정의함	LOGICAL	자(공동전산망을 구축한 사람)	제25조제6항	0.95	공동전산망 구축자 정의|제25조제6항 참조	2026-04-25
공동전산망 구축자	참조함	STRUCTURE	제25조제6항	제25조제6항	0.95	제25조제6항 참조	2026-04-25
자	알아내다	ACTION	특정인의 소재등	제40조제1항제4호	0.95	특정인 소재등 알아내기	2026-04-25
자	위반하다	ACTION	제40조제1항제4호	제40조제1항제4호	0.9	위반	2026-04-25
자	처벌받다	SANCTION	3의2	제40조제1항제4호	0.9	처벌|사전조사	2026-04-25
명칭 사용자	위반	ACTION	제40조제1항제5호	제40조제1항제5호	0.9	위반|명칭사용	2026-04-25
자	위반함	SANCTION	제41조제1항	제41조제1항	0.9	위반|제41조제1항	2026-04-25
자	위반함	ACTION	제41조의2제1항	제41조의2제1항	0.95	위반|제41조의2제1항	2026-04-25
자	처벌대상임	SANCTION	1년 이하의 징역 또는 1천만원 이하의 벌금	제41조의2제1항	0.95	징역|벌금|제41조의2제1항	2026-04-25
자	확인하지 않음	ACTION	불법취득신용정보를 모집업무에 이용하였는지	제41조의2제1항	0.95	확인|불법취득신용정보|모집업무	2026-04-25
제9조제1항	정의함	LOGICAL	주식 취득	제9조제1항	0.95	주식 취득	2026-04-25
자	금지함	ACTION	주식 취득	제9조제1항	0.9	금융위원회의 승인 없이|신용정보회사|본인신용정보관리회사|채권추심회사	2026-04-25
자	취득	ACTION	주식	제9조제1항	0.9	신용정보회사|본인신용정보관리회사|채권추심회사	2026-04-25
자	대주주가 된	LOGICAL	대주주	제9조제1항	0.85	대주주	2026-04-25
자	위반함	ACTION	제9조제2항	제9조제2항	0.95	위반|제9조제2항	2026-04-25
자	하지 않음	ACTION	승인 신청	제9조제2항	0.9	승인 신청|하지 않음	2026-04-25
자	금지함	ACTION	주식 처분	제9조제3항	0.95	주식 처분|명령 위반	2026-04-25
자	처벌대상임	SANCTION	주식 처분	제9조제3항	0.95	주식 처분|명령 위반	2026-04-25
자	위반함	ACTION	제18조제2항	제18조제2항	0.95	위반|제18조제2항	2026-04-25
자	과태료대상임	SANCTION	5	제18조제2항	0.9	과태료|제18조제2항|5	2026-04-25
자	위반함	ACTION	제20조제2항	제20조제2항	0.9	위반|제20조제2항	2026-04-25
자	위반함	ACTION	제27조제3항	제27조제3항	0.95	위반|제27조제3항	2026-04-25
자	등록하지 아니하고 채권추심업무를 함	ACTION	위임직채권추심인	제27조제3항	0.9	등록하지 않음|채권추심업무|위임직채권추심인	2026-04-25
위반자	위반함	ACTION	제27조제4항에 따른 제재 8	제27조제4항	0.95	위반자|제27조제4항|제재 8	2026-04-25
자	위반함	ACTION	추심채권이 아닌 채권을 추심	제27조제5항	0.95	추심채권이 아닌 채권을 추심	2026-04-25
자	위반함	ACTION	등록되지 아니한 위임직채권추심인	제27조제5항	0.9	등록되지 아니한 위임직채권추심인	2026-04-25
자	위반함	ACTION	다른 채권추심 회사의 소속으로 등록된 위임직채권추심인	제27조제5항	0.9	다른 채권추심 회사의 소속으로 등록된 위임직채권추심인	2026-04-25
자	위반함	ACTION	업무정지 중인 위임직채권추심인	제27조제5항	0.9	업무정지 중인 위임직채권추심인	2026-04-25
자	금지함	ACTION	채권추심업무	제27조제7항	0.95	업무정지|제27조제7항	2026-04-25
제27조제7항	참조함	STRUCTURE	업무정지	제27조제7항	0.9	업무정지	2026-04-25
대표자, 대리인, 사용인, 종업원	관할	ACTION	업무	제51조	0.9	양벌규정|대표자|업무	2026-04-25
자	부과	ACTION	과태료	제52조	0.95	과태료|부과|1억원 이하	2026-04-25
자	위반함	ACTION	제9조의2제2항	제9조의2제2항	0.95	보고|위반	2026-04-25
자	부과한다	ACTION	과태료	제9조의2제3항	0.95	과태료|부과	2026-04-25
신용정보ㆍ신용조사ㆍ개인신용평가ㆍ신용관리ㆍ마이데이터(MyData)ㆍ채권 추심 또는 이와 비슷한 명칭을 사용한 자	정의함	LOGICAL	제12조를 위반하여 허가받은 신용정보회사, 본인신용정보관리회사, 채권추심회사 또는 신용정보집중기관이 아님에도 불구하고 상호 또는 명칭 중에 신용정보ㆍ신용조사ㆍ개인신용평가ㆍ신용관리ㆍ마이데이터(MyData)ㆍ채권 추심 또는 이와 비슷한 명칭을 사용한 자	Unknown	0.9	제12조 위반|신용정보회사|본인신용정보관리회사|채권추심회사|신용정보집중기관|상호|명칭|신용정보|신용조사|개인신용평가|신용관리|마이데이터|채권추심	2026-04-25
신용정보ㆍ신용조사ㆍ개인신용평가ㆍ신용관리ㆍ마이데이터(MyData)ㆍ채권 추심 또는 이와 비슷한 명칭을 사용한 자	과태료대상임	SANCTION	제12조 위반	Unknown	0.85	제12조 위반|과태료|신용정보회사|본인신용정보관리회사|채권추심회사|신용정보집중기관	2026-04-25
자	위반함	ACTION	제15조제2항	제15조제2항	0.95	위반자|제15조제2항	2026-04-25
자	위반함	ACTION	제17조의2제2항	제17조의2제2항	0.95	위반|제17조의2제2항	2026-04-25
자	전달함	ACTION	가명처리 또는 익명처리가 되지 아니한 상태	제17조의2제2항	0.9	전달|가명처리|익명처리	2026-04-25
가명처리 또는 익명처리	정의함	LOGICAL	제17조의2제2항	제17조의2제2항	0.85	가명처리|익명처리|정의	2026-04-25
자	위반함	ACTION	제19조	제19조	0.9	제19조 위반	2026-04-25
자	위반한	ACTION	제20조제6항	제20조제6항	0.95	위반|제20조제6항	2026-04-25
자	수집	ACTION	신용정보	제22조의9제3항	0.9	신용정보 수집|위반	2026-04-25
자	위반함	ACTION	제22조의9제3항	제22조의9제3항	0.9	위반|신용정보 수집	2026-04-25
자	처벌대상임	SANCTION	신용정보 수집	제22조의9제3항	0.95	신용정보 수집|위반	2026-04-25
자	전송함	ACTION	개인신용정보	제22조의9제4항	0.9	개인신용정보 전송	2026-04-25
자	위반함	ACTION	제22조의9제4항 및 제5항	제22조의9제4항	0.9	위반	2026-04-25
개인신용정보 전송	금지함	ACTION	제22조의9제4항 및 제5항	제22조의9제4항	0.8	개인신용정보 전송|위반	2026-04-25
자	처벌대상임	SANCTION	4의4	제22조의9제4항	0.8	처벌|위반	2026-04-25
채권추심회사	위반행위	ACTION	제27조제9항제1호	제27조제9항제1호	0.92	위반행위|채권추심회사	2026-04-25
채권추심회사	예외로함	LOGICAL	관리에 상당한 주의 게을리하지 아니한 경우	제27조제9항제1호	0.88	위반행위 방지|관리	2026-04-25
위반행위	정의함	LOGICAL	제27조제9항제1호	제27조제9항제1호	0.9	위반행위	2026-04-25
제32조제4항 또는 제5항	참조함	STRUCTURE	제32조	제32조제4항 또는 제5항	0.6	제32조|제4항|제5항	2026-04-25
자	위반함	ACTION	제34조에 따라 준용하는 경우를 포함한다	제34조	0.85	위반|제34조에 따라 준용하는 경우를 포함한다	2026-04-25
위반	정의함	LOGICAL	제34조에 따라 준용하는 경우를 포함한다	제34조	0.8	위반|제34조에 따라 준용하는 경우를 포함한다	2026-04-25
제34조	참조함	STRUCTURE	제34조에 따라 준용하는 경우를 포함한다	제34조	0.9	제34조|제34조에 따라 준용하는 경우를 포함한다	2026-04-25
자	보관하지 아니함	ACTION	분리 보관	제39조의2제3항	0.95	제39조의2제3항 위반|보관	2026-04-25
자	위반함	ACTION	제39조의2제3항	제39조의2제3항	0.9	제39조의2제3항 위반|제39조의2제3항	2026-04-25
자	위반	ACTION	제41조의2제2항	제41조의2제2항	0.95	위반|제41조의2제2항	2026-04-25
자	해지하지 아니함	ACTION	모집업무수탁업자와 위탁계약	제41조의2제2항	0.9	해지하지 아니함|모집업무수탁업자와 위탁계약	2026-04-25
자	금지함	ACTION	검사 및 요구	제45조	0.9	위반자|거부|검사 및 요구	2026-04-25
자	위반함	ACTION	제17조제4항	제17조제4항	0.95	위반|제17조제4항	2026-04-25
자	위반함	ACTION	제20조제1항 또는 제3항	제20조	0.95	위반|제20조제1항|제20조제3항	2026-04-25
자	위반	LOGICAL	제20조제3항 및 제4항	제20조제3항 및 제4항	0.95	위반|제20조제3항 및 제4항	2026-04-25
자	지정하지 아니한	ACTION	신용정보관리ㆍ보호인	제20조제3항 및 제4항	0.9	신용정보관리ㆍ보호인 지정|지정하지 아니한	2026-04-25
자	위반함	ACTION	제21조	제21조	0.95	제21조 위반|위반	2026-04-25
신용상태 평가자	위반	ACTION	제22조의4제1항 및 제2항	제22조의4	0.95	신용상태 평가|위반	2026-04-25
신용상태 평가	정의함	LOGICAL	제22조의4제1항 및 제2항	제22조의4	0.9	신용상태 평가|제22조의4제1항 및 제2항	2026-04-25
자	위반함	ACTION	제22조의4제3항	제22조의4제3항	0.95	제22조의4제3항	2026-04-25
자	위반하여 불공정행위함	ACTION	불공정행위	제22조의4제3항	0.95	불공정행위|제22조의4제3항	2026-04-25
제22조의5제1항	상위조항	STRUCTURE	제22조의5	제22조의5제1항	0.9	제22조의5제1항|제22조의5	2026-04-25
자	위반함	ACTION	제22조의6제1항	제22조의6제1항	0.95	신용상태 평가|제22조의6제1항 위반	2026-04-25
자	평가한	ACTION	신용상태	제22조의6제1항	0.95	신용상태 평가|신용상태	2026-04-25
자	위반함	ACTION	제22조의5제3항	제22조의5제3항	0.95	위반|제22조의5제3항	2026-04-25
위반한 자	위반함	ACTION	제22조의6제2항	제22조의6제2항	0.95	위반|제22조의6제2항	2026-04-25
자	위반함	ACTION	제22조의6제3항	제22조의6제3항	0.95	위반|제22조의6제3항	2026-04-25
자	위반함	ACTION	제22조의9제1항	제22조의9제1항	0.95	위반|제22조의9제1항	2026-04-25
자	과태료대상임	SANCTION	4의10	제22조의9제1항	0.9	과태료|4의10	2026-04-25
자	위반함	ACTION	제22조의9제2항	제22조의9제2항	0.95	위반|제22조의9제2항	2026-04-25
위반자	정의함	LOGICAL	채권추심회사 소속 위임직채권추심인	제23조제5항	0.95	위반자|채권추심회사 소속 위임직채권추심인	2026-04-25
위반자	위반함	ACTION	제23조제5항	제23조제5항	0.9	위반자|제23조제5항	2026-04-25
채권추심회사	처벌대상임	SANCTION	제27조제9항제2호	제27조제9항제2호	0.95	위반행위|채권추심회사	2026-04-25
채권추심회사	예외로함	LOGICAL	제27조제9항제2호	제27조제9항제2호	0.9	상당한 주의|방지	2026-04-25
제32조제8항	상위조항	STRUCTURE	제32조	제32조제8항	0.9	제32조제8항|제32조	2026-04-25
제32조제9항	상위조항	STRUCTURE	제32조	제32조제9항	0.9	제32조제9항|제32조	2026-04-25
자	전송하지 않음	ACTION	개인신용정보	제33조의2제3항	0.95	전송 위반|개인신용정보 전송 금지	2026-04-25
자	위반함	ACTION	제33조의2제3항	제33조의2제3항	0.9	전송 위반|제33조의2제3항 위반	2026-04-25
알리지 아니한 자	알리지 아니한	ACTION	알려야 할 사항	제34조의2제1항	0.95	알리지 아니한|알려야 할 사항	2026-04-25
알리지 아니한 자	위반하여	ACTION	제34조의2제1항	제34조의2제1항	0.95	위반|제34조의2제1항	2026-04-25
자	위반함	ACTION	단서	제34조의2제3항	0.95	단서 위반	2026-04-25
자	이행하지 않음	ACTION	신용정보주체의 요청	제34조의2제3항	0.9	신용정보주체 요청|이행하지 않음	2026-04-25
신용정보주체	요청함	ACTION	자	제34조의2제3항	0.9	신용정보주체 요청	2026-04-25
알리지 아니한 자	알리지	ACTION	요청	제34조의2제4항	0.95	알리지 아니한 자|제34조의2제4항 위반	2026-04-25
알리지 아니한 자	위반	ACTION	제34조의2제4항	제34조의2제4항	0.9	알리지 아니한 자|제34조의2제4항 위반	2026-04-25
자	위반	ACTION	통지	제35조의3제1항	0.95	통지|위반	2026-04-25
자	위반함	ACTION	제36조의2제1항	제36조의2제1항	0.95	위반	2026-04-25
자	설명을 제공하지 않음	ACTION	설명	제36조의2제1항	0.95	설명미제공	2026-04-25
자	위반	ACTION	제37조제3항	제37조제3항	0.95	위반	2026-04-25
자	위반함	ACTION	제38조제3항부터 제6항까지 또는 제8항	제38조	0.95	위반|제38조	2026-04-25
위반한 자	위반함	ACTION	제38조의2	제38조의2	0.95	위반|제38조의2	2026-04-25
자	위반함	ACTION	제38조의3	제38조의3	0.95	위반|제38조의3	2026-04-25
자	위반한	ACTION	제39조	제39조	0.95	제39조 위반|제39조	2026-04-25
자	위반함	ACTION	제39조의4제1항	제39조의4제1항	0.95	위반	2026-04-25
자	알리지 못함	ACTION	신용정보주체에게 같은 항 각 호의 사실	제39조의4제1항	0.95	알리지 못함	2026-04-25
자	위반함	ACTION	제39조의4제3항	제39조의4제3항	0.95	위반	2026-04-25
자	신고하지 않음	ACTION	조치결과	제39조의4제3항	0.95	신고하지 않음	2026-04-25
자	과태료	SANCTION	15	제39조의4제3항	0.95	과태료	2026-04-25
자	이용한	ACTION	제40조제2항을 위반하여 영리목적의 광고성 정보를 전송하는 행위	제40조제2항	0.95	위반|영리목적의 광고성 정보 전송	2026-04-25
자	처벌대상임	SANCTION	가명처리에 사용한 추가정보를 분리하여 보관하거나 삭제하지 아니한 행위	제40조의2제1항	0.95	가명처리|추가정보|분리 보관|삭제	2026-04-25
자	수립·시행하지 아니한	ACTION	보안대책	제40조의2제2항	0.95	보안대책|가명처리	2026-04-25
자	위반함	ACTION	제40조의2제7항	제40조의2제7항	0.95	제40조의2제7항 위반	2026-04-25
자	위반하여	ACTION	정보 삭제 및 처리 중지	제40조의2제7항	0.9	정보 삭제|처리 중지	2026-04-25
자	부과함	ACTION	2천만원 이하의 과태료	제17조제7항	0.97	과태료 부과|제17조제7항 위반	2026-04-25
자	부과함	ACTION	1천만원 이하의 과태료	제17조제7항	0.97	과태료 부과|다음 각 호의 어느 하나에 해당하는 자	2026-04-25
제17조제7항	정의함	LOGICAL	과태료 부과	제17조제7항	0.92	과태료 부과|제17조제7항 위반	2026-04-25
자	위반	ACTION	제8조제1항	제8조제1항	0.95	위반|제8조제1항	2026-04-25
자	위반	ACTION	제11조제1항	제11조제1항	0.95	제11조제1항 위반	2026-04-25
자	금융위원회에 신고하지 않음	ACTION	금융위원회	제11조제1항	0.9	제11조제1항 위반|금융위원회에 신고하지 아니하고 겸영업무를 한 자	2026-04-25
자	위반함	ACTION	제11조의2제1항	제11조의2제1항	0.95	위반|제11조의2제1항	2026-04-25
자	신고하지 않음	ACTION	금융위원회	제11조의2제1항	0.9	신고하지 않음|금융위원회	2026-04-25
자	부수업무를 함	ACTION	부수업무	제11조의2제1항	0.85	부수업무	2026-04-25
제한명령 또는 시정명령에 따르지 아니한 자	정의함	LOGICAL	자	제11조의2제8항	0.98	제한명령|시정명령|불이행|정의	2026-04-25
제13조 위반	정의함	LOGICAL	금융위원회의 승인 없이 다른 영리법인의 상무에 종사한 자	제13조	0.9	제13조 위반|금융위원회의 승인 없이	2026-04-25
자	종사한	ACTION	상무	제13조	0.9	제13조 위반|금융위원회의 승인 없이	2026-04-25
자	위반함	ACTION	제17조제5항	제17조제5항	0.95	위반|제17조제5항	2026-04-25
제17조제5항을 위반한 자	처벌대상임	SANCTION	5	제17조제5항	0.9	위반|제17조제5항|5	2026-04-25
자	위반함	ACTION	제18조제1항	제18조제1항	0.95	위반	2026-04-25
자	위반	ACTION	제20조의2제1항ㆍ제3항 또는 제4항	제20조의2	0.95	위반|제20조의2	2026-04-25
자	위반	SANCTION	제22조의2	제22조의2	0.95	보고|위반	2026-04-25
자	금융위원회에 보고를 하지 아니한	ACTION	금융위원회	제22조의2	0.9	보고|위반	2026-04-25
이용자관리규정	정의함	LOGICAL	자	제22조의6제4항	0.95	이용자관리규정 정의|위반	2026-04-25
자	위반함	ACTION	제27조제8항	제27조제8항	0.95	위반	2026-04-25
자	내보이지	ACTION	증표	제27조제8항	0.95	증표	2026-04-25
위반자	위반	ACTION	제31조	제31조	0.95	제31조 위반|위반자	2026-04-25
제32조	구성함	STRUCTURE	제32조제3항	제32조	0.6	구성|제32조	2026-04-25
제32조	구성함	STRUCTURE	제32조제7항	제32조	0.6	구성|제32조	2026-04-25
제32조	구성함	STRUCTURE	제32조제10항	제32조	0.6	구성|제32조	2026-04-25
자	금지함	ACTION	위반	제34조	0.95	위반|준용	2026-04-25
위반자	위반함	ACTION	제35조	제35조	0.95	위반자|제35조	2026-04-25
자	위반함	ACTION	제35조의2	제35조의2	0.95	제35조의2 위반|신용정보주체에게 설명하지 않음	2026-04-25
자	설명하지 않음	ACTION	신용정보주체	제35조의2	0.9	설명하지 않음|신용정보주체	2026-04-25
제35조의2	준용함	STRUCTURE	제11조의3	제35조의2	0.8	제11조의3|준용	2026-04-25
자	위반	ACTION	제40조의2제8항	제40조의2제8항	0.95	개인신용정보|가명처리|익명처리	2026-04-25
자	보존하지 않다	ACTION	기록	제40조의2제8항	0.95	개인신용정보|가명처리|익명처리	2026-04-25
금융위원회	부과ㆍ징수	ACTION	과태료	제41조의2	0.95	과태료 부과|징수	2026-04-25
보호위원회	부과ㆍ징수	ACTION	과태료	제41조의2	0.95	과태료 부과|징수	2026-04-25
채권추심회사	부과를 하지 않는다	ACTION	과태료	제41조의2	0.9	과태료 부과 금지|형사처벌	2026-04-25
보호위원회	부과를 취소한다	ACTION	과태료	제41조의2	0.9	과태료 부과 취소|형사처벌	2026-04-25
