article_number	structural_index	entity_type	concept	subject	action	object	legal_force	full_text
제1조	[]	CONCEPT	목적	법	목적으로 하다		DEFINITIONAL	제1조(목적) 이 법은 전자금융거래의 법률관계를 명확히 하여 전자금융거래의 안전성과 신뢰성을 확보함과 아울러 전 자금융업의 건전한 발전을 위한 기반조성을 함으로써 국민의 금융편의를 꾀하고 국민경제의 발전에 이바지함을 목 적으로 한다.
제2조	[]	DEFINITION	용어 정의				DEFINITIONAL	제2조(정의) 이 법에서 사용하는 용어의 정의는 다음과 같다. <개정 2007. 4. 27., 2008. 2. 29., 2012. 3. 21., 2012. 6. 1., 2013. 5. 22., 2020. 6. 9., 2023. 9. 14.> 1. “전자금융거래”라 함은 금융회사 또는 전자금융업자가 전자적 장치를 통하여 금융상품 및 서비스를 제공(이하 “전자금융업무”라 한다)하고, 이용자가 금융회사 또는 전자금융업자의 종사자와 직접 대면하거나 의사소통을 하지 아니하고 자동화된 방식으로 이를 이용하는 거래를 말한다. 2. “전자지급거래”라 함은 자금을 주는 자(이하 “지급인”이라 한다)가 금융회사 또는 전자금융업자로 하여금 전자지급수단을 이용하여 자금을 받는 자(이하 “수취인”이라 한다)에게 자금을 이동하게 하는 전자금융거래를 말한다. 3. “금융회사”란 다음 각 목의 어느 하나에 해당하는 기관이나 단체 또는 사업자를 말한다. 가. 「금융위원회의 설치 등에 관한 법률」
제38조제4항	[]	DEFINITION	전자금융업자				DEFINITIONAL	제38조제1호부터 제5호까지, 제7호 및 제8호에 해당하는 기관 나. 「여신전문금융업법」에 따른 여신전문금융회사 다. 「우체국예금ㆍ보험에 관한 법률」에 따른 체신관서 라. 「새마을금고법」에 따른 새마을금고 및 새마을금고중앙회 마. 그 밖에 법률의 규정에 따라 금융업 및 금융 관련 업무를 행하는 기관이나 단체 또는 사업자로서 대통령령이 정하는 자 4. “전자금융업자”라 함은
제28조	[]	DEFINITION	전자금융보조업자				DEFINITIONAL	제28조의 규정에 따라 허가를 받거나 등록을 한 자(금융회사는 제외한다)를 말한다. 5. “전자금융보조업자”라 함은 금융회사 또는 전자금융업자를 위하여 전자금융거래를 보조하거나 그 일부를 대행하는 업무를 행하는 자 또는 결제중계시스템의 운영자로서 「금융위원회의 설치 등에 관한 법률」
제3조	[]	DEFINITION	용어 정의				DEFINITIONAL	제3조에 따른 금융 위원회(이하 “금융위원회”라 한다)가 정하는 자를 말한다. 6. “결제중계시스템”이라 함은 금융회사와 전자금융업자 사이에 전자금융거래정보를 전달하여 자금정산 및 결제에 관한 업무를 수행하는 금융정보처리운영체계를 말한다. 7. “이용자”라 함은 전자금융거래를 위하여 금융회사 또는 전자금융업자와 체결한 계약(이하 “전자금융거래계약”이 라 한다)에 따라 전자금융거래를 이용하는 자를 말한다. 8. “전자적 장치”라 함은 전자금융거래정보를 전자적 방법으로 전송하거나 처리하는데 이용되는 장치로서 현금자동 지급기, 자동입출금기, 지급용단말기, 컴퓨터, 전화기 그 밖에 전자적 방법으로 정보를 전송하거나 처리하는 장치를 말한다. 9. “전자문서”라 함은 「전자문서 및 전자거래 기본법」
제2조제1호	[None, None, 2, 1]	DEFINITION	접근매체				DEFINITIONAL	제2조제1호에 따른 작성, 송신ㆍ수신 또는 저장된 정보를 말 한다. 10. “접근매체”라 함은 전자금융거래에 있어서 거래지시를 하거나 이용자 및 거래내용의 진실성과 정확성을 확보하기 위하여 사용되는 다음 각 목의 어느 하나에 해당하는 수단 또는 정보를 말한다. 가. 전자식 카드 및 이에 준하는 전자적 정보 나. 「전자서명법」
제2조	[]	DEFINITION	전자지급수단				DEFINITIONAL	제2조제3호에 따른 전자서명생성정보 및 같은 조 제6호에 따른 인증서 다. 금융회사 또는 전자금융업자에 등록된 이용자번호 법제처 2 국가법령정보센터 전자금융거래법 라. 이용자의 생체정보 마. 가목 또는 나목의 수단이나 정보를 사용하는데 필요한 비밀번호 11. “전자지급수단”이라 함은 전자자금이체, 직불전자지급수단, 선불전자지급수단, 전자화폐, 신용카드, 전자채권 그 밖에 전자적 방법에 따른 지급수단을 말한다. 12. “전자자금이체”라 함은 지급인과 수취인 사이에 자금을 지급할 목적으로 금융회사 또는 전자금융업자에 개설된 계좌(금융회사에 연결된 계좌에 한한다. 이하 같다)에서 다른 계좌로 전자적 장치에 의하여 다음 각 목의 어느 하 나에 해당하는 방법으로 자금을 이체하는 것을 말한다. 가. 금융회사 또는 전자금융업자에 대한 지급인의 지급지시 나. 금융회사 또는 전자금융업자에 대한 수취인의 추심지시(이하 “추심이체”라 한다) 13. “직불전자지급수단”이라 함은 이용자와 가맹점간에 전자적 방법에 따라 금융회사의 계좌에서 자금을 이체하는 등의 방법으로 재화 또는 용역의 제공과 그 대가의 지급을 동시에 이행할 수 있도록 금융회사 또는 전자금융업자 가 발행한 증표(자금을 융통받을 수 있는 증표를 제외한다) 또는 그 증표에 관한 정보를 말한다. 14. “선불전자지급수단”이라 함은 이전 가능한 금전적 가치가 전자적 방법으로 저장되어 발행된 증표(전자적 방법 으로 변환되어 저장된 증표를 포함한다) 또는 그 증표에 관한 정보로서 발행인(대통령령으로 정하는 특수관계인 을 포함한다) 외의 제3자로부터 재화 또는 용역을 구입하고 그 대가를 지급하는데 사용되는 것을 말한다. 다만, 전자화폐를 제외한다. 가. 삭제<2023. 9. 14.> 나. 삭제<2023. 9. 14.> 15. “전자화폐”라 함은 이전 가능한 금전적 가치가 전자적 방법으로 저장되어 발행된 증표 또는 그 증표에 관한 정 보로서 다음 각 목의 요건을 모두 갖춘 것을 말한다. 가. 대통령령이 정하는 기준 이상의 지역 및 가맹점에서 이용될 것 나. 제14호 가목의 요건을 충족할 것 다. 구입할 수 있는 재화 또는 용역의 범위가 5개 이상으로서 대통령령이 정하는 업종 수 이상일 것 라. 현금 또는 예금과 동일한 가치로 교환되어 발행될 것 마. 발행자에 의하여 현금 또는 예금으로 교환이 보장될 것 16. “전자채권”이라 함은 다음 각 목의 요건을 갖춘 전자문서에 기재된 채권자의 금전채권을 말한다. 가. 채무자가 채권자를 지정할 것 나. 전자채권에 채무의 내용이 기재되어 있을 것 다. 「전자서명법」
제2조제2호	[]	REGULATION	전자서명		존재	전자서명	MANDATORY	제2조제2호에 따른 전자서명(서명자의 실지명의를 확인할 수 있는 것을 말한다)이 있을 것 라. 금융회사를 거쳐
제29조제1항	[None, None, 29, 1]	DEFINITION	전자채권관리기관		등록		MANDATORY	제29조제1항의 규정에 따른 전자채권관리기관(이하 “전자채권관리기관”이라 한다)에 등록될 것 마. 채무자가 채권자에게 가목 내지 다목의 요건을 모두 갖춘 전자문서를 「전자문서 및 전자거래 기본법」
제6조 제1항	[None, None, 6, 1]	REGULATION	송신	채권자	송신			제6조 제1항에 따라 송신하고 채권자가 이를 같은 법
제6조제2항	[]	DEFINITION	용어 정의				DEFINITIONAL	제6조제2항의 규정에 따라 수신할 것 17. “거래지시”라 함은 이용자가 전자금융거래계약에 따라 금융회사 또는 전자금융업자에게 전자금융거래의 처리를 지시하는 것을 말한다. 18. “오류”라 함은 이용자의 고의 또는 과실 없이 전자금융거래가 전자금융거래계약 또는 이용자의 거래지시에 따라 이행되지 아니한 경우를 말한다. 19. “전자지급결제대행”이라 함은 전자적 방법으로 재화의 구입 또는 용역의 이용에 있어서 지급결제정보를 송신하거나 수신하는 것 또는 그 대가의 정산을 대행하거나 매개하는 것을 말한다. 20. “가맹점”이란 다음 각 목의 자를 말한다. 가. 금융회사 또는 전자금융업자와의 계약에 따라 직불전자지급수단이나 선불전자지급수단 또는 전자화폐에 의한 거래에 있어서 이용자에게 재화 또는 용역을 제공하는 자 나. 금융회사 또는 전자금융업자와의 계약에 따라 이용자에게 재화 또는 용역을 제공하는 자를 위하여 직불전자 지급수단이나 선불전자지급수단 또는 전자화폐에 의한 거래를 대행하는 자로서 대통령령으로 정하는 자 법제처 3 국가법령정보센터 전자금융거래법 21. “전자금융기반시설”이란 전자금융거래에 이용되는 정보처리시스템 및 「정보통신망 이용촉진 및 정보보호 등에 관한 법률」
제2조제1항제1호	[]	DEFINITION	전자적 침해행위		말한다	전자적 침해행위	DEFINITIONAL	제2조제1항제1호에 따른 정보통신망을 말한다. 22. “전자적 침해행위”란 해킹, 컴퓨터 바이러스, 논리폭탄, 메일폭탄, 서비스 거부 또는 고출력 전자기파 등의 방법 으로 전자금융기반시설을 공격하는 행위를 말한다.
제2조	[]	DEFINITION	용어 정의				DEFINITIONAL	제2조(정의) 이 법에서 사용하는 용어의 정의는 다음과 같다. <개정 2007. 4. 27., 2008. 2. 29., 2012. 3. 21., 2012. 6. 1., 2013. 5. 22., 2020. 6. 9., 2023. 9. 14., 2025. 12. 16.> 1. “전자금융거래”라 함은 금융회사 또는 전자금융업자가 전자적 장치를 통하여 금융상품 및 서비스를 제공(이하 “전자금융업무”라 한다)하고, 이용자가 금융회사 또는 전자금융업자의 종사자와 직접 대면하거나 의사소통을 하지 아니하고 자동화된 방식으로 이를 이용하는 거래를 말한다. 2. “전자지급거래”라 함은 자금을 주는 자(이하 “지급인”이라 한다)가 금융회사 또는 전자금융업자로 하여금 전자지급수단을 이용하여 자금을 받는 자(이하 “수취인”이라 한다)에게 자금을 이동하게 하는 전자금융거래를 말한다. 3. “금융회사”란 다음 각 목의 어느 하나에 해당하는 기관이나 단체 또는 사업자를 말한다. 가. 「금융위원회의 설치 등에 관한 법률」
제38조	[]	DEFINITION	전자금융업자				DEFINITIONAL	제38조제1호부터 제5호까지, 제7호 및 제8호에 해당하는 기관 나. 「여신전문금융업법」에 따른 여신전문금융회사 다. 「우체국예금ㆍ보험에 관한 법률」에 따른 체신관서 라. 「새마을금고법」에 따른 새마을금고 및 새마을금고중앙회 마. 그 밖에 법률의 규정에 따라 금융업 및 금융 관련 업무를 행하는 기관이나 단체 또는 사업자로서 대통령령이 정하는 자 4. “전자금융업자”라 함은
제28조	[]	DEFINITION	전자금융보조업자				DEFINITIONAL	제28조의 규정에 따라 허가를 받거나 등록을 한 자(금융회사는 제외한다)를 말한다. 5. “전자금융보조업자”라 함은 금융회사 또는 전자금융업자를 위하여 전자금융거래를 보조하거나 그 일부를 대행하는 업무를 행하는 자 또는 결제중계시스템의 운영자로서 「금융위원회의 설치 등에 관한 법률」
제3조	[]	DEFINITION	정의				DEFINITIONAL	제3조에 따른 금융 위원회(이하 “금융위원회”라 한다)가 정하는 자를 말한다. 6. “결제중계시스템”이라 함은 금융회사와 전자금융업자 사이에 전자금융거래정보를 전달하여 자금정산 및 결제에 관한 업무를 수행하는 금융정보처리운영체계를 말한다. 7. “이용자”라 함은 전자금융거래를 위하여 금융회사 또는 전자금융업자와 체결한 계약(이하 “전자금융거래계약”이라 한다)에 따라 전자금융거래를 이용하는 자를 말한다. 8. “전자적 장치”라 함은 전자금융거래정보를 전자적 방법으로 전송하거나 처리하는데 이용되는 장치로서 현금자동 지급기, 자동입출금기, 지급용단말기, 컴퓨터, 전화기 그 밖에 전자적 방법으로 정보를 전송하거나 처리하는 장치를 말한다. 9. “전자문서”라 함은 「전자문서 및 전자거래 기본법」
제2조제1호	[]	DEFINITION	접근매체			수단 또는 정보	DEFINITIONAL	제2조제1호에 따른 작성, 송신ㆍ수신 또는 저장된 정보를 말한다. 10. “접근매체”라 함은 전자금융거래에 있어서 거래지시를 하거나 이용자 및 거래내용의 진실성과 정확성을 확보하기 위하여 사용되는 다음 각 목의 어느 하나에 해당하는 수단 또는 정보를 말한다. 가. 전자식 카드 및 이에 준하는 전자적 정보 나. 「전자서명법」
제2조제3호	[]	DEFINITION	전자지급수단				DEFINITIONAL	제2조제3호에 따른 전자서명생성정보 및 같은 조 제6호에 따른 인증서 다. 금융회사 또는 전자금융업자에 등록된 이용자번호 라. 이용자의 생체정보 마. 가목 또는 나목의 수단이나 정보를 사용하는데 필요한 비밀번호 11. “전자지급수단”이라 함은 전자자금이체, 직불전자지급수단, 선불전자지급수단, 전자화폐, 신용카드, 전자채권 그 밖에 전자적 방법에 따른 지급수단을 말한다. 12. “전자자금이체”라 함은 지급인과 수취인 사이에 자금을 지급할 목적으로 금융회사 또는 전자금융업자에 개설된 계좌(금융회사에 연결된 계좌에 한한다. 이하 같다)에서 다른 계좌로 전자적 장치에 의하여 다음 각 목의 어느 하 나에 해당하는 방법으로 자금을 이체하는 것을 말한다. 법제처 4 국가법령정보센터 전자금융거래법 가. 금융회사 또는 전자금융업자에 대한 지급인의 지급지시 나. 금융회사 또는 전자금융업자에 대한 수취인의 추심지시(이하 “추심이체”라 한다) 13. “직불전자지급수단”이라 함은 이용자와 가맹점간에 전자적 방법에 따라 금융회사의 계좌에서 자금을 이체하는 등의 방법으로 재화 또는 용역의 제공과 그 대가의 지급을 동시에 이행할 수 있도록 금융회사 또는 전자금융업자 가 발행한 증표(자금을 융통받을 수 있는 증표를 제외한다) 또는 그 증표에 관한 정보를 말한다. 14. “선불전자지급수단”이라 함은 이전 가능한 금전적 가치가 전자적 방법으로 저장되어 발행된 증표(전자적 방법 으로 변환되어 저장된 증표를 포함한다) 또는 그 증표에 관한 정보로서 발행인(대통령령으로 정하는 특수관계인 을 포함한다) 외의 제3자로부터 재화 또는 용역을 구입하고 그 대가를 지급하는데 사용되는 것을 말한다. 다만, 전자화폐를 제외한다. 가. 삭제<2023. 9. 14.> 나. 삭제<2023. 9. 14.> 15. “전자화폐”라 함은 이전 가능한 금전적 가치가 전자적 방법으로 저장되어 발행된 증표 또는 그 증표에 관한 정 보로서 다음 각 목의 요건을 모두 갖춘 것을 말한다. 가. 대통령령이 정하는 기준 이상의 지역 및 가맹점에서 이용될 것 나. 제14호 가목의 요건을 충족할 것 다. 구입할 수 있는 재화 또는 용역의 범위가 5개 이상으로서 대통령령이 정하는 업종 수 이상일 것 라. 현금 또는 예금과 동일한 가치로 교환되어 발행될 것 마. 발행자에 의하여 현금 또는 예금으로 교환이 보장될 것 16. “전자채권”이라 함은 다음 각 목의 요건을 갖춘 전자문서에 기재된 채권자의 금전채권을 말한다. 가. 채무자가 채권자를 지정할 것 나. 전자채권에 채무의 내용이 기재되어 있을 것 다. 「전자서명법」
제2조제2호	[]	DEFINITION	전자서명				DEFINITIONAL	제2조제2호에 따른 전자서명(서명자의 실지명의를 확인할 수 있는 것을 말한다)이 있을 것 라. 금융회사를 거쳐
제29조제1항	[]	REGULATION	전자채권관리기관		등록되다	전자문서	MANDATORY	제29조제1항의 규정에 따른 전자채권관리기관(이하 “전자채권관리기관”이라 한다)에 등록될 것 마. 채무자가 채권자에게 가목 내지 다목의 요건을 모두 갖춘 전자문서를 「전자문서 및 전자거래 기본법」
제6조 제1항	[None, None, 6, 1]	PROCEDURE	송신	채권자	송신	같은 법	MANDATORY	제6조 제1항에 따라 송신하고 채권자가 이를 같은 법
제6조제2항	[]	DEFINITION	용어 정의				DEFINITIONAL	제6조제2항의 규정에 따라 수신할 것 17. “거래지시”라 함은 이용자가 전자금융거래계약에 따라 금융회사 또는 전자금융업자에게 전자금융거래의 처리를 지시하는 것을 말한다. 18. “오류”라 함은 이용자의 고의 또는 과실 없이 전자금융거래가 전자금융거래계약 또는 이용자의 거래지시에 따라 이행되지 아니한 경우를 말한다. 19. “전자지급결제대행”이란 제3자 사이에서 이루어지는 재화의 공급 또는 용역의 제공에 대한 대가의 지급이 전자 지급수단으로 이루어지는 경우에 그 대가를 수수하고 정산을 대행하는 것을 말한다. 다만, 「전자상거래 등에서의 소비자보호에 관한 법률」에 따른 통신판매중개 등 다른 업무를 영위하는 과정에서 부수적으로 대가를 수수하고 정산을 대행하는 경우는 제외한다. 20. “가맹점”이란 다음 각 목의 자를 말한다. 가. 금융회사 또는 전자금융업자와의 계약에 따라 직불전자지급수단이나 선불전자지급수단 또는 전자화폐에 의한 거래에 있어서 이용자에게 재화 또는 용역을 제공하는 자 나. 금융회사 또는 전자금융업자와의 계약에 따라 이용자에게 재화 또는 용역을 제공하는 자를 위하여 직불전자 지급수단이나 선불전자지급수단 또는 전자화폐에 의한 거래를 대행하는 자로서 대통령령으로 정하는 자 21. “전자금융기반시설”이란 전자금융거래에 이용되는 정보처리시스템 및 「정보통신망 이용촉진 및 정보보호 등에 관한 법률」
제2조제1항제1호	[]	DEFINITION	전자적 침해행위				DEFINITIONAL	제2조제1항제1호에 따른 정보통신망을 말한다. 22. “전자적 침해행위”란 해킹, 컴퓨터 바이러스, 논리폭탄, 메일폭탄, 서비스 거부 또는 고출력 전자기파 등의 방법 으로 전자금융기반시설을 공격하는 행위를 말한다. 법제처 5 국가법령정보센터 전자금융거래법 [시행일: 2026. 12. 17.]
제2조	[]							제2조
제3조	[]	REGULATION	적용범위	법	적용	전자금융거래	MANDATORY	제3조(적용범위) ①이 법은 다른 법률에 특별한 규정이 있는 경우를 제외하고 모든 전자금융거래에 적용한다. 다만, 금융회사 및 전자금융업자간에 따로 정하는 계약에 따라 이루어지는 전자금융거래 가운데 대통령령이 정하는 경우에는 이 법을 적용하지 아니한다. <개정 2013. 5. 22.> ②제5장의 규정은
제2조제3호	[None, None, 2, 3]	REGULATION	다목 및 라목의 금융회사		적용하지 않다	다목 및 라목의 금융회사	PROHIBITIVE	제2조제3호 다목 및 라목의 금융회사에 대하여는 이를 적용하지 아니한다.<개정 2013. 5. 22.> ③ 금융회사 중 전자금융거래의 빈도, 회사의 규모 등을 고려하여 대통령령으로 정하는 금융회사에 대하여는 다음 각 호를 적용하지 아니한다.<신설 2013. 5. 22.> 1.
제21조제2항	[]	REGULATION	기준 준수		준수	기준	MANDATORY	제21조제2항의 인력, 시설, 전자적 장치 등의 정보기술부문 및 전자금융업무에 관하여 금융위원회가 정하는 기준 준수 2.
제21조제4항	[]	PROCEDURE	계획수립 및 제출	정보기술부문	계획수립 및 제출		MANDATORY	제21조제4항의 정보기술부문의 계획수립 및 제출 3.
제21조의2	[]	REGULATION	정보보호최고책임자 지정		지정	정보보호최고책임자		제21조의2의 정보보호최고책임자 지정 4.
제21조의3	[]	REGULATION	취약점 분석·평가			전자금융기반시설		제21조의3의 전자금융기반시설의 취약점 분석ㆍ평가
제3조	[]	REGULATION	적용범위		적용	전자금융거래	MANDATORY	제3조(적용범위) ①이 법은 다른 법률에 특별한 규정이 있는 경우를 제외하고 모든 전자금융거래에 적용한다. 다만, 다음 각 호의 어느 하나에 해당하는 경우에는 이 법을 적용하지 아니한다. <개정 2013. 5. 22., 2025. 12. 16.> 1. 금융회사 및 전자금융업자 간에 따로 정하는 계약에 따라 이루어지는 전자금융거래 가운데 대통령령으로 정하는 경우 2. 다음 각 목의 법률에 따른 업무를 영위하는 과정에서 부수적으로 대가를 수수하여 정산을 대행하는 경우 가. 「가맹사업거래의 공정화에 관한 법률」 나. 「대규모유통업에서의 거래 공정화에 관한 법률」 다. 「여객자동차 운수사업법」 라. 「전자상거래 등에서의 소비자보호에 관한 법률」 마. 가목부터 라목까지의 법률과 유사한 업무를 규율하는 경우로서 대통령령으로 정하는 법률 ②제5장의 규정은
제2조제3호	[]	REGULATION	예외 적용	금융회사	적용하지 않다	다목 및 라목의 금융회사	PROHIBITIVE	제2조제3호 다목 및 라목의 금융회사에 대하여는 이를 적용하지 아니한다.<개정 2013. 5. 22.> ③ 금융회사 중 전자금융거래의 빈도, 회사의 규모 등을 고려하여 대통령령으로 정하는 금융회사에 대하여는 다음 각 호를 적용하지 아니한다.<신설 2013. 5. 22.> 1.
제21조제2항	[]	REGULATION	기준 준수		준수	기준	MANDATORY	제21조제2항의 인력, 시설, 전자적 장치 등의 정보기술부문 및 전자금융업무에 관하여 금융위원회가 정하는 기준 준수
제21조제4항	[None, None, 21, 4]	PROCEDURE	계획수립 및 제출	정보기술부문	계획수립 및 제출			제21조제4항의 정보기술부문의 계획수립 및 제출 3.
제21조의2	[]	REGULATION	정보보호최고책임자 지정		지정	정보보호최고책임자	MANDATORY	제21조의2의 정보보호최고책임자 지정 4.
제21조의3	[]	CONCEPT	취약점 분석ㆍ평가					제21조의3의 전자금융기반시설의 취약점 분석ㆍ평가 [시행일: 2026. 12. 17.]
제3조	[]							제3조
제4조	[2, 1, 4, None]	REGULATION	상호주의	법	적용	외국인·외국법인	MANDATORY	제4조(상호주의) 외국인 또는 외국법인에 대하여도 이 법을 적용한다. 다만, 대한민국 국민 또는 대한민국 법인에 대하여 이 법에 준하는 보호를 하지 아니하는 국가의 외국인 또는 외국법인에 대하여는 그에 상응하여 이 법 또는 대한민국이 가입하거나 체결한 조약에 따른 보호를 제한할 수 있다.
제5조	[]	REGULATION	전자문서				MANDATORY	제5조(전자문서의 사용) ①전자금융거래를 위하여 사용되는 전자문서에 대하여는 「전자문서 및 전자거래 기본법」
제4조	[]							
제7조까지	[]							제7조까지,
제9조	[]							제9조 및
제10조	[]	REGULATION	전자문서	금융회사·전자금융업자	본다	전자문서	MANDATORY	제10조를 적용한다. <개정 2012. 6. 1.> ②금융회사 또는 전자금융업자가 거래지시와 관련하여 수신한 전자문서는 각 문서마다 독립된 것으로 본다. 다만, 금융회사 또는 전자금융업자와 이용자 사이에 전자금융거래계약에 따라 확인절차를 거치는 경우에는 그 절차에 따 법제처 6 국가법령정보센터 전자금융거래법 른다.<개정 2013. 5. 22.>
제6조	[]	ACTOR	접근매체	금융회사 또는 전자금융업자	선정·사용·관리	접근매체	MANDATORY	제6조(접근매체의 선정과 사용 및 관리) ①금융회사 또는 전자금융업자는 전자금융거래를 위하여 접근매체를 선정하여 사용 및 관리하고 이용자의 신원, 권한 및 거래지시의 내용 등을 확인하여야 한다. <개정 2013. 5. 22.> ②금융회사 또는 전자금융업자가 접근매체를 발급할 때에는 이용자의 신청이 있는 경우에 한하여 본인임을 확인한 후에 발급하여야 한다. 다만, 다음 각 호의 어느 하나에 해당하는 경우에는 이용자의 신청이나 본인의 확인이 없는 때에도 발급할 수 있다.<개정 2013. 5. 22.> 1. 선불전자지급수단 또는
제16조제1항	[]	REGULATION	접근매체 사용 및 관리	누구	행위	각 호	PROHIBITIVE	제16조제1항 단서의 규정에 따른 전자화폐인 경우 2. 접근매체의 갱신 또는 대체발급 등을 위하여 대통령령이 정하는 바에 따라 이용자의 동의를 얻은 경우 ③ 누구든지 접근매체를 사용 및 관리함에 있어서 다른 법률에 특별한 규정이 없는 한 다음 각 호의 행위를 하여서는 아니 된다. 다만,
제18조	[]	REGULATION	접근매체		양도·담보제공	접근매체	PROHIBITIVE	제18조에 따른 선불전자지급수단이나 전자화폐의 양도 또는 담보제공을 위하여 필요한 경우(제 3호의 행위 및 이를 알선ㆍ중개하는 행위는 제외한다)에는 그러하지 아니하다.<개정 2008. 12. 31., 2015. 1. 20., 2016. 1. 27., 2020. 5. 19.> 1. 접근매체를 양도하거나 양수하는 행위 2. 대가를 수수(授受)ㆍ요구 또는 약속하면서 접근매체를 대여받거나 대여하는 행위 또는 보관ㆍ전달ㆍ유통하는 행 위 3. 범죄에 이용할 목적으로 또는 범죄에 이용될 것을 알면서 접근매체를 대여받거나 대여하는 행위 또는 보관ㆍ전 달ㆍ유통하는 행위 4. 접근매체를 질권의 목적으로 하는 행위 5. 제1호부터 제4호까지의 행위를 알선ㆍ중개ㆍ광고하거나 대가를 수수(授受)ㆍ요구 또는 약속하면서 권유하는 행 위 ④ 금융회사ㆍ전자금융업자 및 전자금융보조업자(이하 “금융회사등”이라 한다)가 전자적 장치의 작동오류 등 불가 피한 사유로 이용자의 접근매체를 획득한 경우 그 접근매체를 그 이용자에게 반환할 때에는 신분증 제시 요청 등의 방법으로 본인임을 확인할 수 있다.<신설 2020. 5. 19.> ⑤ 제4항에 따른 본인확인을 요청할 수 있는 사유 및 본인확인 방법은 대통령령으로 정한다.<신설 2020. 5. 19.>
제6조의2	[]	REGULATION	전화번호 이용중지	검찰총장·경찰청장·금융감독원장	이용중지	전화번호		제6조의2(불법 광고에 이용된 전화번호의 이용중지 등) ① 검찰총장, 경찰청장 또는 금융감독원장(「금융위원회의 설치 등에 관한 법률」
제29조	[]	DEFINITION	금융감독원장		말한다		DEFINITIONAL	제29조에 따른 금융감독원장을 말한다. 이하 같다)은
제6조제3항제5호	[None, None, 6, 3]	PROCEDURE	전기통신역무 제공 중지	과학기술정보통신부장관	요청	전기통신역무 제공의 중지	PERMISSIVE	제6조제3항제5호에 따른 불법광고에 이용된 전화번호를 확인한 때에는 과학기술정보통신부장관에게 해당 전화번호에 대한 전기통신역무 제공의 중지를 요청할 수 있다. <개정 2017. 7. 26.> ② 제1항에 따른 요청으로 전기통신역무 제공이 중지된 사람은 전기통신역무 제공의 중지를 요청한 자에게 이의신 청을 할 수 있다. ③ 제2항에 따른 이의신청의 절차 등에 필요한 사항은 대통령령으로 정한다. [본조신설 2016. 1. 27.]
제6조의3	[]	REGULATION	계좌정보의 사용 및 관리	누구든지	제공·보관·전달·유통	계좌와 관련된 정보	PROHIBITIVE	제6조의3(계좌정보의 사용 및 관리) 누구든지 계좌와 관련된 정보를 사용 및 관리함에 있어서 범죄에 이용할 목적으로 또는 범죄에 이용될 것을 알면서 계좌와 관련된 정보를 제공받거나 제공하는 행위 또는 보관ㆍ전달ㆍ유통하는 행위 를 하여서는 아니 된다. [본조신설 2020. 5. 19.]
제7조	[]	ACTOR	거래내용 확인	금융회사 또는 전자금융업자	확인	거래내용	MANDATORY	제7조(거래내용의 확인) ①금융회사 또는 전자금융업자는 이용자가 전자금융거래에 사용하는 전자적 장치(금융회사 또는 전자금융업자와 이용자 사이에 미리 약정한 전자적 장치가 있는 경우에는 그 전자적 장치를 포함한다)를 통하여 거래내용을 확인할 수 있도록 하여야 한다. <개정 2013. 5. 22.> ②금융회사 또는 전자금융업자는 이용자가 거래내용을 서면(전자문서를 제외한다. 이하 같다)으로 제공할 것을 요청하는 경우에는 그 요청을 받은 날부터 2주 이내에 거래내용에 관한 서면을 교부하여야 한다.<개정 2013. 5. 22.> 법제처 7 국가법령정보센터 전자금융거래법 ③제1항 및 제2항의 규정에 따라 제공하는 거래내용의 대상기간, 종류 및 범위 등에 관한 사항은 대통령령으로 정한다.
제8조	[]	REGULATION	오류 정정	금융회사 또는 전자금융업자	조사·처리·알리다	오류의 원인과 처리 결과	MANDATORY	제8조(오류의 정정 등) ①이용자는 전자금융거래에 오류가 있음을 안 때에는 그 금융회사 또는 전자금융업자에게 이에 대한 정정을 요구할 수 있다. <개정 2013. 5. 22.> ②금융회사 또는 전자금융업자는 제1항의 규정에 따른 오류의 정정요구를 받은 때에는 이를 즉시 조사하여 처리한 후 정정요구를 받은 날부터 2주 이내에 오류의 원인과 처리 결과를 대통령령으로 정하는 방법에 따라 이용자에게 알려야 한다.<개정 2008. 12. 31., 2013. 5. 22.> ③금융회사 또는 전자금융업자는 스스로 전자금융거래에 오류가 있음을 안 때에는 이를 즉시 조사하여 처리한 후 오류가 있음을 안 날부터 2주 이내에 오류의 원인과 처리 결과를 대통령령으로 정하는 방법에 따라 이용자에게 알려야 한다.<개정 2008. 12. 31., 2013. 5. 22.>
제9조	[None, None, 9, 1]	REGULATION	배상 책임	금융회사 또는 전자금융업자	배상	손해	MANDATORY	제9조(금융회사 또는 전자금융업자의 책임) ①금융회사 또는 전자금융업자는 다음 각 호의 어느 하나에 해당하는 사고 로 인하여 이용자에게 손해가 발생한 경우에는 그 손해를 배상할 책임을 진다. <개정 2013. 5. 22.> 1. 접근매체의 위조나 변조로 발생한 사고 2. 계약체결 또는 거래지시의 전자적 전송이나 처리 과정에서 발생한 사고 3. 전자금융거래를 위한 전자적 장치 또는 「정보통신망 이용촉진 및 정보보호 등에 관한 법률」
제2조제1항제1호	[]	REGULATION	책임 부담	금융회사 또는 전자금융업자	부담하게 하다	이용자	PERMISSIVE	제2조제1항제1호에 따른 정보통신망에 침입하여 거짓이나 그 밖의 부정한 방법으로 획득한 접근매체의 이용으로 발생한 사고 ②제1항의 규정에 불구하고 금융회사 또는 전자금융업자는 다음 각 호의 어느 하나에 해당하는 경우에는 그 책임의 전부 또는 일부를 이용자가 부담하게 할 수 있다.<개정 2013. 5. 22.> 1. 사고 발생에 있어서 이용자의 고의나 중대한 과실이 있는 경우로서 그 책임의 전부 또는 일부를 이용자의 부담으로 할 수 있다는 취지의 약정을 미리 이용자와 체결한 경우 2. 법인(「중소기업기본법」
제2조제2항	[]	REGULATION	책임	금융회사 또는 전자금융업자	조치를 하다	보험 또는 공제	MANDATORY	제2조제2항에 의한 소기업을 제외한다)인 이용자에게 손해가 발생한 경우로 금융회사 또 는 전자금융업자가 사고를 방지하기 위하여 보안절차를 수립하고 이를 철저히 준수하는 등 합리적으로 요구되는 충분한 주의의무를 다한 경우 ③제2항제1호의 규정에 따른 이용자의 고의나 중대한 과실은 대통령령이 정하는 범위 안에서 전자금융거래에 관한 약관(이하 “약관”이라 한다)에 기재된 것에 한한다. ④금융회사 또는 전자금융업자는 제1항의 규정에 따른 책임을 이행하기 위하여 금융위원회가 정하는 기준에 따라 보험 또는 공제에 가입하거나 준비금을 적립하는 등 필요한 조치를 하여야 한다.<개정 2008. 2. 29., 2013. 5. 22.> [제목개정 2013. 5. 22.]
제10조	[]	REGULATION	배상 책임	금융회사 및 전자금융업자	배상	이용자	MANDATORY	제10조(접근매체의 분실과 도난 책임) ①금융회사 또는 전자금융업자는 이용자로부터 접근매체의 분실이나 도난 등의 통지를 받은 때에는 그 때부터 제3자가 그 접근매체를 사용함으로 인하여 이용자에게 발생한 손해를 배상할 책임을 진다. 다만, 선불전자지급수단이나 전자화폐의 분실 또는 도난 등으로 발생하는 손해로서 대통령령이 정하는 경우에 는 그러하지 아니하다. <개정 2013. 5. 22.> ②제1항 및
제9조	[]	REGULATION	법령 우선 적용		우선 적용	법령	MANDATORY	제9조의 규정에 불구하고 다른 법령에 이용자에게 유리하게 적용될 수 있는 규정이 있는 경우에는 그 법령을 우선 적용한다.
제11조	[]	REGULATION	전자금융보조업자					제11조(전자금융보조업자의 지위) ①전자금융거래와 관련하여 전자금융보조업자(전자채권관리기관을 포함한다. 이하 이 장에서 같다)의 고의나 과실은 금융회사 또는 전자금융업자의 고의나 과실로 본다. <개정 2013. 5. 22.> ②금융회사 또는 전자금융업자는 전자금융보조업자의 고의나 과실로 인하여 발생한 손해에 대하여 이용자에게 그 손해를 배상한 경우에는 그 전자금융보조업자에게 구상할 수 있다.<개정 2013. 5. 22.> ③이용자는 금융회사 또는 전자금융업자와의 약정에 따라 금융회사 또는 전자금융업자에게 행하는 각종 통지를 전자금융보조업자에게 할 수 있다. 이 경우 전자금융보조업자에게 한 통지는 금융회사 또는 전자금융업자에게 한 것으로 본다.<개정 2013. 5. 22.>
제12조	[]	ACTOR	전자지급거래	금융회사 또는 전자금융업자	전송 및 반환	금액	MANDATORY	제12조(전자지급거래계약의 효력) ①금융회사 또는 전자금융업자는 지급인 또는 수취인과 전자지급거래를 하기 위하 여 체결한 약정에 따라 수취인이나 수취인의 금융회사 또는 전자금융업자에게 지급인 또는 수취인이 거래지시한 금 액을 전송하여 지급이 이루어지도록 하여야 한다. <개정 2013. 5. 22.> ②금융회사 또는 전자금융업자는 제1항의 규정에 따른 자금의 지급이 이루어질 수 없게 된 때에는 전자지급거래를 하기 위하여 수령한 자금을 지급인에게 반환하여야 한다. 이 경우 지급인의 과실로 인하여 지급이 이루어지지 아니 한 때에는 그 전송을 하기 위하여 지출한 비용을 공제할 수 있다.<개정 2013. 5. 22.>
제13조	[]	REGULATION	지급 효력 발생 시기	이용자	효력 발생	지급	MANDATORY	제13조(지급의 효력발생시기) ①전자지급수단을 이용하여 자금을 지급하는 경우에는 그 지급의 효력은 다음 각 호의 어느 하나에서 정한 때에 생긴다. <개정 2013. 5. 22., 2014. 10. 15.> 1. 전자자금이체의 경우 : 거래지시된 금액의 정보에 대하여 수취인의 계좌가 개설되어 있는 금융회사 또는 전자금융업자의 계좌의 원장에 입금기록이 끝난 때 2. 전자적 장치로부터 직접 현금을 출금하는 경우 : 수취인이 현금을 수령한 때 3. 선불전자지급수단 및 전자화폐로 지급하는 경우 : 거래지시된 금액의 정보가 수취인이 지정한 전자적 장치에 도 달한 때 4. 그 밖의 전자지급수단으로 지급하는 경우 : 거래지시된 금액의 정보가 수취인의 계좌가 개설되어 있는 금융회사 또는 전자금융업자의 전자적 장치에 입력이 끝난 때 ② 총자산 등을 감안하여 대통령령으로 정하는 금융회사 또는 전자금융업자는 이용자가 원하는 경우 대통령령으로 정하는 절차와 방법에 따라 이용자가 거래지시를 하는 때부터 일정 시간이 경과한 후에 전자자금이체의 지급 효력 이 발생하도록 하여야 한다.<신설 2014. 10. 15.>
제14조	[]	REGULATION	거래지시의 철회	이용자				제14조(거래지시의 철회) ①이용자는
제13조제1항	[]	REGULATION	거래지시 철회		철회	거래지시	PERMISSIVE	제13조제1항 각 호의 규정에 따라 지급의 효력이 발생하기 전까지 거래지시를 철회할 수 있다. <개정 2014. 10. 15.> ②제1항의 규정에 불구하고 금융회사 또는 전자금융업자와 이용자는 대량으로 처리하는 거래 또는 예약에 따른 거래 등의 경우에는 미리 정한 약정에 따라 거래지시의 철회시기를 달리 정할 수 있다.<개정 2013. 5. 22.> ③금융회사 또는 전자금융업자는 제1항의 규정에 따른 거래지시의 철회방법 및 절차와 제2항의 규정에 따른 약정에 관한 사항을 약관에 기재하여야 한다.<개정 2013. 5. 22.>
제15조	[]	REGULATION	출금 동의	금융회사 또는 전자금융업자	동의를 얻다	출금	MANDATORY	제15조(추심이체의 출금 동의) ①금융회사 또는 전자금융업자는 추심이체를 실행하기 위하여 대통령령이 정하는 바에 따라 미리 지급인으로부터 출금에 대한 동의를 얻어야 한다. <개정 2013. 5. 22.> ②지급인은 수취인의 거래지시에 따라 지급인의 계좌의 원장에 출금기록이 끝나기 전까지 금융회사 또는 전자금융 업자에게 제1항의 규정에 따른 동의의 철회를 요청할 수 있다.<개정 2013. 5. 22.> ③제2항의 규정에 불구하고 금융회사 또는 전자금융업자는 대량으로 처리하는 거래 또는 예약에 따른 거래 등의 경우에는 미리 지급인과 정한 약정에 따라 동의의 철회시기를 달리 정할 수 있다.<개정 2013. 5. 22.> ④금융회사 또는 전자금융업자는 제2항 및 제3항의 규정에 따른 동의의 철회방법 및 절차와 약정에 관한 사항을 약관에 기재하여야 한다.<개정 2013. 5. 22.>
제16조	[]	ACTOR	전자화폐 발행	금융회사·전자금융업자	식별번호 부여	접근매체	MANDATORY	제16조(전자화폐의 발행과 사용 및 환금) ①전자화폐를 발행하는 금융회사 또는 전자금융업자(이하 “전자화폐발행자 ”라 한다)는 전자화폐를 발행할 경우 접근매체에 식별번호를 부여하고 그 식별번호와 「금융실명거래 및 비밀보장에 관한 법률」
제2조	[]	REGULATION	전자화폐 발행·관리	전자화폐발행자	관리한다	이용자의 실지명의	MANDATORY	제2조제4호에서 규정한 이용자의 실지명의(이하 “실지명의”라 한다) 또는 예금계좌를 연결하여 관리하여 야 한다. 다만, 발행권면 최고한도가 대통령령이 정하는 금액 이하인 전자화폐의 경우에는 그러하지 아니하다. <개 정 2013. 5. 22.> ②전자화폐발행자는 현금 또는 예금과 동일한 가치로 교환하여 전자화폐를 발행하여야 한다. 법제처 9 국가법령정보센터 전자금융거래법 ③전자화폐발행자는 전자화폐보유자가 전자화폐를 사용할 수 있도록 발행된 전자화폐의 보관 및 사용 등에 필요한 조치를 하여야 한다. ④전자화폐발행자는 전자화폐보유자의 요청에 따라 전자화폐를 현금 또는 예금으로 교환할 의무를 부담한다. ⑤제1항 내지 제4항의 규정에 따른 전자화폐의 발행ㆍ교환의 방법 및 절차에 관하여는 대통령령으로 정한다.
제17조	[]	REGULATION	전자화폐 지급 효력	전자화폐보유자	지급	채무	MANDATORY	제17조(전자화폐에 의한 지급의 효력) 전자화폐보유자가 재화를 구입하거나 용역을 제공받고 그 대금을 수취인과의 합의에 따라 전자화폐로 지급한 때에는 그 대금의 지급에 관한 채무는 변제된 것으로 본다.
제18조	[]	REGULATION	양도성	선불전자지급수단 보유자	양도·담보제공	선불전자지급수단 또는 전자화폐	PERMISSIVE	제18조(전자화폐 등의 양도성) ①선불전자지급수단 보유자 또는 전자화폐 보유자는 발행자와의 약정에 따라 선불전자 지급수단 또는 전자화폐를 타인에게 양도하거나 담보로 제공할 수 있다. ②제1항의 규정에 따라 선불전자지급수단 또는 전자화폐를 양도하거나 담보로 제공하는 경우에는 반드시 발행자의 중앙전산시스템을 경유하여야 한다. 다만, 실지명의가 확인되지 아니하는 선불전자지급수단 또는
제16조제1항	[]	REGULATION	전자화폐	전자화폐	적용되지 않다		PROHIBITIVE	제16조제1항 단 서의 규정에 따른 전자화폐의 경우에는 그러하지 아니한다.
제19조	[]	ACTOR	환급	금융회사 및 전자금융업자	환급	선불전자지급수단 잔액	MANDATORY	제19조(선불전자지급수단의 환급) ①선불전자지급수단을 발행한 금융회사 또는 전자금융업자는 선불전자지급수단보 유자가 선불전자지급수단에 기록된 잔액의 환급을 청구하는 경우에는 미리 약정한 바에 따라 환급하여야 한다. <개 정 2013. 5. 22.> ②금융회사 또는 전자금융업자는 제1항의 규정에 따른 환급과 관련된 약정을 약관에 기재하고, 다음 각 호의 어느 하나에 해당하는 경우에는 선불전자지급수단에 기록된 잔액의 전부를 지급한다는 내용을 약관에 포함시켜야 한다. <개정 2013. 5. 22., 2023. 9. 14.> 1. 천재지변 등의 사유로 가맹점이 재화 또는 용역을 제공하기 곤란하여 선불전자지급수단을 사용하지 못하게 된 경우 2. 선불전자지급수단의 결함으로 가맹점이 재화 또는 용역을 제공하지 못하는 경우 3. 선불전자지급수단에 기록된 잔액이 일정비율 이하인 경우. 이 경우 일정비율은 100분의 20 미만으로 정할 수 없 다. 4. 이용자에게 불리하게 선불전자지급수단을 이용할 수 있는 가맹점을 축소하거나 선불전자지급수단의 이용 조건 을 변경하는 경우. 다만, 가맹점 폐업, 가맹계약기간의 만료, 그 밖에 대통령령으로 정하는 정당한 이유가 있는 경 우는 제외한다.
제20조	[]	REGULATION	전자채권양도		양도	전자채권	MANDATORY	제20조(전자채권양도의 대항요건) ①전자채권의 양도는 다음 각 호의 요건을 모두 갖춘 때에 「민법」
제450조제1항	[]	REGULATION	대항요건		갖추다	대항요건	DEFINITIONAL	제450조제1항의 규정에 따른 대항요건을 갖춘 것으로 본다. <개정 2020. 6. 9.> 1. 양도인의 채권양도의 통지 또는 채무자의 승낙이 「전자서명법」
제2조제2호	[]	DEFINITION	전자서명				DEFINITIONAL	제2조제2호에 따른 전자서명(서명자의 실지명의 를 확인할 수 있는 것을 말한다)을 한 전자문서에 의하여 이루어질 것 2. 제1호의 규정에 따른 통지 또는 승낙이 기재된 전자문서가 전자채권관리기관에 등록될 것 ②제1항의 규정에 따른 통지 또는 승낙이 기재된 전자문서에 「전자서명법」
제18조	[]	REGULATION	시점확인			민법		제18조에 따른 시점확인이 있고 제1항 의 요건을 모두 갖춘 때에 「민법」
제450조제2항	[3, None, 450, 2]	REGULATION	대항요건		본다	대항요건	MANDATORY	제450조제2항의 규정에 따른 대항요건을 갖춘 것으로 본다.<개정 2020. 6. 9.> 제3장 전자금융거래의 안전성 확보 및 이용자 보호
제21조	[]	ACTOR	안전성 확보 의무	금융회사등	안전성을 확보하다	전자금융거래	MANDATORY	제21조(안전성의 확보의무) ①금융회사등은 전자금융거래가 안전하게 처리될 수 있도록 선량한 관리자로서의 주의를 다하여야 한다. <개정 2013. 5. 22., 2020. 5. 19.> ②금융회사등은 전자금융거래의 안전성과 신뢰성을 확보할 수 있도록 전자적 전송이나 처리를 위한 인력, 시설, 전 자적 장치, 소요경비 등의 정보기술부문, 전자금융업무 및 「전자서명법」에 의한 인증서의 사용 등 인증방법에 관하 여 금융위원회가 정하는 기준을 준수하여야 한다.<개정 2008. 2. 29., 2013. 5. 22., 2014. 10. 15.> ③ 금융위원회는 제2항의 기준을 정할 때 특정 기술 또는 서비스의 사용을 강제하여서는 아니 되며, 보안기술과 인 증기술의 공정한 경쟁이 촉진되도록 노력하여야 한다.<개정 2014. 10. 15.> 법제처 10 국가법령정보센터 전자금융거래법 ④ 대통령령으로 정하는 금융회사 및 전자금융업자는 안전한 전자금융거래를 위하여 대통령령으로 정하는 바에 따 라 정보기술부문에 대한 계획을 매년 수립하여 대표자의 확인ㆍ서명을 받아 금융위원회에 제출하여야 한다.<신설 2013. 5. 22.>
제21조의2	[]	ACTOR	정보보호최고책임자 지정	금융회사 또는 전자금융업자	지정	정보보호최고책임자	MANDATORY	제21조의2(정보보호최고책임자 지정) ① 금융회사 또는 전자금융업자는 전자금융업무 및 그 기반이 되는 정보기술부 문 보안을 총괄하여 책임질 정보보호최고책임자를 지정하여야 한다. <개정 2013. 5. 22.> ② 총자산, 종업원 수 등을 감안하여 대통령령으로 정하는 금융회사 또는 전자금융업자는 정보보호최고책임자를 임 원(「상법」
제401조의2제1항제3호	[]	REGULATION	정보보호최고책임자	정보보호최고책임자	겸직할 수 없다	정보기술부문 업무	PROHIBITIVE	제401조의2제1항제3호에 따른 자를 포함한다)으로 지정하여야 한다.<개정 2013. 5. 22.> ③ 총자산, 종업원 수 등을 감안하여 대통령령으로 정하는 금융회사 또는 전자금융업자의 정보보호최고책임자는 제 4항의 업무 외의 다른 정보기술부문 업무를 겸직할 수 없다.<신설 2014. 10. 15.> ④ 제1항에 따른 정보보호최고책임자는 다음 각 호의 업무를 수행한다.<개정 2014. 10. 15.> 1.
제21조제2항	[None, None, 21, 2]	REGULATION	전자금융거래 안정성 확보		수립	전략 및 계획		제21조제2항에 따른 전자금융거래의 안정성 확보 및 이용자 보호를 위한 전략 및 계획의 수립 2. 정보기술부문의 보호 3. 정보기술부문의 보안에 필요한 인력관리 및 예산편성 4. 전자금융거래의 사고 예방 및 조치 5. 그 밖에 전자금융거래의 안정성 확보를 위하여 대통령령으로 정하는 사항 ⑤ 정보보호최고책임자의 자격요건 등에 필요한 사항은 대통령령으로 정한다.<개정 2014. 10. 15.> [본조신설 2011. 11. 14.]
제21조의3	[]	ACTOR	취약점 분석ㆍ평가	금융회사 및 전자금융업자	분석 및 평가	다음 각 호의 사항	MANDATORY	제21조의3(전자금융기반시설의 취약점 분석ㆍ평가) ① 금융회사 및 전자금융업자는 전자금융거래의 안전성과 신뢰성을 확보하기 위하여 전자금융기반시설에 대한 다음 각 호의 사항을 분석ㆍ평가하고 그 결과(「정보통신기반 보호법」
제9조	[]	REGULATION	취약점 분석ㆍ평가	금융회사 및 전자금융업자	보고하다	금융위원회	MANDATORY	제9조에 따른 취약점 분석ㆍ평가를 한 경우에는 그 결과를 금융위원회에 보고하여야 한다. 1. 정보기술부문의 조직, 시설 및 내부통제에 관한 사항 2. 정보기술부문의 전자적 장치 및 접근매체에 관한 사항 3. 전자금융거래의 유지를 위한 침해사고 대응조치에 관한 사항 4. 그 밖에 대통령령으로 정하는 사항 ② 금융회사 및 전자금융업자는 제1항에 따른 전자금융기반시설의 취약점 분석ㆍ평가 결과에 따른 필요한 보완조치의 이행계획을 수립ㆍ시행하여야 한다. ③ 금융위원회는 소속 공무원으로 하여금 제1항에 따른 전자금융기반시설의 취약점 분석ㆍ평가 결과 및 제2항에 따른 보완조치의 이행실태를 점검하게 할 수 있다. ④ 제1항에 따른 전자금융기반시설의 취약점 분석ㆍ평가의 내용 및 절차와 제2항에 따른 이행계획의 수립ㆍ시행, 그 밖에 필요한 사항은 대통령령으로 정한다. [본조신설 2013. 5. 22.]
제21조의4	[]	REGULATION	전자적 침해행위 금지	누구든지	행위		PROHIBITIVE	제21조의4(전자적 침해행위 등의 금지) 누구든지 다음 각 호의 어느 하나에 해당하는 행위를 하여서는 아니 된다. 1. 접근권한을 가지지 아니하는 자가 전자금융기반시설에 접근하거나 접근권한을 가진 자가 그 권한을 넘어 저장된 데이터를 조작ㆍ파괴ㆍ은닉 또는 유출하는 행위 2. 전자금융기반시설에 대하여 데이터를 파괴하거나 전자금융기반시설의 운영을 방해할 목적으로 컴퓨터 바이러스, 논리폭탄 또는 메일폭탄 등의 프로그램을 투입하는 행위 3. 전자금융기반시설의 안정적 운영을 방해할 목적으로 일시에 대량의 신호, 고출력 전자기파 또는 데이터를 보내 거나 부정한 명령을 처리하도록 하는 등의 방법으로 전자금융기반시설에 오류 또는 장애를 발생하게 하는 행위 [본조신설 2013. 5. 22.]
제21조의5	[]	ACTOR	침해사고	금융회사 및 전자금융업자	알리다	금융위원회	MANDATORY	제21조의5(침해사고의 통지 등) ① 금융회사 및 전자금융업자는 전자적 침해행위로 인하여 전자금융기반시설이 교란ㆍ마비되는 등의 사고(이하 “침해사고”라 한다)가 발생한 때에는 금융위원회에 지체 없이 이를 알려야 한다. ② 금융회사 및 전자금융업자는 침해사고가 발생하면 그 원인을 분석하고 피해의 확산을 방지하기 위하여 필요한 조치를 하여야 한다.
제21조의6	[]	ACTOR	침해사고 대응	금융위원회	수행	업무	MANDATORY	제21조의6(침해사고의 대응) ① 금융위원회는 침해사고에 대응하기 위하여 다음 각 호의 업무를 수행한다. 1. 침해사고에 관한 정보의 수집ㆍ전파 2. 침해사고의 예보ㆍ경보 3. 침해사고에 대한 긴급조치 4. 그 밖에 침해사고 대응을 위하여 대통령령으로 정하는 사항 ② 제1항에 따른 업무를 수행하는 데 필요한 절차ㆍ방법 등은 대통령령으로 정한다. [본조신설 2013. 5. 22.]
제22조	[]	ACTOR	전자금융거래기록	금융회사등	생성·보존·파기	전자금융거래기록	MANDATORY	제22조(전자금융거래기록의 생성ㆍ보존 및 파기) ①금융회사등은 전자금융거래의 내용을 추적ㆍ검색하거나 그 내용에 오류가 발생할 경우에 이를 확인하거나 정정할 수 있는 기록(이하 이 조에서 “전자금융거래기록”이라 한다)을 생성 하여 5년의 범위 안에서 대통령령이 정하는 기간동안 보존하여야 한다. <개정 2013. 5. 22., 2014. 10. 15.> ② 금융회사등은 제1항에 따라 보존하여야 하는 기간이 경과하고 금융거래 등 상거래관계가 종료된 경우에는 5년 이내에 전자금융거래기록(「신용정보의 이용 및 보호에 관한 법률」에 따른 신용정보는 제외한다. 이하 이 항에서 같다)을 파기하여야 한다. 다만, 다음 각 호의 경우에는 그러하지 아니하다.<신설 2014. 10. 15.> 1. 다른 법률에 따른 의무를 이행하기 위하여 불가피한 경우 2. 그 밖에 전자금융거래기록을 보관할 필요성이 있는 경우로서 금융위원회가 정하는 경우 ③제1항 및 제2항에 따라 금융회사등이 보존하여야 하는 전자금융거래기록의 종류, 보존방법, 파기절차ㆍ방법 및 상거래관계가 종료된 날의 기준 등은 대통령령으로 정한다.<개정 2013. 5. 22., 2014. 10. 15.> [제목개정 2014. 10. 15.]
제23조	[]	REGULATION	이용한도	금융위원회	제한	한도	PERMISSIVE	제23조(전자지급수단 등의 발행과 이용한도) ① 금융위원회는 전자지급수단의 특성을 감안하여 대통령령이 정하는 바에 따라 금융회사 또는 전자금융업자에게 다음 각 호에 규정된 한도를 제한하거나 그 밖에 필요한 조치를 할 수 있다. <개정 2008. 2. 29., 2013. 5. 22.> 1. 전자화폐 및 선불전자지급수단의 발행권면 최고한도 2. 전자자금이체의 이용한도 3. 직불전자지급수단의 이용한도 ② 금융위원회는 대통령령으로 정하는 바에 따라 금융회사 또는 전자금융업자에게 전자적 장치로부터의 현금 출금 최고한도를 제한하거나 그 밖에 필요한 조치를 할 수 있다.<신설 2013. 5. 22.> [제목개정 2013. 5. 22.]
제24조	[]	ACTOR	약관	금융회사 또는 전자금융업자	명시·교부·설명·게시·통지·해지	약관	MANDATORY	제24조(약관의 명시와 변경통지 등) ①금융회사 또는 전자금융업자는 이용자와 전자금융거래의 계약을 체결함에 있어 서 약관을 명시하여야 하고, 이용자의 요청이 있는 경우에는 금융위원회가 정하는 방법에 따라 그 약관의 사본을 교 부하고 그 약관의 내용을 설명하여야 한다. <개정 2008. 2. 29., 2013. 5. 22.> ②금융회사 또는 전자금융업자는 제1항의 규정을 위반하여 계약을 체결한 때에는 당해 약관의 내용을 계약의 내용 으로 주장할 수 없다.<개정 2013. 5. 22.> ③금융회사 또는 전자금융업자는 약관을 변경하는 때에는 변경되는 약관의 시행일 1월 전에 금융위원회가 정하는 방법에 따라 이를 게시하고 이용자에게 알려야 한다. 다만, 법령의 개정으로 인하여 긴급하게 약관을 변경하는 때에 는 금융위원회가 정하는 방법에 따라 이를 즉시 게시하고 이용자에게 알려야 한다.<개정 2008. 2. 29., 2013. 5. 22.> ④이용자는 제3항의 규정에 따른 약관의 변경내용이 게시되거나 통지된 후부터 변경되는 약관의 시행일 전의 영업 일까지 전자금융거래의 계약을 해지할 수 있다. 전단의 기간 안에 이용자가 약관의 변경내용에 대하여 이의를 제기 하지 아니하는 경우에는 약관의 변경을 승인한 것으로 본다. 법제처 12 국가법령정보센터 전자금융거래법
제25조	[]	REGULATION	약관 제정·변경	금융회사·전자금융업자	보고하다	금융위원회	MANDATORY	제25조(약관의 제정 및 변경) ①금융회사 또는 전자금융업자가 전자금융거래에 관한 약관을 제정하거나 변경하고자 하는 경우에는 미리 금융위원회에 보고하여야 한다. 다만, 이용자의 권익이나 의무에 불리한 영향이 없는 경우로서 금융위원회가 정하는 경우에는 약관의 제정 또는 변경 후 10일 이내에 금융위원회에 보고할 수 있다. <개정 2008. 2. 29., 2013. 5. 22.> ②금융위원회는 건전한 전자금융거래질서를 유지하기 위하여 필요한 경우에는 금융회사 또는 전자금융업자에 대하여 제1항의 규정에 따른 약관의 변경을 권고할 수 있다.<개정 2008. 2. 29., 2013. 5. 22.> ③금융위원회는 제1항의 규정에 따른 약관의 제정 또는 변경에 대한 보고의 시기ㆍ절차 그 밖에 필요한 사항을 정할 수 있다.<개정 2008. 2. 29.> ④제1항 내지 제3항의 규정은
제2조제3호	[None, None, 2, 3]	REGULATION	다목 및 라목의 금융회사		적용하지 않다		PROHIBITIVE	제2조제3호 다목 및 라목의 금융회사에 대하여는 이를 적용하지 아니한다.<개정 2013. 5. 22.>
제25조의2	[]	REGULATION	선불충전금					제25조의2(선불충전금의 보호) ①
제28조제2항제3호	[]	ACTOR	선불충전금	선불업자	관리	선불충전금	MANDATORY	제28조제2항제3호의 업무를 행하기 위하여 같은 조에 따라 금융위원회에 등록한 전 자금융업자(이하 “선불업자”라 한다)는 선불충전금(이용자가 선불전자지급수단 발행의 대가로 선불업자에게 지급한 금액으로서 대금결제, 양도, 환급 등에 사용한 금액을 차감한 잔액을 말한다. 이하 같다)의 100분의 50 이상에 해당 하는 금액으로서 대통령령으로 정하는 금액을 은행 등 대통령령으로 정하는 금융회사(이하 “선불충전금관리기관”이라 한다)를 통하여 다음 각 호의 어느 하나에 해당하는 방법으로 관리(이하 “별도관리”라 한다)하여야 한다. 1. 신탁 2. 예치 3. 대통령령으로 정하는 방법에 따른 지급보증보험 ② 선불업자는 별도관리하지 아니하는 선불충전금과 제1항제3호에 따라 지급보증보험을 가입한 선불충전금을 직접 운용할 수 있다. ③ 제1항에 따라 선불충전금을 별도관리하는 선불충전금관리기관과 제2항에 따라 선불충전금을 직접 운용하는 선불업자는 대통령령으로 정하는 안전한 방법으로 선불충전금을 운용하여야 한다. ④ 선불업자는 제1항에 따라 별도관리하는 선불충전금이 이용자의 재산이라는 뜻을 밝혀야 한다. ⑤ 누구든지 제1항에 따라 별도관리하는 선불충전금을 상계 또는 압류(가압류를 포함한다)하여서는 아니 된다. ⑥ 선불업자는 합병 또는 영업양도 등 대통령령으로 정하는 경우 외에는 제1항에 따라 별도관리하는 선불충전금을 양도하거나 담보로 제공하여서는 아니 된다. ⑦ 선불충전금관리기관은 선불업자가 다음 각 호의 어느 하나에 해당하게 된 경우에는 별도관리하는 선불충전금을 이용자의 청구에 따라 해당 이용자에게 우선하여 지급하여야 한다. 이 경우 이용자의 청구 방법 등 필요한 절차에 대해서는 대통령령으로 정한다. 1. 허가 또는 등록이 취소되거나 말소된 경우 2. 해산의 결의를 한 경우 3. 파산선고를 받은 경우 및 그 밖에 이와 유사한 경우로서 대통령령으로 정하는 경우 4.
제43조제2항	[]	REGULATION	선불충전금 관리	선불충전금관리기관	통지	그 사실	MANDATORY	제43조제2항에 따라 전자금융업무 전부의 정지명령을 받은 경우 5. 그 밖에 제1호부터 제4호까지에 준하는 사유가 발생한 경우 ⑧ 제7항 각 호의 어느 하나에 해당하는 사유가 발생한 경우 해당 선불업자 등 그 사실을 알게 된 자로서 대통령령 으로 정하는 자는 선불충전금관리기관 등 대통령령으로 정하는 자에게 그 사실을 즉시 통지하여야 한다. ⑨ 선불충전금관리기관은 그 선불충전금관리기관이 제7항제2호 또는 제3호에 해당하게 된 경우에는 별도관리하는 선불충전금을 선불업자에게 우선하여 지급하여야 한다. 이 경우 선불업자는 대통령령으로 정하는 기간 내에 선불충 전금을 제1항에 따라 다른 선불충전금관리기관을 통하여 다시 별도관리하여야 한다. ⑩ 선불충전금을 별도관리한 선불업자는 선불충전금관리기관이 제7항에 따라 선불충전금을 이용자에게 지급하여 야 하는 경우 해당 이용자에 관한 정보로서 다음 각 호의 정보를 선불충전금관리기관에 제공할 수 있다. 1. 이용자를 식별할 수 있는 정보 법제처 13 국가법령정보센터 전자금융거래법 2. 이용자에게 지급하여야 할 선불충전금에 관한 정보 3. 그 밖에 제1호 및 제2호와 유사한 정보로서 이용자의 청구에 응하는 데 필요하다고 인정되어 대통령령으로 정하 는 정보 ⑪ 선불충전금에 관한 청구권을 가지는 이용자, 그 청구권의 양수인, 그 밖에 대통령령으로 정하는 자는 선불업자가 선불충전금으로 별도관리하는 재산에 대하여 다른 채권자보다 우선하여 그 청구권에 관한 금액을 변제받을 권리가 있다. ⑫ 금융위원회는 이 조에 따른 선불충전금의 관리 상황을 분기별로 점검하여야 한다. ⑬ 별도관리하여야 하는 선불충전금의 범위 및 산정방법, 별도관리의 기준 및 방법, 선불충전금 관리 상황 점검 방 식, 그 밖에 선불충전금의 관리에 필요한 사항은 대통령령으로 정한다. [본조신설 2023. 9. 14.]
제25조의2	[]		선불충전금					제25조의2(선불충전금의 보호) ①
제28조제2항제3호	[]	REGULATION	선불충전금 관리	선불업자	관리	선불충전금	MANDATORY	제28조제2항제3호의 업무를 행하기 위하여 같은 조에 따라 금융위원회에 등록한 전 자금융업자(이하 “선불업자”라 한다)는 선불충전금(이용자가 선불전자지급수단 발행의 대가로 선불업자에게 지급한 금액으로서 대금결제, 양도, 환급 등에 사용한 금액을 차감한 잔액을 말한다. 이하 같다)의 100분의 50 이상에 해당 하는 금액으로서 대통령령으로 정하는 금액을 은행 등 대통령령으로 정하는 금융회사(이하 “선불충전금관리기관”이라 한다)를 통하여 다음 각 호의 어느 하나에 해당하는 방법으로 관리(이하 이 조,
제36조의2	[]							제36조의2,
제42조의2	[]							
제49조	[]							제49조 및
제51조	[]	REGULATION	별도관리	선불업자	별도관리하다	선불충전금	MANDATORY	제51조에서 “별도관리”라 한다)하고, 선불전자지급수단을 이용한 전자지급거래 외의 다른 목적으로 사용하여서는 아니 된다. <개정 2025. 12. 16.> 1. 신탁 2. 예치 3. 대통령령으로 정하는 방법에 따른 지급보증보험 ② 선불업자는 별도관리하지 아니하는 선불충전금과 제1항제3호에 따라 지급보증보험을 가입한 선불충전금을 직접 운용할 수 있다. ③ 제1항에 따라 선불충전금을 별도관리하는 선불충전금관리기관과 제2항에 따라 선불충전금을 직접 운용하는 선불업자는 대통령령으로 정하는 안전한 방법으로 선불충전금을 운용하여야 한다. ④ 선불업자는 제1항에 따라 별도관리하는 선불충전금이 이용자의 재산이라는 뜻을 밝혀야 한다. ⑤ 누구든지 제1항에 따라 별도관리하는 선불충전금을 상계 또는 압류(가압류를 포함한다)하여서는 아니 된다. ⑥ 선불업자는 합병 또는 영업양도 등 대통령령으로 정하는 경우 외에는 제1항에 따라 별도관리하는 선불충전금을 양도하거나 담보로 제공하여서는 아니 된다. ⑦ 선불충전금관리기관은 선불업자가 다음 각 호의 어느 하나에 해당하게 된 경우에는 별도관리하는 선불충전금을 이용자의 청구에 따라 해당 이용자에게 우선하여 지급하여야 한다. 이 경우 이용자의 청구 방법 등 필요한 절차에 대해서는 대통령령으로 정한다. 1. 허가 또는 등록이 취소되거나 말소된 경우 2. 해산의 결의를 한 경우 3. 파산선고를 받은 경우 및 그 밖에 이와 유사한 경우로서 대통령령으로 정하는 경우 4.
제43조제2항	[]	REGULATION	선불충전금 관리	선불충전금관리기관	통지하다	그 사실	MANDATORY	제43조제2항에 따라 전자금융업무 전부의 정지명령을 받은 경우 5. 그 밖에 제1호부터 제4호까지에 준하는 사유가 발생한 경우 ⑧ 제7항 각 호의 어느 하나에 해당하는 사유가 발생한 경우 해당 선불업자 등 그 사실을 알게 된 자로서 대통령령 으로 정하는 자는 선불충전금관리기관 등 대통령령으로 정하는 자에게 그 사실을 즉시 통지하여야 한다. ⑨ 선불충전금관리기관은 그 선불충전금관리기관이 제7항제2호 또는 제3호에 해당하게 된 경우에는 별도관리하는 선불충전금을 선불업자에게 우선하여 지급하여야 한다. 이 경우 선불업자는 대통령령으로 정하는 기간 내에 선불충 전금을 제1항에 따라 다른 선불충전금관리기관을 통하여 다시 별도관리하여야 한다. ⑩ 선불충전금을 별도관리한 선불업자는 선불충전금관리기관이 제7항에 따라 선불충전금을 이용자에게 지급하여 야 하는 경우 해당 이용자에 관한 정보로서 다음 각 호의 정보를 선불충전금관리기관에 제공할 수 있다. 법제처 14 국가법령정보센터 전자금융거래법 1. 이용자를 식별할 수 있는 정보 2. 이용자에게 지급하여야 할 선불충전금에 관한 정보 3. 그 밖에 제1호 및 제2호와 유사한 정보로서 이용자의 청구에 응하는 데 필요하다고 인정되어 대통령령으로 정하 는 정보 ⑪ 선불충전금에 관한 청구권을 가지는 이용자, 그 청구권의 양수인, 그 밖에 대통령령으로 정하는 자는 선불업자가 선불충전금으로 별도관리하는 재산에 대하여 다른 채권자보다 우선하여 그 청구권에 관한 금액을 변제받을 권리가 있다. ⑫ 금융위원회는 이 조에 따른 선불충전금의 관리 상황을 분기별로 점검하여야 한다. ⑬ 별도관리하여야 하는 선불충전금의 범위 및 산정방법, 별도관리의 기준 및 방법, 선불충전금 관리 상황 점검 방 식, 그 밖에 선불충전금의 관리에 필요한 사항은 대통령령으로 정한다. [본조신설 2023. 9. 14.] [시행일: 2026. 12. 17.]
제25조의2	[]							
제25조의3	[]	ACTOR	고지의무	선불업자	고지	선불충전금 보호조치	MANDATORY	제25조의3(선불충전금 보호조치의 고지의무) ① 선불업자는
제25조의2	[]	PROCEDURE	선불충전금 보호조치		고지	이용자	MANDATORY	제25조의2에 따른 선불충전금 보호조치의 내용을 이용자에게 고지하여야 한다. ② 제1항에 따른 고지 내용의 세부사항 및 고지 방법에 관하여 필요한 사항은 대통령령으로 정한다.
제25조의4	[]	REGULATION	정산대상금액의 보호					제25조의4(정산대상금액의 보호) ①
제28조제2항제4호	[None, None, 28, 2]	DEFINITION	정산대상금액	전자지급결제대행업자	관리	정산대상금액	DEFINITIONAL	제28조제2항제4호의 업무를 행하기 위하여 같은 항에 따라 금융위원회에 등록한 전자금융업자(이하 “전자지급결제대행업자”라 한다)는 정산대상금액[전자지급결제대행 또는 이용자에 대한 환불(다른 금융회사나 전자금융업자 등에게 지급하거나 환불하는 경우를 포함한다)을 위하여 일시적으로 보유ㆍ관리하는 자금을 말한다. 이하 같다]의 전액에 해당하는 금액을 은행 등 대통령령으로 정하는 금융회사(이하 “정산자금관리기관”이라 한다)를 통하여 다음 각 호의 어느 하나에 해당하는 방법으로 관리(이하 이 조,
제42조의2	[]							제42조의2,
제49조	[]							제49조 및
제51조	[]	REGULATION	외부관리	전자지급결제대행업자	운용하다	정산대상금액	MANDATORY	제51조 에서 “외부관리”라 한다)하고, 전자지급결제대행 외의 다른 목적으로 사용하여서는 아니 된다. 1. 신탁 2. 예치 3. 대통령령으로 정하는 방법에 따른 지급보증보험 ② 전자지급결제대행업자는 제1항제3호에 따라 지급보증보험에 가입한 정산대상금액을 직접 운용할 수 있다. ③ 제1항에 따라 정산대상금액을 외부관리하는 정산자금관리기관과 제2항에 따라 정산대상금액을 직접 운용하는 전자지급결제대행업자는 대통령령으로 정하는 안전한 방법으로 정산대상금액을 운용하여야 한다. ④ 누구든지 제1항에 따라 외부관리하는 정산대상금액을 상계하거나 압류 또는 가압류하여서는 아니 된다. ⑤ 전자지급결제대행업자는 합병 또는 영업양도 등 대통령령으로 정하는 경우 외에는 제1항에 따라 외부관리하는 정산대상금액을 양도하거나 담보로 제공하여서는 아니 된다. ⑥ 정산자금관리기관은 전자지급결제대행업자가 다음 각 호의 어느 하나에 해당하게 된 경우에는 외부관리하는 정산대상금액을 그에 대한 청구권을 가지는 판매자(재화 또는 용역을 제공하는 자를 말한다), 이용자, 그 청구권의 양수인 또는 대통령령으로 정하는 청구권자(이하 “판매자등”이라 한다)의 청구에 따라 해당 판매자등에게 우선하여 지급하여야 한다. 이 경우 판매자등의 청구 방법 등 필요한 절차에 대해서는 대통령령으로 정한다. 1. 허가 또는 등록이 취소되거나 말소된 경우 2. 해산의 결의를 한 경우 3. 파산선고를 받은 경우 및 그 밖에 이와 유사한 경우로서 대통령령으로 정하는 경우 4.
제43조제2항	[]	REGULATION	정산대금 관리	대통령령으로 정하는 자	통지하다	정산자금관리기관	MANDATORY	제43조제2항에 따라 전자금융업무 전부의 정지명령을 받은 경우 5. 그 밖에 제1호부터 제4호까지에 준하는 사유가 발생한 경우 ⑦ 제6항 각 호의 어느 하나에 해당하는 사유가 발생한 경우 해당 전자지급결제대행업자 등 그 사실을 알게 된 자 로서 대통령령으로 정하는 자는 정산자금관리기관 등 대통령령으로 정하는 자에게 그 사실을 즉시 통지하여야 한 다. 법제처 15 국가법령정보센터 전자금융거래법 ⑧ 정산자금관리기관은 그 정산자금관리기관이 제6항제2호 또는 제3호에 해당하게 된 경우에는 외부관리하는 정 산대상금액을 전자지급결제대행업자에게 우선하여 지급하여야 한다. 이 경우 전자지급결제대행업자는 대통령령으 로 정하는 기간 내에 정산대상금액을 제1항에 따라 다른 정산자금관리기관을 통하여 다시 외부관리하여야 한다. ⑨ 정산대상금액을 외부관리한 전자지급결제대행업자는 정산자금관리기관이 제6항에 따라 정산대상금액을 판매자 등에게 지급하여야 하는 경우 해당 판매자등에 관한 정보로서 다음 각 호의 정보를 정산자금관리기관에 제공할 수 있다. 1. 판매자등을 식별할 수 있는 정보 2. 판매자등에게 지급하여야 할 정산대상금액에 관한 정보 3. 그 밖에 제1호 및 제2호와 유사한 정보로서 판매자등의 청구에 응하는 데 필요하다고 인정되어 대통령령으로 정 하는 정보 ⑩ 정산대상금액에 대한 청구권을 가지는 판매자등은 전자지급결제대행업자가 정산대상금액으로 외부관리하는 재 산에 대하여 다른 채권자보다 우선하여 그 청구권에 관한 금액을 변제받을 권리가 있다. ⑪ 금융위원회는 이 조에 따른 정산대상금액의 관리 상황을 분기별로 점검하여야 한다. ⑫ 외부관리하여야 하는 정산대상금액의 범위 및 산정방법, 외부관리의 기준 및 방법, 정산대상금액의 관리 상황 점 검 방식, 그 밖에 정산대상금액의 관리에 필요한 사항은 대통령령으로 정한다. [본조신설 2025. 12. 16.] [시행일: 2026. 12. 17.]
제25조의4	[]							
제25조의5	[]	ACTOR	고지의무	전자지급결제대행업자	고지	정산대상금액 보호조치	MANDATORY	제25조의5(정산대상금액 보호조치의 고지의무) ① 전자지급결제대행업자는 전자지급결제대행 계약을 체결하는 경우에
제25조의4	[]	REGULATION	고지		고지	정산대상금액 보호조치의 내용	MANDATORY	제25조의4에 따른 정산대상금액 보호조치의 내용을 계약 상대방에게 고지하여야 한다. ② 제1항에 따른 고지 내용의 세부사항 및 고지 방법에 관하여 필요한 사항은 대통령령으로 정한다. [본조신설 2025. 12. 16.] [시행일: 2026. 12. 17.]
제25조의5	[]							
제26조	[]	REGULATION	전자금융거래정보	알게 된 자	제공·누설·사용	전자금융거래정보	PROHIBITIVE	제26조(전자금융거래정보의 제공 등) 전자금융거래와 관련한 업무를 수행함에 있어서 다음 각 호의 어느 하나에 해당 하는 사항을 알게 된 자는 이용자의 동의를 얻지 아니하고 이를 타인에게 제공ㆍ누설하거나 업무상 목적 외에 사용 하여서는 아니된다. 다만, 「금융실명거래 및 비밀보장에 관한 법률」
제4조제1항	[]	REGULATION	예외		적용하지 않다	다른 법률	MANDATORY	제4조제1항 단서의 규정에 따른 경우 그 밖에 다른 법률에서 정하는 바에 따른 경우에는 그러하지 아니하다. 1. 이용자의 인적 사항 2. 이용자의 계좌, 접근매체 및 전자금융거래의 내용과 실적에 관한 정보 또는 자료
제27조	[4, None, 27, None]	ACTOR	분쟁처리 및 분쟁조정	금융회사 또는 전자금융업자	절차를 마련	절차	MANDATORY	제27조(분쟁처리 및 분쟁조정) ①금융회사 또는 전자금융업자는 대통령령이 정하는 바에 따라 전자금융거래와 관련하여 이용자가 제기하는 정당한 의견이나 불만을 반영하고 이용자가 전자금융거래에서 입은 손해를 배상하기 위한 절차를 마련하여야 한다. <개정 2013. 5. 22.> ②이용자는 전자금융거래의 처리에 관하여 이의가 있을 때에는 제1항에서 정한 절차에 따라 손해배상 등 분쟁처리를 요구하거나 금융감독원 또는 한국소비자원 등을 통하여 분쟁조정을 신청할 수 있다.<개정 2013. 5. 22.> ③제1항 및 제2항의 규정에 따른 분쟁처리 및 분쟁조정의 신청을 위한 구체적인 절차와 방법 등은 대통령령으로 정한다. ④금융회사 또는 전자금융업자는 전자금융거래의 계약을 체결하는 때에는 제1항 내지 제3항의 규정에 따른 절차를 명시하여야 한다.<개정 2013. 5. 22.> 제4장 전자금융업의 허가와 등록 및 업무
제28조	[]	ACTOR	전자금융업 허가·등록	전자금융업자	허가받다·등록하다	금융위원회	MANDATORY	제28조(전자금융업의 허가와 등록) ①전자화폐의 발행 및 관리업무를 행하고자 하는 자는 금융위원회의 허가를 받아야 한다. 다만, 「은행법」에 따른 은행 그 밖에 대통령령이 정하는 금융회사는 그러하지 아니하다. <개정 2008. 2. 29., 법제처 16 국가법령정보센터 전자금융거래법 2010. 5. 17., 2013. 5. 22.> ②다음 각 호의 업무를 행하고자 하는 자는 금융위원회에 등록하여야 한다. 다만, 「은행법」에 따른 은행 그 밖에 대 통령령이 정하는 금융회사는 그러하지 아니하다.<개정 2008. 2. 29., 2010. 5. 17., 2013. 5. 22.> 1. 전자자금이체업무 2. 직불전자지급수단의 발행 및 관리 3. 선불전자지급수단의 발행 및 관리 4. 전자지급결제대행에 관한 업무 5. 그 밖에 대통령령이 정하는 전자금융업무 ③제2항의 규정에 불구하고 다음 각 호의 어느 하나에 해당하는 자는 금융위원회에 등록하지 아니하고 같은 항 각 호의 업무를 행할 수 있다.<개정 2008. 2. 29., 2023. 9. 14.> 1. 다음 각 목의 어느 하나의 경우에 해당하는 선불전자지급수단을 발행하는 자 가. 하나의 가맹점(가맹점의 사업주가 동일한 경우로 한정한다)에서만 사용되는 선불전자지급수단을 발행하는 자 나. 선불전자지급수단의 발행잔액 및 연간 총발행액(두 종류 이상의 선불전자지급수단을 발행한 경우 각각의 발 행잔액 및 총발행액을 합산한 금액을 말한다)이 대통령령으로 정하는 금액 미만인 자 다. 이용자가 미리 직접 대가를 지불하지 아니한 선불전자지급수단으로서 이용자에게 저장된 금전적 가치에 대한 책임을 이행하기 위하여 대통령령이 정하는 방법에 따라 상환보증보험 등에 가입한 경우 2. 자금이동에 직접 관여하지 아니하고 전자지급거래의 전자적 처리를 위한 정보만을 전달하는 업무 등 대통령령이 정하는 전자지급결제대행에 관한 업무를 수행하는 자 ④제3항제1호 다목의 규정에 따라 등록이 면제된 선불전자지급수단을 발행하는 자에 대하여는
제4조	[]							
제19조	[]							제 19조는 제외한다) 및 제3장(
제21조제4항	[]							
제21조의2	[]							제21조의2,
제21조의3	[]							제21조의3,
제23조	[]							제23조 및
제25조	[]	REGULATION	제외	제25조	제외한다		MANDATORY	제25조는 제외한다),
제37조	[]							제37조,
제38조	[]							
제39조제1항ㆍ제6항	[]							제 39조제1항ㆍ제6항
제41조제1항	[None, None, 41, 1]							제41조제1항
제43조제2항ㆍ제3항	[]							제43조제2항ㆍ제3항
제46조	[]							제46조,
제46조의2	[]							제46조의2 및
제47조	[]	REGULATION	전자금융업자에 관한 규정		준용	전자금융업자에 관한 규정	MANDATORY	제47조의 전자금융업자에 관한 규정을 준용한다. 다만, 소속 임직원의 위법ㆍ부당한 행위로 지급불능 상태가 되는 등 대통령령이 정하는 금융사고가 발생하는 경우에는
제25조	[]							제25조,
제39조제2항 내지 제5항	[]							제39조제2항 내지 제5항 및
제40조제2항ㆍ제3항	[]	REGULATION	조건 부여	금융위원회	조건을 붙이다	허가	PERMISSIVE	제40조제2항ㆍ제3항을 준용한다.<개정 2013. 5. 22., 2014. 10. 15.> ⑤금융위원회는 제1항의 규정에 따른 허가에 조건을 붙일 수 있다.<개정 2008. 2. 29.>
제28조	[]	REGULATION	전자금융업 허가 및 등록	전자금융업자	허가받다·등록하다	금융위원회	MANDATORY	제28조(전자금융업의 허가와 등록) ①전자화폐의 발행 및 관리업무를 행하고자 하는 자는 금융위원회의 허가를 받아야 한다. 다만, 「은행법」에 따른 은행 그 밖에 대통령령이 정하는 금융회사는 그러하지 아니하다. <개정 2008. 2. 29., 2010. 5. 17., 2013. 5. 22.> ②다음 각 호의 업무를 행하고자 하는 자는 금융위원회에 등록하여야 한다. 다만, 「은행법」에 따른 은행 그 밖에 대통령령이 정하는 금융회사는 그러하지 아니하다.<개정 2008. 2. 29., 2010. 5. 17., 2013. 5. 22.> 1. 전자자금이체업무 2. 직불전자지급수단의 발행 및 관리 3. 선불전자지급수단의 발행 및 관리 4. 전자지급결제대행에 관한 업무 5. 그 밖에 대통령령이 정하는 전자금융업무 ③제2항의 규정에 불구하고 다음 각 호의 어느 하나에 해당하는 자는 금융위원회에 등록하지 아니하고 같은 항 각 호의 업무를 행할 수 있다.<개정 2008. 2. 29., 2023. 9. 14.> 1. 다음 각 목의 어느 하나의 경우에 해당하는 선불전자지급수단을 발행하는 자 가. 하나의 가맹점(가맹점의 사업주가 동일한 경우로 한정한다)에서만 사용되는 선불전자지급수단을 발행하는 자 나. 선불전자지급수단의 발행잔액 및 연간 총발행액(두 종류 이상의 선불전자지급수단을 발행한 경우 각각의 발 행잔액 및 총발행액을 합산한 금액을 말한다)이 대통령령으로 정하는 금액 미만인 자 다. 이용자가 미리 직접 대가를 지불하지 아니한 선불전자지급수단으로서 이용자에게 저장된 금전적 가치에 대한 책임을 이행하기 위하여 대통령령이 정하는 방법에 따라 상환보증보험 등에 가입한 경우 ④제3항제1호 다목의 규정에 따라 등록이 면제된 선불전자지급수단을 발행하는 자에 대하여는
제4조	[2, None, 4, None]							제4조, 제2장(
제19조	[]	REGULATION	제외		제외		MANDATORY	제 19조는 제외한다) 및 제3장(
제21조제4항	[]							제21조제4항,
제21조의2	[]							제21조의2,
제21조의3	[]							제21조의3,
제23조	[]							제23조 및
제25조	[]	REGULATION	제외	제25조	제외한다		MANDATORY	제25조는 제외한다),
제37조	[]							제37조,
제38조	[]							제38조,
제39조제1항ㆍ제6항	[]							제 39조제1항ㆍ제6항
제41조제1항	[]							
제43조제2항ㆍ제3항	[]							
제46조	[]							제46조
제46조의2	[]							
제47조	[]	REGULATION	금융사고	임직원	발생	금융사고		제47조의 전자금융업자에 관한 규정을 준용한다. 다만, 소속 임직원의 위법ㆍ부당한 행위로 지급불능 상태가 되는 등 대통령령이 정하는 금융사고가 발생하는 경우에는
제25조	[]							제25조,
제39조제2항 내지 제5항	[]							
제40조제2항ㆍ제3항	[]	ACTOR	조건 부여	금융위원회	붙일 수 있다	조건	PERMISSIVE	제40조제2항ㆍ제3항을 준용한다.<개정 2013. 5. 22., 2014. 10. 15.> ⑤금융위원회는 제1항의 규정에 따른 허가에 조건을 붙일 수 있다.<개정 2008. 2. 29.> [시행일: 2026. 12. 17.]
제28조	[]							제28조
제29조	[]	REGULATION	전자채권관리기관 등록	자	등록	금융위원회	MANDATORY	제29조(전자채권관리기관의 등록) ①전자채권의 등록 및 관리업무를 행하고자 하는 자는 금융위원회에 등록하여야 한다. <개정 2008. 2. 29.> ②
제21조	[]							제21조,
제22조	[]							
제39조	[]							
제41조	[]							제41조 및
제43조	[]	REGULATION	전자채권 관리	전자채권관리기관	등록 및 관리업무 수행	전자채권	MANDATORY	제43조의 규정은 제1항의 규정에 따라 전자채권의 등록 및 관리업무를 행하 기 위하여 등록한 전자채권관리기관에 대하여 이를 준용한다. ③전자채권관리기관의 전자채권 등록에 관한 절차와 방법 그 밖에 필요한 사항은 대통령령으로 정한다.
제30조	[]	DEFINITION	자본금				DEFINITIONAL	제30조(자본금) ①
제28조제1항	[]	REGULATION	자본금	자	이어야	자본금	MANDATORY	제28조제1항의 규정에 따라 허가를 받고자 하는 자는 주식회사로서 자본금이 50억원 이상이어야 한다.
제28조	[]	REGULATION	등록 자격	자	해당한다	자본금 또는 출자총액	MANDATORY	제28조제2항제1호부터 제3호까지의 규정에 따라 등록할 수 있는 자는 다음 각 호의 어느 하나에 해당하는 자로 하되, 업무의 종류별로 자본금 또는 출자총액이 20억원 이상으로서 대통령령으로 정하는 금액 이상이어야 한다.<개정 2013. 5. 22.> 1. 「상법」
제170조	[]	DEFINITION	특별법에 따라 설립된 법인				DEFINITIONAL	제170조에서 정한 회사 2. 특별법에 따라 설립된 법인(해당 법률에서 정한 업무를 수행하기 위하여 행하는
제28조제2항제3호	[None, None, 28, 2]	REGULATION	선불전자지 급수단		한정한다	발행 및 관리업무	MANDATORY	제28조제2항제3호의 선불전자지 급수단의 발행 및 관리업무로 한정한다) ③
제28조제2항제4호ㆍ제5호	[]							제28조제2항제4호ㆍ제5호
제29조	[]	ACTOR	등록	자	등록	상법	DEFINITIONAL	제29조의 규정에 따라 등록할 수 있는 자는 「상법」
제170조	[]	DEFINITION	회사				DEFINITIONAL	제170조에서 정한 회사 또는 「 민법」
제32조	[]	REGULATION	자본금·출자총액·기본재산	법인	이상이어야 한다	금액	MANDATORY	제32조에서 정한 법인으로서 업무의 종류별로 자본금ㆍ출자총액 또는 기본재산이 다음 각 호의 구분에 따른 금액 이상이어야 한다.<개정 2016. 3. 29.> 1. 분기별 전자금융거래 총액이 30억원 이하의 범위에서 금융위원회가 정하는 기준 이하로 운영하고자 하는 자
제29조	[]	REGULATION	제외	자	제외		MANDATORY	제 29조에 따라 등록을 하고자 하는 자는 제외한다): 3억원 이상으로 대통령령으로 정하는 금액 2. 제1호 외의 자: 5억원 이상으로 대통령령으로 정하는 금액 ④ 제3항제1호에 해당하는 자가
제28조	[]	REGULATION	자본금요건	등록자	신고	금융위원회	MANDATORY	제28조에 따라 등록을 한 후 2분기 이상 계속하여 제3항제1호의 금융위원회가 정 하는 기준을 초과하는 경우에는 그 내용을 금융위원회에 신고하고 금융위원회가 정하는 기한 내에 제3항제2호에서 정하는 자본금요건을 갖추어야 한다.<신설 2016. 3. 29.>
제30조	[]	DEFINITION	자본금				DEFINITIONAL	제30조(자본금) ①
제28조제2항	[]	REGULATION	자본금 요건	자	이상이어야	자본금	MANDATORY	제28조제1항의 규정에 따라 허가를 받고자 하는 자는 주식회사로서 자본금이 50억원 이상이어야 한다. ②
제28조제2항제1호부터 제3호까지	[]	REGULATION	등록 자격	자	해당하다	각 호	MANDATORY	제28조제2항제1호부터 제3호까지의 규정에 따라 등록할 수 있는 자는 다음 각 호의 어느 하나에 해당하는 자로 하되, 업무의 종류별로 자본금 또는 출자총액이 20억원 이상으로서 대통령령으로 정하는 금액 이상이어야 한다.<개 정 2013. 5. 22.> 1. 「상법」
제170조	[]	DEFINITION	특별법에 따라 설립된 법인				DEFINITIONAL	제170조에서 정한 회사 2. 특별법에 따라 설립된 법인(해당 법률에서 정한 업무를 수행하기 위하여 행하는
제28조제2항제3호	[None, None, 28, 2]	REGULATION	선불전자지 급수단		한정한다	발행 및 관리업무	PROHIBITIVE	제28조제2항제3호의 선불전자지 급수단의 발행 및 관리업무로 한정한다) ③
제28조제2항제4호ㆍ제5호	[]							제28조제2항제4호ㆍ제5호
제29조	[]	DEFINITION	등록할 수 있는 자				DEFINITIONAL	제29조의 규정에 따라 등록할 수 있는 자는 「상법」
제170조	[]	DEFINITION	회사				DEFINITIONAL	제170조에서 정한 회사 또는 「 민법」
제32조	[]	REGULATION	자본금	법인	이상이어야	금액	MANDATORY	제32조에서 정한 법인으로서 업무의 종류별로 자본금ㆍ출자총액 또는 기본재산이 다음 각 호의 구분에 따른 금액 이상이어야 한다.<개정 2016. 3. 29., 2025. 12. 16.> 법제처 18 국가법령정보센터 전자금융거래법 1. 분기별 전자금융거래 총액(금융위원회가 정하는 기준에 따라 산정한 금액을 말한다. 이하 같다)을 30억원 이하의 범위에서 운영하려는 자
제29조	[]	REGULATION	제외	자	제외한다		MANDATORY	제29조에 따라 등록을 하고자 하는 자는 제외한다): 3억원 이상으로 대통령령으로 정하 는 금액 2. 분기별 전자금융거래 총액을 30억원 초과 300억원 이하의 범위에서 운영하려는 자(
제29조	[]	REGULATION	제외	자	제외		MANDATORY	제29조에 따라 전자채권관리 기관으로 등록하려는 자는 제외한다): 5억원 이상으로 대통령령으로 정하는 금액 3. 분기별 전자금융거래 총액을 300억원을 초과하여 운영하려는 자 및
제29조	[]	DEFINITION	전자채권관리기관 등록 요건	자	등록	전자채권관리기관	DEFINITIONAL	제29조에 따라 전자채권관리기관으로 등록 하려는 자: 10억원 이상으로 대통령령으로 정하는 금액 ④ 제3항제1호 또는 제2호에 해당하는 자가
제28조	[]	REGULATION	전자금융거래 총액 초과 시 신고 및 자본·출자·기본재산 요건 충족	등록자	신고	금융위원회	MANDATORY	제28조에 따라 등록을 한 후 2분기 이상 계속하여 분기별 전자금융거래 총액이 제3항제1호 또는 제2호의 기준을 초과하는 경우에는 그 내용을 금융위원회에 신고하고 금융위원회가 정 하는 기한 내에 같은 항 각 호의 구분에 따른 자본금ㆍ출자총액 또는 기본재산 요건을 갖추어야 한다.<신설 2016. 3. 29., 2025. 12. 16.> [시행일: 2026. 12. 17.]
제30조	[]							
제31조	[]	REGULATION	허가 및 등록 요건					제31조(허가 및 등록의 요건) ①
제28조	[]							제28조 및
제29조	[]	REGULATION	요건	자	갖추다	요건	MANDATORY	제29조의 규정에 따라 허가를 받거나 등록을 하고자 하는 자는 다음 각 호의 요건을 모두 갖추어야 한다. 제4호 및 제5호는 허가의 경우에 한한다. 1.
제30조	[]	REGULATION	요건		보유	자본금 및 기본재산	MANDATORY	제30조의 규정에 의한 자본금 또는 기본재산을 보유할 것 2. 이용자의 보호가 가능하고 행하고자 하는 업무를 수행함에 있어서 충분한 전문인력과 전산설비 등 물적 시설을 갖추고 있을 것 3. 대통령령이 정하는 재무건전성 기준을 충족할 것 4. 사업계획이 타당하고 건전할 것 5. 대통령령이 정하는 주요출자자가 충분한 출자능력, 건전한 재무상태 및 사회적 신용을 갖추고 있을 것 ②제1항의 규정에 따른 허가 및 등록의 세부요건에 관하여 필요한 사항은 금융위원회가 정한다.<개정 2008. 2. 29.>
제32조	[]	REGULATION	허가와 등록의 결격사유	자				제32조(허가와 등록의 결격사유) 다음 각 호의 어느 하나에 해당하는 자는
제28조	[]							제28조 및
제29조	[]	REGULATION	허가 및 등록 금지		받다·등록하다	허가·등록	PROHIBITIVE	제29조의 규정에 따른 허가를 받거나 등록을 할 수 없다. <개정 2008. 2. 29.> 1.
제34조	[]	DEFINITION	등록이 말소된 법인 및 대주주				DEFINITIONAL	제34조의 규정에 따라 등록이 말소된 날부터 1년이 지나지 아니한 법인 및 그 등록이 말소될 당시 그 법인의 대 주주(대통령령이 정하는 출자자를 말한다. 이하 같다)이었던 자로서 그 말소된 날부터 1년이 지나지 아니한 자 2.
제43조제1항	[]	REGULATION	제한 대상				PROHIBITIVE	제43조제1항의 규정에 따른 허가 또는 등록의 취소가 있은 날부터 3년이 지나지 아니한 법인 및 그 취소 당시 그 법인의 대주주이었던 자로서 그 취소가 있은 날부터 3년이 지나지 아니한 자 3. 「채무자 회생 및 파산에 관한 법률」에 따른 회생절차 중에 있는 회사 및 그 회사의 대주주 4. 금융거래 등 상거래에 있어서 약정한 기일 내에 채무를 변제하지 아니한 자로서 금융위원회가 정하는 자 5. 허가 또는 등록 신청일을 기준으로 최근 3년간 대통령령이 정하는 금융관계법령을 위반하여 벌금형 이상의 처벌 을 받은 사실이 있는 자 6. 제1호 내지 제5호에 해당하는 자가 대주주인 법인
제32조	[]	REGULATION	결격사유	자			PROHIBITIVE	제32조(허가와 등록의 결격사유) 다음 각 호의 어느 하나에 해당하는 자는
제28조	[]							제28조,
제29조	[]							제29조 및
제33조의3	[]	REGULATION	허가 및 등록		허가받다 또는 등록하다		PROHIBITIVE	제33조의3(제6호만 해당 한다)에 따른 허가를 받거나 등록을 할 수 없다. <개정 2008. 2. 29., 2025. 12. 16.> 1.
제34조	[]	DEFINITION	등록 말소 후 1년 이내 법인 및 대주주				DEFINITIONAL	제34조의 규정에 따라 등록이 말소된 날부터 1년이 지나지 아니한 법인 및 그 등록이 말소될 당시 그 법인의 대 주주(대통령령이 정하는 출자자를 말한다. 이하 같다)이었던 자로서 그 말소된 날부터 1년이 지나지 아니한 자 2.
제43조제1항	[None, None, 43, 1]	REGULATION	제한 대상자	법인 및 대주주	해당한다	금융거래	PROHIBITIVE	제43조제1항의 규정에 따른 허가 또는 등록의 취소가 있은 날부터 3년이 지나지 아니한 법인 및 그 취소 당시 그 법인의 대주주이었던 자로서 그 취소가 있은 날부터 3년이 지나지 아니한 자 3. 「채무자 회생 및 파산에 관한 법률」에 따른 회생절차 중에 있는 회사 및 그 회사의 대주주 4. 금융거래 등 상거래에 있어서 약정한 기일 내에 채무를 변제하지 아니한 자로서 금융위원회가 정하는 자 법제처 19 국가법령정보센터 전자금융거래법 5. 허가 또는 등록 신청일을 기준으로 최근 3년간 대통령령이 정하는 금융관계법령을 위반하여 벌금형 이상의 처벌 을 받은 사실이 있는 자 6. 제1호부터 제5호까지에 해당하는 자가 대주주인 법인. 이 경우
제33조의3	[]	DEFINITION	허가 또는 등록 신청일				MANDATORY	제33조의3에 따라 변경허가를 받거나 변경등록을 하는 경우에는 제5호의 “허가 또는 등록 신청일”은 “
제33조의3	[]	DEFINITION	변경허가 또는 변경등록 신청일				DEFINITIONAL	제33조의3에 따른 변경허가 또는 변경등록 신청일”로 본다.
제32조	[]							
제33조	[]	PROCEDURE	허가ㆍ등록 및 인가의 신청					제33조(허가ㆍ등록 및 인가의 신청 등) ①
제28조	[]							
제29조	[]							제29조 및
제45조	[]	PROCEDURE	신청서 제출	신청인	제출	신청서	MANDATORY	제45조에 따라 허가ㆍ인가를 받거나 등록을 하고자 하는 자는 대통령령이 정하는 바에 따라 신청서를 금융위원회에 제출하여야 한다. <개정 2008. 2. 29., 2013. 5. 22.> ②금융위원회는 제1항의 규정에 따라 신청서를 접수한 때에는 대통령령이 정하는 바에 따라 허가, 등록 또는 인가 를 하고 그 결과를 신청인에게 통보하여야 한다.<개정 2008. 2. 29., 2013. 5. 22.> ③금융위원회는
제28조	[]							제28조,
제29조	[]							제29조 및
제45조	[]	REGULATION	관보 공고		공고하고 알리다	내용	MANDATORY	제45조에 따라 허가, 등록 또는 인가를 한 때에는 지체 없이 그 내용을 관보에 공고하고 컴퓨터통신 등을 이용하여 일반인에게 알려야 한다.<개정 2008. 2. 29., 2013. 5. 22.> [제목개정 2013. 5. 22.]
제33조의2	[]	DEFINITION	예비허가				DEFINITIONAL	제33조의2(예비허가) ①
제28조제1항	[]	PROCEDURE	예비허가	금융위원회	결정	예비허가 여부	MANDATORY	제28조제1항에 따른 허가(이하 이 조에서 “본허가”라 한다)를 받으려는 자는 미리 금융위원회 에 예비허가를 신청할 수 있다. ② 금융위원회는 제1항에 따른 예비허가 여부를 결정할 때에는 예비허가를 받으려는 자가 본허가 요건을 모두 충족 할 수 있는지를 확인하여야 한다. ③ 금융위원회는 제2항에 따른 예비허가에 조건을 붙일 수 있다. ④ 금융위원회는 예비허가를 받은 자가 본허가를 신청하는 경우에는 제3항에 따른 예비허가 조건을 이행하였는지 와 본허가 요건을 모두 충족하는지를 확인한 후 본허가 여부를 결정하여야 한다. ⑤ 예비허가에 관하여는
제33조제1항 및 제2항	[]	REGULATION	준용		준용	제33조제1항 및 제2항	MANDATORY	제33조제1항 및 제2항을 준용한다. [본조신설 2013. 5. 22.]
제33조의3	[]	REGULATION	변경허가·변경등록					제33조의3(변경허가ㆍ변경등록)
제28조	[]	PROCEDURE	대주주 변경	전자금융업자	변경 허가를 받다	변경 허가	MANDATORY	제28조제1항에 따라 허가를 받거나 같은 조 제2항에 따라 등록한 전자금융업자는 대 주주가 변경된 경우에는 그 사유가 발생한 날부터 15일 이내에 대통령령으로 정하는 바에 따라 금융위원회의 변경 허가를 받거나 변경된 사항을 금융위원회에 변경등록하여야 한다. [본조신설 2025. 12. 16.] [시행일: 2026. 12. 17.]
제33조의3	[]							
제34조	[]	REGULATION	등록 말소					제34조(신청에 따른 등록의 말소) ①
제28조제2항	[]							
제29조	[]	PROCEDURE	등록 말소		신청	등록	PERMISSIVE	제29조의 규정에 따라 등록을 한 자는 대통령령이 정하는 바에 따라 그 등록의 말소를 신청할 수 있다. ②금융위원회는 제1항의 규정에 따른 신청이 있는 때에는 지체 없이 그 등록을 말소한다.<개정 2008. 2. 29.> ③금융위원회는 제2항의 규정에 따라 등록을 말소한 때에는 지체 없이 그 내용을 관보에 공고하고 컴퓨터통신 등을 이용하여 일반인에게 알려야 한다.<개정 2008. 2. 29.>
제35조	[]	REGULATION	겸업제한					제35조(겸업제한) ①
제28조제1항	[]	REGULATION	업무 겸영 금지	전자금융업자	겸영	업무	PROHIBITIVE	제28조제1항의 규정에 따라 허가를 받은 전자금융업자는 다음 각 호의 업무가 아닌 업무는 이를 겸영하지 못한다.
제28조제2항	[]	REGULATION	업무		등록	업무	PROHIBITIVE	제28조제2항 각 호의 업무(등록한 경우에 한한다) 2.
제28조제1항	[]	REGULATION	업무				DEFINITIONAL	제28조제1항의 규정에 따라 허가를 받은 업무 및 제1호의 업무를 행하기 위하여 필요한 업무로서 대통령령이 정 하는 업무 ②제1항의 규정에 불구하고
제28조제1항	[]	REGULATION	업무 아닌 업무	전자금융업자	행하다	업무 아닌 업무	PERMISSIVE	제28조제1항의 규정에 따라 허가를 받은 전자금융업자는 전자화폐 미상환잔액 전부에 대하여 대통령령이 정하는 금융회사로부터 지급보증을 받거나 상환보증보험에 가입한 경우에는 제1항 각 호의 규 정에서 정한 업무 아닌 업무를 행할 수 있다.
제35조의2	[]	DEFINITION	소액후불결제업무	선불업자	영위하다	소액후불결제업무		제35조의2(소액후불결제업무의 겸영) ① 선불업자는 대통령령으로 정하는 바에 따라 금융위원회의 승인을 얻어 재화 또는 용역의 대가의 지급을 위하여 하는 업무로서 이용자의 선불충전금이 부족한 경우에 그 부족분에 대하여 선불 업자 스스로의 신용으로 가맹점에 그 대가를 지급하는 업무(이하 “소액후불결제업무”라 한다)를 할 수 있다. ② 선불업자는 소액후불결제업무를 영위할 때 다음 각 호의 행위를 하여서는 아니 된다. 1. 선불충전금을 소액후불결제업무의 재원(財源)으로 하는 행위 2. 소액후불결제업무 이용자에게 금전의 대부 또는 융자를 하는 행위 3. 그 밖에 이용자 보호 및 건전한 거래질서를 저해할 우려가 있는 행위로서 대통령령으로 정하는 행위 ③ 제1항 및 제2항에서 규정한 사항 외에 소액후불결제업무의 범위, 이용한도, 총제공한도, 경영 건전성 관리, 신용 정보 관리, 채권회수 관리 방안, 이용자 보호 방안, 그 밖에 필요한 사항은 대통령령으로 정한다. [본조신설 2023. 9. 14.]
제36조	[]	REGULATION	유사명칭 사용금지				PROHIBITIVE	제36조(유사명칭의 사용금지) ①
제2조제15호	[None, None, 2, 15]	REGULATION	전자화폐 명칭 사용	전자화폐가 아닌 것	사용	전자화폐 명칭	PROHIBITIVE	제2조제15호의 전자화폐가 아닌 것에는 전자화폐라는 명칭을 사용하지 못한다. ②
제28조제1항	[None, None, 28, 1]	REGULATION	전자화폐	허가를 받지 않은 자	사용	전자화폐 명칭	PROHIBITIVE	제28조제1항의 규정에 따라 허가를 받지 아니한 자는 그 상호 중에 전자화폐라는 명칭을 사용하지 못한다.
제36조의2	[]	REGULATION	행위규칙	선불업자	행위 금지	재무건전성 요건을 충족하지 아니한 자가 선불전자지급수단의 할인발행 또는 적립금 지급 등 이용자에게 경제적 이익을 부여하는 행위	PROHIBITIVE	제36조의2(선불업자의 행위규칙) 선불업자는 다음 각 호에서 정하는 행위를 하여서는 아니 된다. 1. 대통령령으로 정하는 재무건전성 요건을 충족하지 아니한 자가 선불전자지급수단의 할인발행 또는 적립금 지급 등 이용자에게 경제적 이익을 부여하는 행위 2. 제1호의 해당 금액을
제25조의2	[]	REGULATION	선불전자지급수단 이용 제한				PROHIBITIVE	제25조의2에 따라 별도관리하지 아니하고 경제적 이익을 부여하는 행위 3. 대통령령으로 정하는 기간 내에 이용자에게 통지하지 아니하고 이용자에게 불리하게 선불전자지급수단을 이용 할 수 있는 가맹점을 축소하거나 선불전자지급수단의 이용조건을 변경하는 행위 4. 그 밖에 이용자 보호 또는 건전한 거래질서를 저해할 우려가 있는 행위로서 대통령령으로 정하는 행위 [본조신설 2023. 9. 14.]
제36조의3	[]	REGULATION	전자지급결제대행업자	전자지급결제대행업자	정산	대가	MANDATORY	제36조의3(전자지급결제대행업자의 행위규칙) ① 전자지급결제대행업자는 전자지급결제대행 계약에서 정한 기한 내에 수수한 대가를 정산하여 지급하여야 한다. 다만, 대통령령으로 정하는 정당한 사유가 있는 경우에는 그러하지 아니 하다. ② 금융위원회는 전자지급결제대행업자가 제1항을 위반한 경우 기간을 정하여 시정을 명할 수 있다. [본조신설 2025. 12. 16.] [시행일: 2026. 12. 17.]
제36조의3	[]							
제37조	[]	REGULATION	가맹점의 금지행위	가맹점	거절·불리하게 대우·부담·해당 행위		PROHIBITIVE	제37조(가맹점의 준수사항 등) ①가맹점은 직불전자지급수단이나 선불전자지급수단 또는 전자화폐(이하 “전자화폐등 ”이라 한다)에 의한 거래를 이유로 재화 또는 용역의 제공 등을 거절하거나 이용자를 불리하게 대우하여서는 아니된 다. ②가맹점은 이용자로 하여금 가맹점수수료를 부담하게 하여서는 아니 된다. ③가맹점은 다음 각 호의 어느 하나에 해당하는 행위를 하여서는 아니 된다. 다만,
제2조제20호나목	[]	REGULATION	가맹점	가맹점이 아닌 자	거래를 하다	가맹점의 이름	PROHIBITIVE	제2조제20호나목에 따른 가맹점 은 제1호ㆍ제4호 및 제5호를 적용하지 아니한다.<개정 2023. 9. 14.> 1. 재화 또는 용역의 제공 등이 없이 전자화폐등에 의한 거래를 한 것으로 가장(假裝)하는 행위 2. 실제 매출금액을 초과하여 전자화폐등에 의한 거래를 하는 행위 3. 다른 가맹점 이름으로 전자화폐등에 의한 거래를 하는 행위 4. 가맹점의 이름을 타인에게 빌려주는 행위 5. 전자화폐등에 의한 거래를 대행하는 행위 ④가맹점이 아닌 자는 가맹점의 이름으로 전자화폐등에 의한 거래를 하여서는 아니 된다. ⑤
제2조제20호나목	[]	REGULATION	가맹점 의무	가맹점	준수	각 호의 사항	MANDATORY	제2조제20호나목에 따른 가맹점은 다음 각 호의 사항을 준수하여야 한다.<신설 2023. 9. 14.> 1. 재화 또는 용역의 제공 등을 하는 자의 신용정보(「신용정보의 이용 및 보호에 관한 법률」
제2조	[]	REGULATION	이용자 보호	사업자	제공	금융회사 및 전자금융업자	MANDATORY	제2조제1호에 따른 신용정보를 말한다) 및 전자화폐등에 의한 거래를 대행한 내용을 금융회사 및 전자금융업자에게 제공할 것 법제처 21 국가법령정보센터 전자금융거래법 2. 재화 또는 용역의 제공 등을 하는 자의 상호 및 주소를 이용자 등이 알 수 있도록 할 것 3. 이용자 등이 거래취소 또는 환불 등을 요구하는 경우 이에 따를 것 4. 그 밖에 이용자 보호 및 건전한 거래질서를 위하여 대통령령으로 정하는 사항
제38조	[]	ACTOR	가맹점 모집	금융회사 또는 전자금융업자	확인	영업여부	MANDATORY	제38조(가맹점의 모집 등) ①금융회사 또는 전자금융업자가 가맹점을 모집하는 경우에는 가맹점이 되고자 하는 자의 영업여부 등을 확인하여야 한다. 다만, 「여신전문금융업법」
제16조의2	[]	REGULATION	손실 전가 금지	금융회사 또는 전자금융업자	손실을 전가하다	가맹점	PROHIBITIVE	제16조의2의 규정에 따라 이미 확인을 한 가맹점인 경우 에는 그러하지 아니하다. <개정 2013. 5. 22.> ②금융회사 또는 전자금융업자는 다음 각 호의 어느 하나에 해당하는 거래에 따른 손실을 가맹점에 떠넘길 수 없다. 다만, 금융회사 또는 전자금융업자가 그 거래에 대하여 그 가맹점의 고의 또는 중대한 과실을 증명하는 경우에는 그 손실의 전부 또는 일부를 가맹점의 부담으로 할 수 있다는 취지의 계약을 가맹점과 체결한 경우에는 그러하지 아니 하다.<개정 2013. 5. 22.> 1. 분실되거나 도난된 전자화폐등에 의한 거래 2. 위조되거나 변조된 전자화폐등에 의한 거래 ③금융회사 또는 전자금융업자는 다음 각 호의 사항을 금융위원회가 정하는 방법에 따라 가맹점에 알려야 한다.<개 정 2008. 2. 29., 2013. 5. 22.> 1. 가맹점수수료 2. 제2항의 규정에 따른 가맹점에 대한 책임 3.
제37조제4항	[]	ACTOR	가맹점	금융회사 또는 전자금융업자		가맹점		제37조의 규정에 따른 가맹점의 준수사항 ④금융회사 또는 전자금융업자는 가맹점이
제37조	[5, None, 37, None]	REGULATION	가맹점계약 해지	가맹점	해지	가맹점계약	MANDATORY	제37조의 규정을 위반하여 형의 선고를 받거나 관계 행정기관으로부터 위반사실에 대하여 서면통보를 받는 등 대통령령이 정하는 사유에 해당하는 때에는 특별한 사유가 없는 한 지체 없 이 가맹점계약을 해지하여야 한다.<개정 2013. 5. 22.> 제5장 전자금융업무의 감독
제39조	[]	REGULATION	감독 및 검사	금융감독원	감독 및 검사		MANDATORY	제39조(감독 및 검사) ①금융감독원(「금융위원회의 설치 등에 관한 법률」
제24조	[]	ACTOR	금융감독원	금융감독원	감독한다	금융회사 및 전자금융업자	MANDATORY	제24조제1항의 규정에 따른 “금융감독원”을 말한다. 이하 같다)은 금융위원회의 지시를 받아 금융회사 및 전자금융업자에 대하여 이 법 또는 이 법에 의한 명령 의 준수여부를 감독한다. <개정 2008. 2. 29., 2013. 5. 22.> ②금융감독원장은 제1항의 규정에 따른 감독을 위하여 필요한 때에는 금융회사 또는 전자금융업자로 하여금 그 업 무 및 재무상태에 관한 보고를 하게 할 수 있다.<개정 2008. 2. 29., 2013. 5. 22., 2016. 1. 27.> ③금융감독원장은 금융회사 및 전자금융업자의 전자금융업무와 그와 관련된 재무상태를 검사하고, 검사를 위하여 필요하다고 인정하는 때에는 금융회사 및 전자금융업자에 대하여 업무와 재무상태에 관한 자료의 제출 또는 관계 인의 출석을 요구할 수 있다.<개정 2013. 5. 22.> ④제3항의 규정에 따라 검사를 하는 자는 그 권한을 표시하는 증표를 지니고 이를 관계인에게 내보여야 한다. ⑤금융감독원장은 제3항의 규정에 따라 검사를 한 때에는 그 결과를 금융위원회가 정하는 바에 따라 금융위원회에 보고하여야 한다.<개정 2008. 2. 29.> ⑥금융위원회는 금융회사 또는 전자금융업자가 이 법 또는 이 법에 따른 명령을 위반하여 금융회사 또는 전자금융 업자의 건전한 운영을 해할 우려가 있다고 인정하는 때에는 금융감독원장의 건의에 따라 다음 각 호의 어느 하나에 해당하는 조치를 하거나 금융감독원장으로 하여금 제1호부터 제3호까지에 해당하는 조치를 하게 할 수 있다.<개정 2008. 2. 29., 2013. 5. 22., 2017. 4. 18.> 1. 위반행위에 대한 시정명령 2. 금융회사 또는 전자금융업자에 대한 주의 또는 경고 3. 임원과 직원에 대한 주의, 경고 또는 문책의 요구 4. 임원(「금융회사의 지배구조에 관한 법률」
제2조제5호	[None, None, 2, 5]	REGULATION	제외	업무집행책임자	제외		MANDATORY	제2조제5호에 따른 업무집행책임자는 제외한다. 이하
제39조의2	[]	REGULATION	해임권고 및 직무정지				PERMISSIVE	제39조의2에서 같다)의 해임권고 또는 직무정지 법제처 22 국가법령정보센터 전자금융거래법
제39조의2	[]	PROCEDURE	퇴임한 임원 등에 대한 조치 내용의 통보	금융위원회				제39조의2(퇴임한 임원 등에 대한 조치 내용의 통보) ① 금융위원회(
제39조제6항	[]	ACTOR	조치 권한	금융감독 원장	조치를 할 수 있다	금융회사 또는 전자금융업자	PERMISSIVE	제39조제6항에 따라 조치를 할 수 있는 금융감독 원장을 포함한다)는 금융회사 또는 전자금융업자의 퇴임한 임원 또는 퇴직한 직원(「금융회사의 지배구조에 관한 법 률」
제2조제5호	[]	REGULATION	업무집행책임자		포함	업무집행책임자	PERMISSIVE	제2조제5호에 따른 업무집행책임자를 포함한다)이 재임 또는 재직 중이었더라면
제39조제6항	[None, None, 39, 6]	REGULATION	통보	금융회사 또는 전자금융업자의 장	통보	조치의 내용	PERMISSIVE	제39조제6항제3호 또는 제4호에 해당하는 조치를 받았을 것으로 인정되는 경우에는 그 조치의 내용을 해당 금융회사 또는 전자금융업자의 장에 통보할 수 있다. ② 제1항에 따른 통보를 받은 금융회사 또는 전자금융업자의 장은 이를 퇴임·퇴직한 해당 임직원에게 통보하고, 그 내용을 기록·유지하여야 한다. [본조신설 2017. 4. 18.]
제40조	[]	REGULATION	외부주문등에 대한 감독 및 검사	금융회사 및 전자금융업자	준수	기준	MANDATORY	제40조(외부주문등에 대한 감독 및 검사) ①금융회사 및 전자금융업자는 전자금융거래와 관련하여 전자금융보조업자와 제휴, 위탁 또는 외부주문(이하 이 조에서 “외부주문등”이라 한다)에 관한 계약을 체결하거나 변경하는 때(전자금융보조업자가 다른 전자금융보조업자와 외부주문등에 관한 계약을 체결하거나 변경하는 때를 포함한다)에는 전자금융거래의 안전성 및 신뢰성과 금융회사 및 전자금융업자의 건전성을 확보할 수 있도록 금융위원회가 정하는 기준을 준수하여야 한다. <개정 2008. 2. 29., 2013. 5. 22.> ②금융위원회는 제1항의 규정에 따른 계약 내용이 금융회사 또는 전자금융업자의 경영의 건전성 및 이용자의 권익을 침해하는 것이라고 인정하는 때에는 그 금융회사 또는 전자금융업자에 대하여 관련 계약 내용의 시정 또는 보완을 지시할 수 있다.<개정 2008. 2. 29., 2013. 5. 22.> ③금융감독원장은 제1항의 규정에 따른 외부주문등과 관련하여 금융회사 또는 전자금융업자에 대한 검사를 하는 경우에는 금융위원회가 정하는 기준에 따라 그 전자금융보조업자에 대한 자료제출을 요구할 수 있다.<개정 2008. 2. 29., 2013. 5. 22.> ④ 금융감독원장은 전자금융보조업자가 제3항에 따른 자료를 제출하지 아니하거나 부실한 자료를 제출한 경우에는 해당 전자금융보조업자에 대하여 조사를 할 수 있다.<신설 2013. 5. 22.> ⑤ 금융감독원장은 제4항에 따른 조사를 위하여 필요하다고 인정하는 경우에는 전자금융보조업자에게 다음 각 호의 사항을 요구할 수 있다.<신설 2013. 5. 22.> 1. 조사사항에 관한 진술서의 제출 2. 조사에 필요한 장부ㆍ서류, 그 밖의 물건의 제출 3. 관계인의 출석 ⑥ 정보기술부문의 정보보호와 관련된 업무를 위탁받은 전자금융보조업자는 해당 업무를 제3자에게 재위탁하여서는 아니 된다. 다만, 전자금융거래정보의 보호 및 안전한 처리를 저해하지 아니하는 범위에서 금융위원회가 인정하는 경우에는 그러하지 아니하다.<신설 2014. 10. 15.> ⑦ 제4항에 따른 조사에 관하여는
제39조제4항	[]	REGULATION	제39조제4항		준용	제39조제4항	MANDATORY	제39조제4항을 준용한다.<신설 2013. 5. 22., 2014. 10. 15.> [제목개정 2013. 5. 22.]
제41조	[]	ACTOR	자료제출 요구	한국은행	요구	자료	PERMISSIVE	제41조(한국은행의 자료제출 요구 등) ①한국은행은 금융통화위원회가 전자지급거래와 관련하여 통화신용정책의 수행 및 지급결제제도의 원활한 운영을 위하여 필요하다고 인정하는 때에는 금융회사 및 전자금융업자에 대하여 자료제출을 요구할 수 있다. 이 경우 요구하는 자료는 금융회사 및 전자금융업자의 업무부담을 고려하여 필요한 최소한의 범위로 한정하여야 한다. <개정 2013. 5. 22.> ②한국은행은 금융통화위원회가 통화신용정책의 수행을 위하여 필요하다고 인정하는 때에는 전자화폐발행자 및
제28조제2항제1호	[]	REGULATION	검사 요구	금융회사 및 전자금융업자	요구할 수 있다	검사	PERMISSIVE	제28조제2항제1호의 업무를 행하기 위하여 등록한 금융회사 및 전자금융업자에 대하여 금융감독원에 검사를 요구하거나 한국은행과의 공동검사를 요구할 수 있다.<개정 2013. 5. 22.> ③제1항 및 제2항의 요구 방법 및 절차는 「한국은행법」
제87조	[]							제87조 및
제88조	[]	CONCEPT	제88조 규정					제88조의 규정과 「금융위원회의 설치 등에 관한 법률」
	[]	REGULATION	규정 준용		준용한다	제62조	MANDATORY	제62조의 규정을 준용한다.<개정 2008. 2. 29.>
제42조	[]	REGULATION	회계처리 구분 및 건전경영지도	금융회사 및 전자금융업자	분석	업무 성과	PERMISSIVE	제42조(회계처리 구분 및 건전경영지도) ①금융회사 및 전자금융업자는 자금운용과 전자금융거래와 관련한 업무의 성과를 분석할 수 있도록
제28조제1항 및 제2항	[]	REGULATION	보고서 제출	금융회사	제출	보고서	MANDATORY	제28조제1항 및 제2항에 규정된 업무별로 다른 업무와 구분하여 회계처리하고, 금융위원회 법제처 23 국가법령정보센터 전자금융거래법 가 정하는 바에 따라 전자금융거래와 관련한 업무 및 경영실적에 관한 보고서를 작성하여 금융위원회에 제출하여야 한다. <개정 2008. 2. 29., 2013. 5. 22., 2014. 10. 15.> ②금융위원회는 전자금융거래와 관련한 업무를 수행하는 금융회사 또는 전자금융업자의 건전경영을 지도하고 전 자금융사고를 예방하기 위하여 대통령령이 정하는 바에 따라 다음 각 호의 사항에 관한 경영지도기준을 정할 수 있다.<개정 2008. 2. 29., 2013. 5. 22.> 1. 자본의 적정성에 관한 사항 2. 자산의 건전성에 관한 사항 3. 유동성에 관한 사항 4. 그 밖에 경영의 건전성 확보를 위하여 필요한 사항 ③금융위원회는
제28조제1항	[None, None, 28, 1]	REGULATION	경영개선	금융회사·전자금융업자	요구	조치	PERMISSIVE	제28조제1항에 따라 허가를 받거나 같은 조 제2항에 따라 등록한 금융회사 또는 전자금융업자가 제2항의 경영지도기준을 충족하지 못하는 등 경영의 건전성을 크게 해할 우려가 있다고 인정하는 때에는 자본금의 증액, 이익배당의 제한 등 경영개선을 위하여 필요한 조치를 요구할 수 있다.<개정 2008. 2. 29., 2013. 5. 22., 2025. 12. 16.> ④
제28조제1항	[None, None, 28, 1]	REGULATION	경영지도기준	금융회사·전자금융업자	조치	제2항의 경영지도기준	PERMISSIVE	제28조제1항의 규정에 따라 허가를 받은 금융회사 또는 전자금융업자의 재무상태가 제2항의 경영지도기준에 미 달하거나 거액의 금융사고 또는 부실채권의 발생으로 인하여 제2항의 경영지도기준에 미달하게 될 것이 명백하다 고 판단되는 때에 필요한 조치 등에 관하여는 「금융산업의 구조개선에 관한 법률」
제10조	[]							제10조
제11조제1항ㆍ제4항ㆍ제5항	[]							
제13조의2	[]							
제14조	[]							제14조,
제14조의2	[]							
제14조의4	[]							제14조의4까지,
제14조의7	[]							제14조의7,
제15조	[]							
제19조	[]							제19조까지,
제27조	[]							제27조 및
제28조	[]	REGULATION	제28조		준용	제28조	MANDATORY	제28조를 준용한다.<개정 2013. 5. 22.>
제42조의2	[]	REGULATION	이용자 보호	금융위원회		선불업자		제42조의2(이용자 등의 보호) ① 금융위원회는 선불업자가
제25조의2	[]	REGULATION	선불충전금 별도관리	전자지급결제대행업자	충족하지 못하다	선불충전금 별도관리 기준		제25조의2에 따른 선불충전금 별도관리의 기준을 충족하지 못하거나 전자지급결제대행업자가
제25조의4	[]	REGULATION	이용자 보호		시정을 명하거나 요구	선불업자·전자지급결제대행업자	PERMISSIVE	제25조의4에 따른 정산대상금액 외부관리의 기준을 충족하지 못하는 등 이용자 등의 이익을 크게 해칠 우려가 있다고 인정되는 때에는 선불업자 또는 전자지급결제대행업자에게 시정을 명하거나 이용자 등의 보호를 위하여 필요한 조치를 하도록 요구할 수 있다. ② 전자금융업자는 이용자 등을 보호하기 위하여 필요한 사항으로서 대통령령으로 정하는 사항을 금융위원회가 정 하는 바에 따라 공시하여야 한다. [본조신설 2025. 12. 16.] [시행일: 2025.12.16]
제42조의2제1항	[]							제42조의2제1항(
제25조의2	[]	REGULATION	선불충전금 별도관리 기준					제25조의2에 따른 선불충전금 별도관리의 기준에 관한 부분으로 한정한다) [시행일: 2026. 12. 17.]
제42조의2	[]							
제43조	[]	REGULATION	허가와 등록의 취소	금융위원회	취소	금융회사·전자금융업자	MANDATORY	제43조(허가와 등록의 취소 등) ①금융위원회는 금융회사 또는 전자금융업자가 다음 각 호의 어느 하나에 해당하는 때 에는
Unknown	[]	REGULATION	Unknown					제28조의 규정에 따른 허가 또는 등록을 취소할 수 있다. <개정 2008. 2. 29., 2013. 5. 22.> 1. 허위 그 밖의 부정한 방법으로
제28조	[]	REGULATION	허가·등록		받다·등록하다	허가·등록		제28조의 규정에 따른 허가를 받거나 등록을 한 때 2.
제32조	[]	REGULATION	업무 정지	금융위원회	정지 명령	관련 업무	PERMISSIVE	제32조제1호 내지 제5호에 해당하는 때 3. 제2항의 규정에 따른 업무의 정지명령을 위반한 때 4. 정당한 사유 없이 1년 이상 계속하여 영업을 하지 아니한 때 5. 법인의 합병이나 파산이나 영업의 폐지 등으로 사실상 영업을 종료한 때 ②금융위원회는 금융회사 또는 전자금융업자가 다음 각 호의 어느 하나에 해당하는 때에는 6월의 범위 안에서 기간 을 정하여 관련 업무의 전부 또는 일부의 정지를 명할 수 있다.<개정 2008. 2. 29., 2013. 5. 22., 2016. 3. 29., 2023. 9. 14.> 1.
제6조제1항ㆍ제2항	[]							제6조제1항ㆍ제2항
제16조제1항~제4항	[]							
제19조제1항	[]							
제21조	[]							
Unknown	[]	REGULATION	Unknown					제21조의5제2항,
제25조의 2제1항	[]							
제35조	[]							
제35조의2제2항ㆍ제3항	[]							제35조의2제2항ㆍ제3항
제36조	[]							제36조 또는
제38조제3항ㆍ제4항	[]	REGULATION	위반		위반	규정		제38조제3항ㆍ제4항의 규정을 위반한 때 2.
제8조제2항 및 제3항	[]	PENALTY	오류 조사 및 처리		조사 및 처리하지 않다	오류		제8조제2항 및 제3항을 위반하여 오류를 조사하여 처리를 하지 아니한 때 3.
제23조	[]							제23조,
제39조제6항	[]							
제40조제2항	[None, None, 40, 2]							제40조제2항 또는
제42조제3항	[]	REGULATION	금융위원회 조치 위반		위반	조치·지시·명령	PROHIBITIVE	제42조제3항의 규정에 따른 금융위원회의 조치나 지시 또는 명령을 어긴 때
제30조제4항	[]	REGULATION	전자금융거래 업무 지속					제30조제4항에서 정한 신고를 하지 아니하거나 기한 내 요건을 갖추지 아니한 때 ③금융회사 또는 전자금융업자는 제1항 및 제2항의 규정에 따라 업무의 전부 또는 일부가 정지되거나 허가 또는 등 록이 취소된 경우에도 그 처분 전에 행하여진 전자금융거래의 지급 및 결제를 위한 업무를 계속하여 행할 수 있다. <개정 2013. 5. 22.> ④금융위원회는 제1항의 규정에 따라 허가 또는 등록을 취소한 때에는 지체 없이 그 내용을 관보에 공고하고 컴퓨 터통신 등을 이용하여 일반인에게 알려야 한다.<개정 2008. 2. 29.>
제43조	[]	REGULATION	허가와 등록의 취소	금융위원회	취소	금융회사 또는 전자금융업자	MANDATORY	제43조(허가와 등록의 취소 등) ①금융위원회는 금융회사 또는 전자금융업자가 다음 각 호의 어느 하나에 해당하는 때 에는
제28조	[]	REGULATION	허가·등록 취소		취소	허가·등록	PERMISSIVE	제28조의 규정에 따른 허가 또는 등록을 취소할 수 있다. <개정 2008. 2. 29., 2013. 5. 22., 2025. 12. 16.> 1. 허위 그 밖의 부정한 방법으로
제28조	[]	REGULATION	허가·등록		허가를 받다 또는 등록을 하다			제28조의 규정에 따른 허가를 받거나 등록을 한 때 2.
제32조	[]	REGULATION	업무정지명령 위반 등					제32조제1호 내지 제5호에 해당하는 때 3. 제2항의 규정에 따른 업무의 정지명령을 위반한 때 4. 정당한 사유 없이 1년 이상 계속하여 영업을 하지 아니한 때 5. 법인의 합병이나 파산이나 영업의 폐지 등으로 사실상 영업을 종료한 때 6. 5년 이내에 동일한 사유로 제2항에 따른 업무정지명령을 대통령령으로 정하는 횟수 이상 받은 때 7.
제33조의3	[]	REGULATION	변경허가		받지 않다	변경허가 및 변경등록	PROHIBITIVE	제33조의3에 따른 변경허가를 받지 아니하거나 변경등록을 하지 아니하고
제28조	[]	REGULATION	업무 정지	금융위원회	정지 명령	관련 업무	PERMISSIVE	제28조제1항 또는 같은 조 제2항 각 호의 업무를 하거나 거짓 또는 부정한 방법으로 변경허가를 받거나 변경등록을 한 때 ②금융위원회는 금융회사 또는 전자금융업자가 다음 각 호의 어느 하나에 해당하는 때에는 6월의 범위 안에서 기간 을 정하여 관련 업무의 전부 또는 일부의 정지를 명할 수 있다.<개정 2008. 2. 29., 2013. 5. 22., 2016. 3. 29., 2023. 9. 14., 2025. 12. 16.> 1.
제6조제1항ㆍ제2항	[]							제6조제1항ㆍ제2항
제16조제1항부터 제4항까지	[]							제16조제1항부터 제4항까지,
제19조제1항	[]							
제21조제1항ㆍ제2항	[]							제21조제1항ㆍ제2항
제21조의5제2항	[]							제21조의5제2항
Unknown	[]	REGULATION	Unknown					제25조의 2제1항,
제25조의4제1항	[]							제25조의4제1항
제35조	[]							
제35조의2제2항ㆍ제3항	[]							제35조의2제2항ㆍ제3항
제36조	[]							제36조 또는
제38조제3항ㆍ제4항	[]	REGULATION	규정 위반		위반	규정		제38조제3항ㆍ제4항의 규정을 위반한 때 2.
제8조제2항 및 제3항	[]	PENALTY	오류 조사 및 처리 미이행		조사 및 처리하지 않다	오류	PROHIBITIVE	제8조제2항 및 제3항을 위반하여 오류를 조사하여 처리를 하지 아니한 때 3.
제23조	[]							
제39조제6항	[]							
제40조제2항	[]							제40조제2항
제42조제3항	[]							제42조제3항 또는
제42조의2제1항	[]	PENALTY	위반		어기다	조치·지시·명령		제42조의2제1항에 따른 금융위원회의 조치나 지시 또는 명령을 어긴 때 4.
제30조제4항	[None, None, 30, 4]	REGULATION	전자금융거래 업무 지속			전자금융거래 업무		제30조제4항에서 정한 신고를 하지 아니하거나 기한 내 요건을 갖추지 아니한 때 ③금융회사 또는 전자금융업자는 제1항 및 제2항의 규정에 따라 업무의 전부 또는 일부가 정지되거나 허가 또는 등 록이 취소된 경우에도 그 처분 전에 행하여진 전자금융거래의 지급 및 결제를 위한 업무를 계속하여 행할 수 있다. <개정 2013. 5. 22.> ④금융위원회는 제1항의 규정에 따라 허가 또는 등록을 취소한 때에는 지체 없이 그 내용을 관보에 공고하고 컴퓨 터통신 등을 이용하여 일반인에게 알려야 한다.<개정 2008. 2. 29.> [시행일: 2026. 12. 17.]
제43조	[]							
제44조	[]	PROCEDURE	청문	금융위원회				제44조(청문) 금융위원회는
제43조제1항	[]	PROCEDURE	청문		청문을 실시		MANDATORY	제43조제1항의 규정에 따라 허가 또는 등록을 취소하고자 하는 경우에는 청문을 실시하여 야 한다. <개정 2008. 2. 29.>
제45조	[]	PROCEDURE	합병·해산·폐업 인가					제45조(합병ㆍ해산ㆍ폐업 등의 인가) ①
제28조제1항	[]	REGULATION	금융위원회 인가	전자금융업자	받다	인가	MANDATORY	제28조제1항의 규정에 따라 허가를 받은 전자금융업자가 다음 각 호의 어느 하나에 해당하는 행위를 하고자 하는 때에는 대통령령이 정하는 바에 따라 금융위원회의 인가를 받아야 한다. <개정 2008. 2. 29., 2013. 5. 22.> 1. 다른 금융회사 또는 전자금융업자와의 합병 2. 해산 또는 전자금융업무의 폐지 3. 영업의 전부 또는 일부의 양도와 양수 ②금융위원회는 제1항의 규정에 따른 인가에 조건을 붙일 수 있다.<개정 2008. 2. 29.> 법제처 25 국가법령정보센터 전자금융거래법
제45조의2	[]	DEFINITION	예비인가					제45조의2(예비인가) ①
제45조제1항	[None, None, 45, 1]	PROCEDURE	예비인가	금융위원회	결정하다	예비인가	MANDATORY	제45조제1항에 따른 인가(이하 이 조에서 “본인가”라 한다)를 받으려는 자는 미리 금융위원회에 예비인가를 신청 할 수 있다. ② 금융위원회는 제1항에 따른 예비인가 여부를 결정할 때에는 예비인가를 받으려는 자가 본인가 요건을 모두 충족 할 수 있는지를 확인하여야 한다. ③ 금융위원회는 제2항에 따른 예비인가에 조건을 붙일 수 있다. ④ 금융위원회는 예비인가를 받은 자가 본인가를 신청하는 경우에는 제3항에 따른 예비인가 조건을 이행하였는지와 본인가 요건을 모두 충족하는지를 확인한 후 본인가 여부를 결정하여야 한다. ⑤ 예비인가에 관하여는
제33조제1항 및 제2항	[]	REGULATION	제33조제1항 및 제2항		준용	제33조제1항 및 제2항	MANDATORY	제33조제1항 및 제2항을 준용한다. [본조신설 2013. 5. 22.]
제46조	[]	PENALTY	과징금	금융위원회		금융회사 또는 전자금융업자		제46조(과징금) ① 금융위원회는 금융회사 또는 전자금융업자가
제21조	[]	PENALTY	과징금		부과	과징금	PERMISSIVE	제21조제1항 또는 제2항을 위반하여 전자금융거래정보를 타인에게 제공 또는 누설하거나 업무상 목적 외에 사용한 경우에는 50억원 이하의 과징금을 부과할 수 있다. <신설 2014. 10. 15.> ②금융위원회는 금융회사 또는 전자금융업자가
제43조제2항	[]	REGULATION	과징금		부과	과징금	PERMISSIVE	제43조제2항 각 호의 어느 하나(제1항에 따라 과징금을 부과하는 경우는 제외한다)에 해당하게 된 때에는 대통령령이 정하는 바에 따라 업무정지명령에 갈음하여 5천만원 이하의 과징금을 부과할 수 있다.<개정 2008. 2. 29., 2013. 5. 22., 2014. 10. 15.> ③제1항 또는 제2항에 따른 과징금을 부과하는 위반행위의 종별과 정도 등에 따른 과징금의 금액 그 밖에 필요한 사항은 대통령령으로 정한다.<개정 2014. 10. 15.> ④금융위원회는 제1항 또는 제2항에 따른 과징금을 기한 이내에 납부하지 아니하는 때에는 국세체납처분의 예에 따라 이를 징수한다.<개정 2008. 2. 29., 2014. 10. 15.> ⑤금융위원회는 대통령령이 정하는 바에 따라 과징금의 징수 및 체납처분에 관한 업무를 국세청장에게 위탁할 수 있다.<개정 2008. 2. 29., 2014. 10. 15.>
제46조의2	[]	REGULATION	과오납금 환급	금융위원회	환급	과오납금	MANDATORY	제46조의2(과오납금의 환급) ① 금융위원회는 과징금납부의무자가 이의신청의 재결 또는 법원의 판결 등의 사유로 과징금 과오납금의 환급을 청구하는 경우에는 지체 없이 환급하여야 하며, 과징금납부의무자의 청구가 없는 경우에도 금융위원회가 확인한 과오납금은 환급하여야 한다. ② 금융위원회는 제1항에 따라 과오납금을 환급하는 경우 환급받을 자가 금융위원회에 납부하여야 하는 다른 과징금이 있으면 환급하는 금액을 그 과징금에 충당할 수 있다. ③ 금융위원회가 제1항에 따라 과오납금을 환급하는 경우에는 과징금을 납부한 날의 다음 날부터 환급하는 날까지의 기간에 대하여 대통령령으로 정하는 가산금 이율을 적용하여 산정한 환급가산금을 환급받을 자에게 지급하여야 한다. [본조신설 2013. 5. 22.] 제6장 보칙
제47조	[]	REGULATION	전자금융거래 통계조사					제47조(전자금융거래 통계조사) ①한국은행은 전자금융거래의 현황 파악과 효과적인 통화신용정책의 수립 및 시행을 위하여 전자금융업 및 전자금융거래에 관한 통계조사를 할 수 있다. 이 경우 필요한 자료를 정부기관, 금융회사등과 전자금융거래 관련 법인과 단체에 요구할 수 있다. <개정 2013. 5. 22.> ②제1항의 규정에 따라 자료의 제출을 요구받은 정부기관, 금융회사등과 전자금융거래 관련 법인과 단체는 정당한 사유가 없는 한 이에 응하여야 한다.<개정 2013. 5. 22.> ③제1항의 규정에 따른 통계조사의 대상과 방법 및 절차에 관하여 필요한 사항은 대통령령으로 정한다.
제48조	[7, None, 48, None]	ACTOR	권한 위탁	금융위원회	위탁	금융감독원장	PERMISSIVE	제48조(권한의 위탁) 금융위원회는 이 법에 따른 권한의 일부를 대통령령이 정하는 바에 따라 금융감독원장에게 위탁 할 수 있다.
제49조	[]	PENALTY	벌칙	자	처한다	10년 이하의 징역 또는 1억원 이하의 벌금	MANDATORY	제49조(벌칙) ① 다음 각 호의 어느 하나에 해당하는 자는 10년 이하의 징역 또는 1억원 이하의 벌금에 처한다. <신설 2014. 10. 15.> 1.
제21조의4제1호	[]	PENALTY	전자금융기반시설 데이터 위반	자	접근·조작·파괴·은닉·유출	전자금융기반시설 및 저장된 데이터	PROHIBITIVE	제21조의4제1호를 위반하여 전자금융기반시설에 접근하거나 저장된 데이터를 조작ㆍ파괴ㆍ은닉 또는 유출한 자 2.
제21조의4제2호	[]	PENALTY	데이터 파괴	자	파괴	데이터	PROHIBITIVE	제21조의4제2호를 위반하여 데이터를 파괴하거나 컴퓨터 바이러스, 논리폭탄 또는 메일폭탄 등의 프로그램을 투 입한 자 3.
제21조의4제3호	[]	PENALTY	대량 신호·고출력 전자기파·데이터 전송 및 전자금융기반시설 오류·장애 발생	자	보내거나 발생시킨	전자금융기반시설	PROHIBITIVE	제21조의4제3호를 위반하여 일시에 대량의 신호, 고출력 전자기파 또는 데이터를 보내거나 전자금융기반시설에 오류 또는 장애를 발생시킨 자 4.
제26조	[]	REGULATION	전자금융거래정보	자	제공·누설·사용	전자금융거래정보	PROHIBITIVE	제26조를 위반하여 전자금융거래정보를 타인에게 제공 또는 누설하거나 업무상 목적 외에 사용한 자(
제28조	[None, None, 28, 2]	PENALTY	접근매체 불법 이용	자	처한다	징역 및 벌금	MANDATORY	제28조제 4항에 따라 이를 준용하는 선불전자지급수단을 발행하는 자를 포함한다) ②다음 각 호의 어느 하나에 해당하는 자는 7년 이하의 징역 또는 5천만원 이하의 벌금에 처한다.<개정 2013. 5. 22., 2014. 10. 15.> 1. 접근매체를 위조하거나 변조한 자 2. 위조되거나 변조된 접근매체를 판매알선ㆍ판매ㆍ수출 또는 수입하거나 사용한 자 3. 분실되거나 도난된 접근매체를 판매알선ㆍ판매ㆍ수출 또는 수입하거나 사용한 자 4. 전자금융기반시설 또는 전자금융거래를 위한 전자적 장치에 침입하여 거짓이나 그 밖의 부정한 방법으로 접근매 체를 획득하거나 획득한 접근매체를 이용하여 전자금융거래를 한 자 5. 강제로 빼앗거나, 횡령하거나, 사람을 속이거나 공갈하여 획득한 접근매체를 판매알선ㆍ판매ㆍ수출 또는 수입하 거나 사용한 자 6. 삭제<2014. 10. 15.> ③전자화폐는 「형법」
제214조	[]							제214조 내지
제217조	[]	PENALTY	형벌	자	처벌한다	징역 및 벌금	MANDATORY	제217조에 정한 죄의 유가증권으로 보아 각 그 죄에 정한 형으로 처벌한다.<개 정 2014. 10. 15.> ④ 다음 각 호의 어느 하나에 해당하는 자는 5년 이하의 징역 또는 3천만원 이하의 벌금에 처한다.<신설 2020. 5. 19.> 1.
제6조제3항제1호	[]	CONCEPT	접근매체 양도·양수		양도·양수	접근매체		제6조제3항제1호를 위반하여 접근매체를 양도하거나 양수한 자
제6조제3항	[None, None, 6, 3]	REGULATION	접근매체			접근매체	PROHIBITIVE	제6조제3항제2호 또는 제3호를 위반하여 접근매체를 대여받거나 대여한 자 또는 보관ㆍ전달ㆍ유통한 자 3.
제6조제3항제4호	[]	REGULATION	위반	질권설정자 또는 질권자	위반	제6조제3항제4호		제6조제3항제4호를 위반한 질권설정자 또는 질권자
제6조제3항제5호	[]	REGULATION	불법 알선·중개·광고 및 대가 요구 행위	자	위반	알선·중개·광고 및 대가 수수·요구·약속 행위	PROHIBITIVE	제6조제3항제5호를 위반하여 알선ㆍ중개ㆍ광고하거나 대가를 수수(授受)ㆍ요구 또는 약속하면서 권유하는 행위 를 한 자 5.
제6조의3	[]	PENALTY	계좌 정보 제공·보관·전달·유통	위반자	제공받다·제공하다·보관·전달·유통	계좌와 관련된 정보		제6조의3을 위반하여 계좌와 관련된 정보를 제공받거나 제공한 자 또는 보관ㆍ전달ㆍ유통한 자 ⑤다음 각 호의 어느 하나에 해당하는 자는 3년 이하의 징역 또는 2천만원 이하의 벌금에 처한다.<개정 2008. 12. 31., 2015. 1. 20., 2016. 1. 27., 2020. 5. 19., 2023. 9. 14.> 1. 삭제<2020. 5. 19.> 2. 삭제<2020. 5. 19.> 3. 삭제<2020. 5. 19.> 4. 삭제<2020. 5. 19.> 5.
제28조	[]							제28조 또는
제29조	[]	REGULATION	부정한 방법		행하다	업무	PROHIBITIVE	제29조의 규정에 따라 허가를 받거나 등록을 하지 아니하고 그 업무를 행한 자 6. 허위 그 밖의 부정한 방법으로
제28조	[]							제28조 또는
제29조	[]	DEFINITION	허가·등록자		허가를 받거나 등록을 하다		DEFINITIONAL	제29조의 규정에 따라 허가를 받거나 등록을 한 자 6의2.
제35조의2제1항	[]	CONCEPT	소액후불결제업무	자	소액후불결제업무를 수행	소액후불결제업무	DEFINITIONAL	제35조의2제1항을 위반하여 승인을 받지 아니하고 소액후불결제업무를 한 자 7.
제37조제3항제3호	[]	PENALTY	전자화폐 거래 위반	자	위반	거래	PROHIBITIVE	제37조제3항제3호의 규정을 위반하여 다른 가맹점의 이름으로 전자화폐등에 의한 거래를 한 자 8.
제37조제3항제5호	[None, None, 37, 3]	CONCEPT	전자화폐 거래 대행자	대행자	위반하다	규정	DEFINITIONAL	제37조제3항제5호의 규정을 위반하여 전자화폐등에 의한 거래를 대행한 자
제37조제4항	[None, None, 37, 4]	PENALTY	소액후불결제업무	위반자	위반 행위 수행	가맹점	PROHIBITIVE	제37조제4항의 규정을 위반하여 가맹점의 이름으로 전자화폐등에 의한 거래를 한 자 9의2. 다음 각 목의 어느 하나에 해당하는 행위를 통하여 이용자에게 소액후불결제업무로 자금을 융통하여 준 자 또는 이를 중개ㆍ알선ㆍ권유ㆍ광고한 자 가. 재화 또는 용역의 제공을 가장하거나 실제 매출금액을 초과하여 거래하거나 이를 대행하게 하는 행위 나. 소액후불결제업무를 제공받는 이용자에게 그 소액후불결제업무로 구매하도록 한 재화ㆍ용역을 할인하여 매 입하는 행위 10. 허위 그 밖의 부정한 방법으로 전자금융거래정보를 열람하거나 제공받은 자 ⑥다음 각 호의 어느 하나에 해당하는 자는 1년 이하의 징역 또는 1천만원 이하의 벌금에 처한다.<개정 2020. 5. 19.> 1. 삭제<2008. 12. 31.> 2. 삭제<2013. 5. 22.> 3.
제37조제1항	[None, None, 37, 1]	REGULATION	재화·용역 제공 거절	위반자	거절하거나 불리하게 대우하다	재화·용역	PROHIBITIVE	제37조제1항의 규정을 위반하여 전자화폐등에 의한 거래를 이유로 재화 또는 용역의 제공을 거절하거나 이용자를 불리하게 대우한 자
제37조제2항	[]	ACTOR	가맹점수수료	자	부담하게 하다	가맹점수수료	PROHIBITIVE	제37조제2항의 규정을 위반하여 이용자에게 가맹점수수료를 부담하게 한 자 5.
제37조제3항제4호	[None, None, 37, 3]	DEFINITION	가맹점 이름 대여				DEFINITIONAL	제37조제3항제4호의 규정을 위반하여 가맹점의 이름을 타인에게 빌려준 자 6.
제45조제1항	[]	PENALTY	미수범 처벌	행위자	처벌	미수범	MANDATORY	제45조제1항의 규정에 따른 인가를 받지 아니하고 동항 각 호의 어느 하나에 해당하는 행위를 한 자 ⑦ 제1항제1호ㆍ제2호 및 제3호와 제2항제1호ㆍ제2호 및 제4호의 미수범은 처벌한다.<개정 2014. 10. 15., 2020. 5. 19.> ⑧제1항부터 제7항까지의 징역형과 벌금형은 병과할 수 있다.<개정 2020. 5. 19.>
제49조	[None, None, 49, 1]	PENALTY	벌칙	자	처한다	징역 및 벌금	MANDATORY	제49조(벌칙) ① 다음 각 호의 어느 하나에 해당하는 자는 10년 이하의 징역 또는 1억원 이하의 벌금에 처한다. <신설 2014. 10. 15., 2025. 12. 16.> 1.
제21조의4제1호	[]	DEFINITION	전자금융기반시설 접근·조작·파괴·은닉·유출		접근·조작·파괴·은닉·유출	전자금융기반시설	DEFINITIONAL	제21조의4제1호를 위반하여 전자금융기반시설에 접근하거나 저장된 데이터를 조작ㆍ파괴ㆍ은닉 또는 유출한 자 2.
제21조의4제2호	[]	PENALTY	데이터 파괴 및 악성 프로그램 투입	자	파괴하거나 투입	데이터	PROHIBITIVE	제21조의4제2호를 위반하여 데이터를 파괴하거나 컴퓨터 바이러스, 논리폭탄 또는 메일폭탄 등의 프로그램을 투 입한 자 3.
제21조의4제3호	[]	REGULATION	대량 신호·고출력 전자기파·데이터 전송	자	보내다·발생시키다	신호·고출력 전자기파·데이터 및 전자금융기반시설	PROHIBITIVE	제21조의4제3호를 위반하여 일시에 대량의 신호, 고출력 전자기파 또는 데이터를 보내거나 전자금융기반시설에 오류 또는 장애를 발생시킨 자
제25조의2제1항	[]	REGULATION	선불충전금 별도관리	자	사용	선불충전금	PROHIBITIVE	제25조의2제1항을 위반하여 선불충전금을 별도관리하지 아니하고 선불전자지급수단을 이용한 전자지급거래 외 의 다른 목적으로 사용한 자 5.
제25조의4제1항	[]	PENALTY	정산대상금액 외부관리	위반자	외부관리하지 않음 및 다른 목적으로 사용	정산대상금액	PROHIBITIVE	제25조의4제1항을 위반하여 정산대상금액을 외부관리하지 아니하고 전자지급결제대행 외의 다른 목적으로 사용 한 자 6.
제26조	[]	REGULATION	전자금융거래정보	자	제공·누설·사용	전자금융거래정보	PROHIBITIVE	제26조를 위반하여 전자금융거래정보를 타인에게 제공 또는 누설하거나 업무상 목적 외에 사용한 자(
제28조	[None, None, 28, 2]	PENALTY	접근매체 위조·변조·불법 이용	자	처벌한다	징역 및 벌금	MANDATORY	제28조제 4항에 따라 이를 준용하는 선불전자지급수단을 발행하는 자를 포함한다) ②다음 각 호의 어느 하나에 해당하는 자는 7년 이하의 징역 또는 5천만원 이하의 벌금에 처한다.<개정 2013. 5. 22., 2014. 10. 15.> 1. 접근매체를 위조하거나 변조한 자 2. 위조되거나 변조된 접근매체를 판매알선ㆍ판매ㆍ수출 또는 수입하거나 사용한 자 3. 분실되거나 도난된 접근매체를 판매알선ㆍ판매ㆍ수출 또는 수입하거나 사용한 자 4. 전자금융기반시설 또는 전자금융거래를 위한 전자적 장치에 침입하여 거짓이나 그 밖의 부정한 방법으로 접근매 체를 획득하거나 획득한 접근매체를 이용하여 전자금융거래를 한 자 5. 강제로 빼앗거나, 횡령하거나, 사람을 속이거나 공갈하여 획득한 접근매체를 판매알선ㆍ판매ㆍ수출 또는 수입하 거나 사용한 자 6. 삭제<2014. 10. 15.> 법제처 28 국가법령정보센터 전자금융거래법 ③전자화폐는 「형법」
제214조	[]							제214조 내지
제217조	[]	PENALTY	형벌	자	처벌한다	징역 및 벌금	MANDATORY	제217조에 정한 죄의 유가증권으로 보아 각 그 죄에 정한 형으로 처벌한다.<개 정 2014. 10. 15.> ④ 다음 각 호의 어느 하나에 해당하는 자는 5년 이하의 징역 또는 3천만원 이하의 벌금에 처한다.<신설 2020. 5. 19.> 1.
제6조제3항제1호	[None, None, 6, 3]	PENALTY	접근매체 양도·양수		양도·양수	접근매체	PROHIBITIVE	제6조제3항제1호를 위반하여 접근매체를 양도하거나 양수한 자 2.
제6조제3항	[]	DEFINITION	접근매체 대여·보관·전달·유통자				DEFINITIONAL	제6조제3항제2호 또는 제3호를 위반하여 접근매체를 대여받거나 대여한 자 또는 보관ㆍ전달ㆍ유통한 자 3.
제6조제3항제4호	[]	PENALTY	위반	질권설정자 또는 질권자	위반	제6조제3항제4호		제6조제3항제4호를 위반한 질권설정자 또는 질권자
제6조제3항제5호	[None, None, 6, 3]	REGULATION	권유행위	자	권유	행위	PROHIBITIVE	제6조제3항제5호를 위반하여 알선ㆍ중개ㆍ광고하거나 대가를 수수(授受)ㆍ요구 또는 약속하면서 권유하는 행위 를 한 자 5.
제6조의3	[]	PENALTY	계좌와 관련된 정보 제공·보관·전달·유통	자	제공·보관·전달·유통	계좌와 관련된 정보	PROHIBITIVE	제6조의3을 위반하여 계좌와 관련된 정보를 제공받거나 제공한 자 또는 보관ㆍ전달ㆍ유통한 자 ⑤다음 각 호의 어느 하나에 해당하는 자는 3년 이하의 징역 또는 2천만원 이하의 벌금에 처한다.<개정 2008. 12. 31., 2015. 1. 20., 2016. 1. 27., 2020. 5. 19., 2023. 9. 14.> 1. 삭제<2020. 5. 19.> 2. 삭제<2020. 5. 19.> 3. 삭제<2020. 5. 19.> 4. 삭제<2020. 5. 19.> 5.
제28조	[]							제28조 또는
제29조	[]	REGULATION	무허가 영업	무허가자	업무를 행하다	업무	PROHIBITIVE	제29조의 규정에 따라 허가를 받거나 등록을 하지 아니하고 그 업무를 행한 자 6. 허위 그 밖의 부정한 방법으로
제28조	[]							제28조 또는
제29조	[]	DEFINITION	허가·등록					제29조의 규정에 따라 허가를 받거나 등록을 한 자 6의2.
제35조의2제1항	[]	REGULATION	소액후불결제업무	자	승인을 받지 아니하고 소액후불결제업무를 하다	소액후불결제업무	PROHIBITIVE	제35조의2제1항을 위반하여 승인을 받지 아니하고 소액후불결제업무를 한 자 7.
제37조제3항제3호	[None, None, 37, 3]	REGULATION	다른 가맹점의 이름으로 전자화폐 거래	자	거래	전자화폐	PROHIBITIVE	제37조제3항제3호의 규정을 위반하여 다른 가맹점의 이름으로 전자화폐등에 의한 거래를 한 자 8.
제37조제3항제5호	[None, None, 37, 3]	PENALTY	전자화폐 거래 대행	자	대행하다	거래	PROHIBITIVE	제37조제3항제5호의 규정을 위반하여 전자화폐등에 의한 거래를 대행한 자 9.
제37조제4항	[]	PENALTY	소액후불결제업무	위반자	거래	전자화폐	PROHIBITIVE	제37조제4항의 규정을 위반하여 가맹점의 이름으로 전자화폐등에 의한 거래를 한 자 9의2. 다음 각 목의 어느 하나에 해당하는 행위를 통하여 이용자에게 소액후불결제업무로 자금을 융통하여 준 자 또는 이를 중개ㆍ알선ㆍ권유ㆍ광고한 자 가. 재화 또는 용역의 제공을 가장하거나 실제 매출금액을 초과하여 거래하거나 이를 대행하게 하는 행위 나. 소액후불결제업무를 제공받는 이용자에게 그 소액후불결제업무로 구매하도록 한 재화ㆍ용역을 할인하여 매 입하는 행위 10. 허위 그 밖의 부정한 방법으로 전자금융거래정보를 열람하거나 제공받은 자 ⑥다음 각 호의 어느 하나에 해당하는 자는 1년 이하의 징역 또는 1천만원 이하의 벌금에 처한다.<개정 2020. 5. 19.> 1. 삭제<2008. 12. 31.> 2. 삭제<2013. 5. 22.> 3. 삭제<2013. 5. 22.>
제37조제1항	[]	REGULATION	전자화폐거래에 의한 제공거절 및 불리한 대우	자	제공을 거절하거나 이용자를 불리하게 대우	재화 또는 용역	PROHIBITIVE	제37조제1항의 규정을 위반하여 전자화폐등에 의한 거래를 이유로 재화 또는 용역의 제공을 거절하거나 이용자를 불리하게 대우한 자 4.
제37조제2항	[None, None, 37, 2]	DEFINITION	가맹점수수료 부담자		부담하게 하다	이용자	DEFINITIONAL	제37조제2항의 규정을 위반하여 이용자에게 가맹점수수료를 부담하게 한 자 5.
제37조제3항제4호	[None, None, 37, 3]	ACTOR	가맹점 이름 대여	자	빌려주다	가맹점 이름		제37조제3항제4호의 규정을 위반하여 가맹점의 이름을 타인에게 빌려준 자 6.
제45조제1항	[]	PENALTY	미수범	행위자	행위	동항 각 호	MANDATORY	제45조제1항의 규정에 따른 인가를 받지 아니하고 동항 각 호의 어느 하나에 해당하는 행위를 한 자 ⑦ 제1항제1호ㆍ제2호 및 제3호와 제2항제1호ㆍ제2호 및 제4호의 미수범은 처벌한다.<개정 2014. 10. 15., 2020. 5. 19.> ⑧제1항부터 제7항까지의 징역형과 벌금형은 병과할 수 있다.<개정 2020. 5. 19.> [시행일: 2026. 12. 17.]
제49조	[]							
제50조	[]	REGULATION	양벌규정					제50조(양벌규정) ① 법인의 대표자나 법인 또는 개인의 대리인, 사용인, 그 밖의 종업원이 그 법인 또는 개인의 업무에 관하여
제49조	[]							
제216조	[]	PENALTY	벌금형	법인 또는 개인	벌금형을 부과한다	벌금형	MANDATORY	제216조에서 정한 형으로 처벌하는 경우로 한정한다), 제4항부터 제7항까 법제처 29 국가법령정보센터 전자금융거래법 지의 어느 하나에 해당하는 위반행위를 하면 그 행위자를 벌하는 외에 그 법인 또는 개인에게도 해당 조문의 벌금형 을 과(科)한다. 다만, 법인 또는 개인이 그 위반행위를 방지하기 위하여 해당 업무에 관하여 상당한 주의와 감독을 게 을리하지 아니한 경우에는 그러하지 아니하다. <개정 2014. 10. 15., 2020. 5. 19.> ② 법인의 대표자나 법인 또는 개인의 대리인, 사용인, 그 밖의 종업원이 그 법인 또는 개인의 업무에 관하여
제 49조제3항	[]							제 49조제3항(「형법」
제214조	[]							제214조,
제215조	[]							제215조 또는
제217조	[]	PENALTY	위반행위	법인 또는 개인	벌금에 처한다	벌금	MANDATORY	제217조에서 정한 형으로 처벌하는 경우로 한정한다)의 위반행위를 하면 그 행위자를 벌하는 외에 그 법인 또는 개인을 5천만원 이하의 벌금에 처한다. 다만, 법인 또는 개인이 그 위반행위를 방지하기 위하여 해당 업무에 관하여 상당한 주의와 감독을 게을리하지 아니한 경우에는 그러하지 아니하다.<개 정 2014. 10. 15.> [전문개정 2011. 11. 14.]
제51조	[]	PENALTY	과태료					제51조(과태료) ① 다음 각 호의 어느 하나에 해당하는 자(제10호의 경우에는
제28조제4항	[]	PENALTY	과태료	선불전자지급수단 발행자	부과	과태료	MANDATORY	제28조제4항 단서에 따라 해당 규정을 준용하는 선불전자지급수단을 발행하는 자를 포함한다)에게는 5천만원 이하의 과태료를 부과한다. <개정 2014. 10. 15., 2017. 4. 18., 2023. 9. 14.>
제21조	[]	REGULATION	선량한 관리자의 주의	자	위반	제21조제1항·제2항		제21조제1항 또는 제2항을 위반하여 선량한 관리자로서의 주의를 다하지 아니하거나 금융위원회가 정하는 기준을 준수하지 아니한 자 2.
제25조의2제1항	[]	REGULATION	선불충전금 별도관리	자	위반하여 별도관리하지 않다	선불충전금	PROHIBITIVE	제25조의2제1항을 위반하여 선불충전금을 별도관리하지 아니한 자 3.
제25조의2제6항	[]	PENALTY	선불충전금 양도·담보 제공	자	양도하거나 담보로 제공	선불충전금	PROHIBITIVE	제25조의2제6항을 위반하여 별도관리하는 선불충전금을 양도하거나 담보로 제공한 자 4.
제36조	[]	PENALTY	전자화폐 명칭 사용	자	사용	명칭		제36조를 위반하여 전자화폐의 명칭을 사용한 자 5.
제36조의2제1호	[]	PENALTY	경제적 이익 부여	자	부여	경제적 이익	PROHIBITIVE	제36조의2제1호를 위반하여 선불전자지급수단의 할인발행 또는 적립금 지급 등 경제적 이익을 부여한 자 6.
제36조의2제2호	[]	REGULATION	경제적 이익	자	위반	경제적 이익	PROHIBITIVE	제36조의2제2호를 위반하여 경제적 이익을 부여하고 해당 금액을 별도관리하지 아니한 자 7.
제36조의2제3호	[]	REGULATION	통지	자	통지하지 아니하다	해당 사실	PROHIBITIVE	제36조의2제3호를 위반하여 해당 사실을 기간 내에 통지하지 아니한 자 8.
Unknown	[]	REGULATION	Unknown					제36조의2제4호를 위반하여 이용자 보호 또는 건전한 거래질서를 저해할 우려가 있는 행위를 한 자 9.
제37조제5항	[]	PENALTY	제37조제5항 위반		준수하지 않다	제37조제5항	PROHIBITIVE	제37조제5항을 준수하지 아니한 자 10.
제39조제3항	[]							제39조제3항(
제29조제2항	[]	REGULATION	준용		포함한다	경우	PERMISSIVE	제29조제2항에서 준용하는 경우를 포함한다) 또는
제40조제3항ㆍ제4항	[]	DEFINITION	조사 거부·방해·기피				DEFINITIONAL	제40조제3항ㆍ제4항에 따른 검사, 자료제출, 출 석요구 및 조사를 거부 또는 방해하거나 기피한 자 11.
제42조제1항	[]	PENALTY	과태료 부과	위반자	부과	과태료	MANDATORY	제42조제1항을 위반하여 보고서를 제출하지 아니하거나 거짓의 보고서를 제출한 자 ② 다음 각 호의 어느 하나에 해당하는 자에게는 2천만원 이하의 과태료를 부과한다.<개정 2014. 10. 15., 2017. 4. 18.> 1.
제13조제2항	[]	REGULATION	전자자금이체	자	위반하다	제13조제2항	PROHIBITIVE	제13조제2항을 위반하여 전자자금이체의 지급 효력이 발생하도록 하지 아니한 자 2.
제21조의2	[]	REGULATION	정보보호최고책임자 지정	자	지정하지 않다	정보보호최고책임자	MANDATORY	제21조의2제1항 또는 제2항을 위반하여 정보보호최고책임자를 지정하지 아니하거나 정보보호최고책임자를 임 원으로 지정하지 아니한 자 3.
제21조의2제3항	[]	REGULATION	겸직 금지	자	겸직	정보보호최고책임자	PROHIBITIVE	제21조의2제3항을 위반하여 같은 조 제4항의 업무 외의 다른 정보기술부문 업무를 정보보호최고책임자로 하여 금 겸직하게 하거나 겸직한 자
제21조의3제1항	[]	DEFINITION	전자금융기반시설 취약점 분석·평가	자	위반	제21조의3제1항	DEFINITIONAL	제21조의3제1항을 위반하여 전자금융기반시설의 취약점을 분석ㆍ평가하지 아니한 자 5.
제21조의3제2항	[]	PENALTY	보완조치 이행계획 미수립·미시행	위반자	수립·시행하지 아니하다	보완조치의 이행계획		제21조의3제2항을 위반하여 보완조치의 이행계획을 수립ㆍ시행하지 아니한 자 6.
제22조제2항	[]	PENALTY	전자금융거래기록	자	파기하지 않음	전자금융거래기록	PROHIBITIVE	제22조제2항을 위반하여 전자금융거래기록을 파기하지 아니한 자 7.
제40조제6항	[None, None, 40, 6]	REGULATION	재위탁	재위탁자	재위탁	제3자	PROHIBITIVE	제40조제6항을 위반하여 제3자에게 재위탁을 한 자 ③ 다음 각 호의 어느 하나에 해당하는 자(제1호, 제6호부터 제8호까지 및 제10호의 경우에는
제28조제4항	[]	PENALTY	과태료	선불전자지급수단 발행자	부과	과태료	MANDATORY	제28조제4항에 따라 해당 규정을 준용하는 선불전자지급수단을 발행하는 자를 포함한다)에게는 1천만원 이하의 과태료를 부과한다.<개 정 2017. 4. 18.> 1.
제7조제2항	[None, None, 7, 2]	ACTOR	거래내용 서면 교부	자	교부하지 아니하다	서면	PROHIBITIVE	제7조제2항을 위반하여 거래내용에 관한 서면을 교부하지 아니한 자 2.
제8조제2항 및 제3항	[]	REGULATION	오류 원인과 처리 결과 미통보	자	알리지 않음	오류의 원인과 처리 결과	PROHIBITIVE	제8조제2항 및 제3항을 위반하여 오류의 원인과 처리 결과를 알리지 아니한 자 3.
제18조제2항	[None, None, 18, 2]	PENALTY	선불전자지급수단·전자화폐 양도·담보 제공	위반자	양도·제공	선불전자지급수단 및 전자화폐	PROHIBITIVE	제18조제2항을 위반하여 선불전자지급수단 또는 전자화폐를 양도하거나 담보로 제공한 자
제21조제4항	[]	DEFINITION	계획 미제출자	위반자	제출하지 않음	계획	DEFINITIONAL	제21조제4항을 위반하여 정보기술부문에 대한 계획을 제출하지 아니한 자 5.
제21조의3제1항	[]	REGULATION	보고 의무 위반	자	보고하지 않다	취약점 분석·평가 결과	PROHIBITIVE	제21조의3제1항을 위반하여 전자금융기반시설의 취약점 분석ㆍ평가의 결과를 보고하지 아니한 자 6.
제21조의5제1항	[]	PENALTY	침해사고 미신고	자	알리지 않다	침해사고	PROHIBITIVE	제21조의5제1항을 위반하여 침해사고를 알리지 아니한 자 7.
제22조제1항	[]							제22조제1항(
제29조제2항	[]	REGULATION	기록	자	위반	기록	PROHIBITIVE	제29조제2항에서 준용하는 경우를 포함한다)을 위반하여 기록을 생성하거나 보존하지 아니한 자 8.
제24조	[]	DEFINITION	약관의 명시·설명·교부·게시·통지 위반자				DEFINITIONAL	제24조제1항 또는 제3항을 위반하여 약관의 명시, 설명, 교부를 하지 아니하거나 게시 또는 통지하지 아니한 자 9.
제25조제1항	[]	DEFINITION	제25조제1항 위반자		위반 및 미보고	금융위원회		제25조제1항을 위반하여 금융위원회에 보고하지 아니한 자 10.
제27조제1항	[]	PENALTY	분쟁처리 절차	자	위반	분쟁처리 절차	PROHIBITIVE	제27조제1항을 위반하여 분쟁처리 절차를 마련하지 아니한 자 11. 삭제<2017. 4. 18.> 12.
제42조제1항	[]		위반					제42조제1항을 위반하여
제28조제1항 및 제2항	[]	PENALTY	과태료	금융위원회	부과·징수	과태료	MANDATORY	제28조제1항 및 제2항의 업무별로 다른 업무와 구분하여 회계처리를 하지 아니한 자 ④ 제1항부터 제3항까지의 규정에 따른 과태료는 대통령령으로 정하는 바에 따라 금융위원회가 부과ㆍ징수한다. <개정 2017. 4. 18.> [전문개정 2013. 5. 22.]
제51조	[]	PENALTY	과태료	자				제51조(과태료) ① 다음 각 호의 어느 하나에 해당하는 자(제10호의 경우에는
제28조제4항	[]	PENALTY	과태료	선불전자지급수단 발행자	부과	과태료	MANDATORY	제28조제4항 단서에 따라 해당 규정을 준 용하는 선불전자지급수단을 발행하는 자를 포함한다)에게는 5천만원 이하의 과태료를 부과한다. <개정 2014. 10. 15., 2017. 4. 18., 2023. 9. 14., 2025. 12. 16.>
제21조	[]	DEFINITION	위반자		위반하다	제21조제1항 또는 제2항	DEFINITIONAL	제21조제1항 또는 제2항을 위반하여 선량한 관리자로서의 주의를 다하지 아니하거나 금융위원회가 정하는 기준을 준수하지 아니한 자
제25조의2제1항	[]	ACTOR	선불충전금 별도관리	위반자	별도관리하지 않다	선불충전금	DEFINITIONAL	제25조의2제1항을 위반하여 선불충전금을 별도관리하지 아니한 자 3.
제25조의2제6항	[]	ACTOR	선불충전금 양도·담보 제공		양도하거나 담보로 제공	선불충전금	PROHIBITIVE	제25조의2제6항을 위반하여 별도관리하는 선불충전금을 양도하거나 담보로 제공한 자 4.
제25조의4제1항	[]	DEFINITION	외부관리 미이행		위반	정산대상금액	DEFINITIONAL	제25조의4제1항을 위반하여 정산대상금액을 외부관리하지 아니한 자
제25조의4제5항	[]	REGULATION	정산대상금액	자	양도하거나 담보로 제공	정산대상금액	PROHIBITIVE	제25조의4제5항을 위반하여 정산대상금액을 양도하거나 담보로 제공한 자 6.
제33조의3	[]	DEFINITION	위반자		위반	제33조의3	DEFINITIONAL	제33조의3을 위반하여 변경허가를 받지 아니하거나 변경등록을 하지 아니한 자 7.
제36조	[]	PENALTY	전자화폐 명칭 사용	자	사용	전자화폐 명칭	MANDATORY	제36조를 위반하여 전자화폐의 명칭을 사용한 자 8.
제36조의2제1호	[]	PENALTY	경제적 이익 부여	자	부여	경제적 이익	PROHIBITIVE	제36조의2제1호를 위반하여 선불전자지급수단의 할인발행 또는 적립금 지급 등 경제적 이익을 부여한 자 9.
제36조의2제2호	[]	DEFINITION	경제적 이익 부여 및 별도관리 미이행자				DEFINITIONAL	제36조의2제2호를 위반하여 경제적 이익을 부여하고 해당 금액을 별도관리하지 아니한 자
제36조의2제3호	[]	REGULATION	통지 의무 위반	자	통지하지 않다	해당 사실	PROHIBITIVE	제36조의2제3호를 위반하여 해당 사실을 기간 내에 통지하지 아니한 자 11.
제36조의2제4호	[]	REGULATION	위반 행위	자	위반하다	행위	PROHIBITIVE	제36조의2제4호를 위반하여 이용자 보호 또는 건전한 거래질서를 저해할 우려가 있는 행위를 한 자 12.
제36조의3제2항	[]	DEFINITION	시정명령	시정명령 이행불이행자	이행하지 않다	시정명령	DEFINITIONAL	제36조의3제2항에 따른 시정명령을 이행하지 아니한 자 13.
제37조제5항	[]	DEFINITION	제37조제5항 위반자				DEFINITIONAL	제37조제5항을 준수하지 아니한 자 14.
제39조제3항	[]							
제29조제2항	[None, None, 29, 2]	REGULATION	준용		포함한다	경우	PERMISSIVE	제29조제2항에서 준용하는 경우를 포함한다) 또는
제40조제3항ㆍ제4항	[]	PENALTY	조사 거부·방해·기피	자	거부·방해·기피	검사·자료제출·출석요구·조사	PROHIBITIVE	제40조제3항ㆍ제4항에 따른 검사, 자료제출, 출석요구 및 조사를 거부 또는 방해하거나 기피한 자 15.
제42조제1항	[]	PENALTY	과태료 부과	해당자	부과	과태료	MANDATORY	제42조제1항을 위반하여 보고서를 제출하지 아니하거나 거짓의 보고서를 제출한 자 ② 다음 각 호의 어느 하나에 해당하는 자에게는 2천만원 이하의 과태료를 부과한다.<개정 2014. 10. 15., 2017. 4. 18., 2025. 12. 16.> 1.
제13조제2항	[]	ACTOR	전자자금이체	자	발생하도록 하지 않다	전자자금이체의 지급 효력	PROHIBITIVE	제13조제2항을 위반하여 전자자금이체의 지급 효력이 발생하도록 하지 아니한 자 2.
제21조의2	[]	PENALTY	정보보호최고책임자 지정	자	지정하지 않다	정보보호최고책임자	PROHIBITIVE	제21조의2제1항 또는 제2항을 위반하여 정보보호최고책임자를 지정하지 아니하거나 정보보호최고책임자를 임 원으로 지정하지 아니한 자 3.
제21조의2제3항	[]	REGULATION	겸직 금지	자	겸직	정보보호최고책임자	PROHIBITIVE	제21조의2제3항을 위반하여 같은 조 제4항의 업무 외의 다른 정보기술부문 업무를 정보보호최고책임자로 하여 금 겸직하게 하거나 겸직한 자
제21조의3제1항	[]	DEFINITION	전자금융기반시설 취약점 분석·평가		분석·평가하지 않다	전자금융기반시설의 취약점	DEFINITIONAL	제21조의3제1항을 위반하여 전자금융기반시설의 취약점을 분석ㆍ평가하지 아니한 자 5.
제21조의3제2항	[]	CONCEPT	보완조치의 이행계획	자	위반하고 수립·시행하지 않다	보완조치의 이행계획	PROHIBITIVE	제21조의3제2항을 위반하여 보완조치의 이행계획을 수립ㆍ시행하지 아니한 자 6.
제22조제2항	[]	PENALTY	전자금융거래기록 파기	자	파기하지 않다	전자금융거래기록	PROHIBITIVE	제22조제2항을 위반하여 전자금융거래기록을 파기하지 아니한 자 법제처 31 국가법령정보센터 전자금융거래법 7.
제40조제6항	[]	DEFINITION	재위탁				DEFINITIONAL	제40조제6항을 위반하여 제3자에게 재위탁을 한 자 8.
제42조의2제2항	[]	REGULATION	공시	자	공시하지 아니하다	필요한 사항		제42조의2제2항을 위반하여 이용자 등을 보호하기 위하여 필요한 사항을 공시하지 아니한 자 ③ 다음 각 호의 어느 하나에 해당하는 자(제1호, 제6호부터 제8호까지 및 제10호의 경우에는
제28조제4항	[]	PENALTY	과태료 부과	선불전자지급수단 발행자	부과	과태료	MANDATORY	제28조제4항에 따라 해당 규정을 준용하는 선불전자지급수단을 발행하는 자를 포함한다)에게는 1천만원 이하의 과태료를 부과한다.<개 정 2017. 4. 18.> 1.
제7조제2항	[]	DEFINITION	서면 교부 의무 위반자		교부하지 않다	서면	DEFINITIONAL	제7조제2항을 위반하여 거래내용에 관한 서면을 교부하지 아니한 자 2.
제8조제2항 및 제3항	[]	REGULATION	오류 알리지 않음	위반자	알리지 않음	오류의 원인 및 처리 결과	PROHIBITIVE	제8조제2항 및 제3항을 위반하여 오류의 원인과 처리 결과를 알리지 아니한 자 3.
제18조제2항	[]	PENALTY	선불전자지급수단·전자화폐의 양도·담보 제공		양도·담보 제공	선불전자지급수단·전자화폐	PROHIBITIVE	제18조제2항을 위반하여 선불전자지급수단 또는 전자화폐를 양도하거나 담보로 제공한 자 4.
제21조제4항	[]	DEFINITION	정보기술부문 계획 미제출	자	제출하지 않다	계획	DEFINITIONAL	제21조제4항을 위반하여 정보기술부문에 대한 계획을 제출하지 아니한 자 5.
제21조의3제1항	[None, None, 21, 1]	PENALTY	보고 의무 위반	자	보고하지 않다	취약점 분석ㆍ평가 결과	PROHIBITIVE	제21조의3제1항을 위반하여 전자금융기반시설의 취약점 분석ㆍ평가의 결과를 보고하지 아니한 자 6.
제21조의5제1항	[]	PENALTY	침해사고 미신고	위반자	알리지 않다	침해사고	PROHIBITIVE	제21조의5제1항을 위반하여 침해사고를 알리지 아니한 자 7.
제22조제1항	[]							
제29조제2항	[None, None, 29, 2]	REGULATION	기록	위반자	위반	기록	PROHIBITIVE	제29조제2항에서 준용하는 경우를 포함한다)을 위반하여 기록을 생성하거나 보존하지 아니한 자 8.
제24조	[]	DEFINITION	약관의 명시·설명·교부·게시·통지 위반자				DEFINITIONAL	제24조제1항 또는 제3항을 위반하여 약관의 명시, 설명, 교부를 하지 아니하거나 게시 또는 통지하지 아니한 자 9.
제25조제1항	[]	DEFINITION	제25조제1항 위반자		위반 및 미보고	금융위원회		제25조제1항을 위반하여 금융위원회에 보고하지 아니한 자 10.
제27조제1항	[None, None, 27, 1]	REGULATION	분쟁처리 절차	자	위반	분쟁처리 절차	PROHIBITIVE	제27조제1항을 위반하여 분쟁처리 절차를 마련하지 아니한 자 11. 삭제<2017. 4. 18.> 12.
제42조제1항	[]	PENALTY	위반		위반	제42조제1항		제42조제1항을 위반하여
제28조제1항 및 제2항	[]	PENALTY	과태료	금융위원회	부과·징수	과태료	MANDATORY	제28조제1항 및 제2항의 업무별로 다른 업무와 구분하여 회계처리를 하지 아니한 자 ④ 제1항부터 제3항까지의 규정에 따른 과태료는 대통령령으로 정하는 바에 따라 금융위원회가 부과ㆍ징수한다. <개정 2017. 4. 18.> [전문개정 2013. 5. 22.] [시행일: 2026. 12. 17.]
제51조	[]							제51조
제1조	[]	REGULATION	시행일	법	시행	날	MANDATORY	제1조(시행일) 이 법은 공포 후 1년이 경과한 날부터 시행한다. 다만,
제42조제3항	[None, None, 42, 3]							제42조제3항 및
제42조의2제1항	[]							제42조의2제1항(
제25조의2	[]	REGULATION	선불충전금 별도관리 기준	개정규정	시행한다	공포한 날	MANDATORY	제25조의2에 따른 선불충전금 별도관리의 기준에 관한 부분으로 한정한다)의 개정규정은 공포한 날부터 시행한다.
제2조	[]	REGULATION	외부관리 기준					제2조(정산대상금액의 외부관리 기준에 관한 특례)
제25조의4제1항	[]	REGULATION	정산대상금액		관리	정산대상금액	MANDATORY	제25조의4제1항의 개정규정에도 불구하고 이 법 시행일부터 2년 이 되는 날까지는 다음 각 호의 구분에 따른 기준에 따른 정산대상금액을 같은 항 각 호의 개정규정의 어느 하나에 해당하는 방법으로 관리하여야 한다. 1. 이 법 시행일부터 1년이 되는 날까지: 정산대상금액의 100분의 60 이상 2. 이 법 시행일부터 1년이 경과한 날부터 1년간: 정산대상금액의 100분의 80 이상
제3조	[]	REGULATION	경과조치	전자금융업자				제3조(자본금 등 요건 기준의 변경에 따른 경과조치) 이 법 시행 당시 종전의 규정에 따라 등록한 전자금융업자는
제30조제3항	[]	REGULATION	자본금·출자총액·기본재산 요건		갖추다	자본금ㆍ출자총액 또는 기본재산 요건	MANDATORY	제 30조제3항의 개정규정에도 불구하고 이 법 시행일부터 1년 이내에 같은 개정규정에 따른 자본금ㆍ출자총액 또는 기본재산 요건을 갖추어야 한다.
